:10400000007F00204D760000F57400004976000026
:1040100049760000497600004976000049760000A4
:1040200000000000000000000000000049760000D1
:104030004976000000000000497600004976000043
:104040000000000000000000000000000000000070
:104050000000000000000000000000000000000060
:104060000000000000000000000000000000000050
:104070000000000000000000000000000000000040
:104080000000000000000000000000000000000030
:104090000000000000000000000000000000000020
:1040A0000000000000000000000000000000000010
:1040B0000000000000000000000000000000000000
:1040C00010B5054C237833B9044B13B10448AFF352
:1040D00000800123237010BD50020020000000006A
:1040E0001009010008B5034B1BB103490348AFF3A6
:1040F000008008BD000000005402002010090100EB
:1041000008B50121052005F0BBFD0121062005F0C1
:10411000B7FD0121032005F0B3FD01210D2005F0BD
:10412000AFFD0021052005F0C3FD0021062005F0AC
:10413000BFFD0021032005F0BBFD00210D20BDE8DF
:10414000084005F0B5BD08B501210D2005F0B0FD12
:104150000121052005F0ACFD4FF4FA6005F036FEB4
:104160000021052005F0A4FD00210D2005F0A0FD93
:104170004FF4967005F02AFE01210D2005F098FD00
:104180000121062005F094FD4FF4FA6005F01EFEB3
:104190000021062005F08CFD00210D2005F088FD92
:1041A0004FF4967005F012FE01210D2005F080FD00
:1041B0000121032005F07CFD4FF4FA6005F006FEB6
:1041C0000021032005F074FD0D20002105F070FD95
:1041D0004FF47A70BDE8084005F0F8BD08B505F069
:1041E000DBFD002008BD27207047704737B5FFF77B
:1041F000FCFF01210D2005F043FD00210D2005F0FD
:1042000057FD68460722032107F0BEFEBDF80030C7
:104210001C4CC3F384130125684607220521E5548D
:1042200007F0B2FEBDF80030C3F3841368460722DE
:104230000621E55407F0A8FEBDF80030C3F384134F
:10424000684607220921E55407F09EFEBDF80030BC
:10425000C3F38413684607220A21E55407F094FE4D
:10426000BDF80030C3F3841307220B216846E554E0
:1042700007F08AFEBDF80030C3F38413E55403B0A1
:1042800030BD00BF4A03002030B5836A85B00446C4
:104290008C4601ADABB193E8070085E80700626882
:1042A000117883F804C0E26A9A6019601846626A5D
:1042B0009047A36A1BB195E8070083E8070005B0A3
:1042C00030BD2B46EBE700BF10B4EFF30383103B88
:1042D0005BB203F1C001204A204C52F821006FF379
:1042E000104042F8210054F82330D3E906218A42D5
:1042F0001BD0186940B393F820400F2C0BD9996854
:10430000496840F82210D96901328A429A610CD07A
:104310005DF8044B7047072C19D8996809798154C6
:10432000D96901328A429A61F2D15B680C4993F9EA
:1043300003305DF8044B5809012203F01F0302FA11
:1043400003F341F82030704798684068DCE79C68C8
:10435000A48820F81240D7E700600040B80200208F
:1043600000E100E0F0B5EFF30383103B5BB203F133
:10437000C0022F492F4C51F822006FF3104041F832
:10438000220054F823305868026A002A30D092F88C
:1043900001C0DC695A69BCF1010F17D094420FD0FB
:1043A000D96841B393F820000F280AD807289868E5
:1043B00095BF895C31F812100171818001325A6118
:1043C000F0BD986851F822104160F7E704F1FF3E14
:1043D000724513D001690029E0D090F90310164806
:1043E0004D0901F01F010CFA01F140F82510D5E745
:1043F0005A69DC69D2E798684160DFE790F903E029
:104400000EF1C0064FEA5E10800051F8267000F1F0
:10441000604000F561400EF01F0E0CFA0EF56FF3D0
:10442000104741F82670C0F880510560B6E700BF1C
:1044300000600040B802002000E100E010B4EFF39B
:104440000383103B5BB2324A324C03F1C00152F895
:1044500021006FF3104042F8210054F823008268D5
:10446000D278920706D54268527A012A02D05DF8C6
:10447000044B70475909284C0122203103F01F03D7
:1044800002FA03F344F82130BFF34F8FBFF36F8F6D
:10449000436893F90230002B2FDB5909203103F0D8
:1044A0001F0302FA03F344F82130BFF34F8FBFF329
:1044B0006F8FD0E90114237891F902106FF38613FE
:1044C0000029237014DB01F1C00C114C4B099B0037
:1044D00001F01F018A4003F1604354F82C1003F5EA
:1044E00061436FF3104144F82C10C3F880211A6027
:1044F0005DF8044B0121FFF7C7BE82685DF8044BED
:1045000013786FF3861313700121FFF7BDBE00BF50
:1045100000600040B802002000E100E070B5EFF359
:104520000384103C314B64B253F82460736893F9F0
:104530000230002B42DB5A092D492032012003F0C2
:104540001F0300FA03F341F82230BFF34F8FBFF38C
:104550006F8FD6E9012392F902101A7800296FF3C0
:1045600086121A7015DB01F1C00C224D4A09920027
:1045700001F01F0100FA01F102F1604255F82C0030
:1045800002F561426FF3104045F82C00C2F880112B
:104590001160DA780021D5B21207D97021D4EB0767
:1045A00012D405F01405142D16D0124BC03453F854
:1045B00024206FF3104243F8242070BDB3681A78AA
:1045C0006FF386121A70E4E70421304605F01405F3
:1045D000FFF75AFE142DE8D108213046FFF754FEAC
:1045E000E3E705213046FFF74FFED8E7B802002089
:1045F00000E100E000600040036A70B5044698786E
:1046000000F07B0098700D46217841B32261E26989
:10461000E5601069002841D0226982B1A3788168E1
:1046200000688E68E16803F00303013B22FA03F39C
:10463000002222619BB2B04780B9236A21789A7820
:1046400042F080029A7039BB94F802C00CF0030C5F
:10465000BCF1020F1AD02A78DA70002070BD94F8ED
:1046600002C0E0690CF0030E0069A2EB0E022261A9
:1046700005EB0E02E2600028CED19A780CF0030C14
:1046800042F08002BCF1020F9A70E4D12A8842F411
:104690007E420020DA8170BD002070BD9A7842F021
:1046A00080029A7070BD00BF036A91F801C09A78C9
:1046B00000B502F07B0E02F00B029A700022C2607D
:1046C0008878587010461A786CF301021A70CA780C
:1046D0009A7493F807C00A780CF0A30102F05C0208
:1046E0000A43DA7183F802E05DF804FB10B5D0E903
:1046F0000721002343608B7092F905202F4904465F
:1047000050090123203002F01F0203FA02F241F89F
:104710002020BFF34F8FBFF36F8FE26992F90B2018
:104720005009203002F01F0203FA02F241F8202063
:10473000BFF34F8FBFF36F8FE26992F907205009E3
:10474000203002F01F0203FA02F241F82020BFF3EA
:104750004F8FBFF36F8FE26992F90920500902F081
:104760001F02934000F1200241F82230BFF34F8F27
:10477000BFF36F8FE369DA6822B1936810681B6A30
:104780009847E3691B691BB19A681868136A9847D0
:10479000EFF31081012383F31088E369084A1C7842
:1047A000D2F800014FF00043E3400343C2F8003168
:1047B000D2F8003181F31088002010BD00E100E044
:1047C000006F0440F0B5846A85B005460F469446F4
:1047D0006E46B4B194E80F0086E80F00EB691B78D1
:1047E00084F804C02360EB6A2046C4E902736B6A54
:1047F0009847AC6A1CB196E80F0084E80F0005B03A
:10480000F0BD3446EAE700BF8C46516830B4029CE4
:104810000D6880B91C609CF8010038B9E8784FF049
:10482000010C0B346CF30510E8701C609368106881
:104830001B6830BC184704F10C001860EBE700BFA0
:104840002DE9F0470D4609780323CB4013F001030F
:1048500001F1007218BF1023037002F560528378D3
:104860005201012161F301030262A9696A6942628E
:104870000022C0E90A21C56183706B7882B00446CA
:1048800023B98378022262F30103837095F90B0048
:10489000594B95F80AC04209203200F01F06012149
:1048A00001FA06F643F82260BFF34F8FBFF36F8F14
:1048B000524A534E00F1C0074FEA0C1C52F827E051
:1048C0006FF3104E42F827E01F185FFA8CFC87F850
:1048D00000C346F8204095F9050095F804C0470943
:1048E000203700F01F0E01FA0EFE43F827E0BFF359
:1048F0004F8FBFF36F8F00F1C00703EB000852F832
:1049000027E04FEA0C1C5FFA8CFC6FF3104E42F864
:1049100027E088F800C346F8204095F9070095F88D
:1049200006C04709203700F01F0E01FA0EFE43F8BB
:1049300027E0BFF34F8FBFF36F8F00F1C00703EB8A
:10494000000852F827E04FEA0C1C5FFA8CFC6FF36A
:10495000104E42F827E088F800C346F8204095F949
:10496000090095F808C04709203700F01F0E01FA2A
:104970000EF143F82710BFF34F8FBFF36F8F00F195
:10498000C0074FEA0C1152F827C003446FF3104CD4
:1049900042F827C0C9B283F80013EA6846F82040FD
:1049A00072B153681B684FF4002143F8041B216A5D
:1049B00005310091E1692078FFF726FF0646B0B97E
:1049C0002A69FAB153681B684FF0006143F8081B6D
:1049D000216A03310091E1692078FFF715FF06464F
:1049E00080B1EB681BB19A681868136A9847304623
:1049F00002B0BDE8F08700BF00E100E000600040C9
:104A0000B8020020EFF31080012383F31088984B45
:104A10002E78D3F800214FF00041F14022EA010244
:104A2000C3F80021D3F8003180F31088236AE069CD
:104A300000229A701A715A729A72DA725A8329781D
:104A400040F20722CA40D20744BF4022DA7406224D
:104A50001A7722787AB1C168013A002900F0FE8005
:104A60000126120391B2314341F006029A829A8ADA
:104A700092B29142FBD1EA78A978D20042EA0112BF
:104A80006978032900F0D780002914BFF221E221C0
:104A9000ED69D2B21A7099712A7B520002F00202BB
:104AA0005A736A78A97800261E7295F800C0D20160
:104AB000490101F02001D2B20A43ACF102010129FF
:104AC00040F2BD80D2B2DA716A6891785970197873
:104AD000567866F301011970D17899741278D979F2
:104AE00002F05C0201F0A3010A43DA710027C4E975
:104AF0000377C4E9057790F905105E4E01F1C00E09
:104B00004A0956F82E80920067F3104802F160427D
:104B100046F82E8002F561424FF0010E01F01F01B0
:104B20000EFA01F1C2F88011116090F90B1001F139
:104B3000C0094A0956F829A0920002F1604202F524
:104B4000614267F3104A01F01F0146F829A00EFAEE
:104B500001F1C2F88011116090F9071001F1C0094C
:104B60004A0956F829A0920002F1604202F561421A
:104B700001F01F0167F3104A46F829A00EFA01F16F
:104B8000C2F88011116090F9091001F1C0004A09C2
:104B900056F82090920002F1604267F3104946F8FF
:104BA000209002F561420CF0030C01F01F010EFA97
:104BB00001F14CF0700CC2F88011116083F802C052
:104BC0006B8923814FF6FF7843452DD0EFF3108199
:104BD0008EF31088284A13681BB92848C3704023F5
:104BE000C37013680133136081F31088218924484E
:104BF0000B0A1B0153FA81F150F8213023F0011305
:104C000023F4404343F0040340F82130EFF31081D4
:104C1000012383F31088136813B11368013B1360F9
:104C20001368B3B181F31088164B636000263046D9
:104C300002B0BDE8F08742F04002F22128E7BCF163
:104C4000020F08BF42F01002FF21D2B25970DA7190
:104C50004CE70A4A8020D370D070E3E7C169097A33
:104C60001140090201F4706141F00106F9E600BF4C
:104C7000006F044000600040B4020020000D0440BA
:104C800000080440554943532DE9F04F1E46FF23C9
:104C9000B37033786FF382038BB033708023F3707B
:104CA000554B0992554A1B6A12680191C3F3026180
:104CB0008A40C3F30233DA40514B07900021100AB7
:104CC00006920891059002910093A2FB03BA099BFA
:104CD000009A93426EDA9DF8203003930027494BE7
:104CE000039ADD5DC5F34003C5F3800504932B43B0
:104CF000934256D1444B33F81780079B03FB08F8C7
:104D0000069BB3FBF8F2541EFF2C4AD802FB08F9AD
:104D10001DE0059BB9FBF3F37F2B03FB00F040D9AB
:104D20000028B8BFFF300012A0F5C330A03800281B
:104D3000009AB8BF4042824240DC029BF370337855
:104D400043F00403A9EB0809337054B3013C4A460D
:104D50004FEAE9735846514607F06EFE019A002A61
:104D6000D7D1A0F5C333A03B002B009AB8BF5B425C
:104D70009A4216DD0093234BB470DA5D3378C2F3A8
:104D8000000161F38613049961F3041365F3C3030F
:104D900033707378C2F3C10262F301037370019B35
:104DA000029301370D2F9AD1089BF3B1009B099A0A
:104DB00093421DDC00200BB0BDE8F08F0293114B35
:104DC000049AD95D33780090C1F3000060F3861334
:104DD00062F3041365F3C30333707378B470C1F3E3
:104DE000C10161F301037370A7E7012308936EE724
:104DF00003200BB0BDE8F08F00E001404403002029
:104E0000A086010044FC000054FC0000F0B5EFF364
:104E10000383103B5BB203F1C001344A344C52F8B7
:104E200021006FF3104042F8210054F82300C369B9
:104E30001B6913B1036913B1F0BD036983B9D0E9EC
:104E40000824937803F07F03002143F00403937058
:104E5000C160002CF0D0BDE8F0408022FFF7B2BC6A
:104E600005785DB3066AF18AC1F30421A9421ED216
:104E70008478C2681F4F04F0030E74460BE092F86A
:104E800000C086F80FC001311B1B2244A942C0E9B3
:104E900003230CD25BB1BEF1020FF0D1B2F800C017
:104EA0004CEA070C1FFA8CFCA6F80EC0EBE732792F
:104EB0006FF3C7123271002BBED1C0E7827802F0C7
:104EC00003010229C1680BD0046A0D78E57002F075
:104ED00003029B1A0A44C0E90323002BACD1AEE7BE
:104EE0000C88056A44F47E44EC81F0E700600040E1
:104EF000B802002000FEFFFF10B582B0EFF303837D
:104F0000103B5BB203F1C001574A584C52F82100E4
:104F10006FF3104042F8210054F82340E369DB6846
:104F200013B1A369002B49D122894FF6FF739A422E
:104F300075D12278236AF2B1D98AC80612D01B8AA9
:104F4000C3F308030193A369FBB9636A2BB104227D
:104F500001992046FFF736FC22782AB1236AD98AC4
:104F6000C906E8D1BE221A7123894FF6FF72934217
:104F700031D102B010BDA17801F003010229DED0C9
:104F80005B790193A369002BDFD0A278606902F0FE
:104F9000030201A907F038FFD4E90521A37803F043
:104FA00003031A44C91AC4E9052129B9636A1BB16C
:104FB00001222046FFF706FC2278CEE7636A002133
:104FC000C4E90511002BD4D00122204602B0BDE86F
:104FD0001040FFF7F7BB1A0A1201254952FA83F372
:104FE00051F8232022F0011222F4404242F0040240
:104FF00041F82320EFF31082012383F310881D4B27
:10500000196811B11968013919601B681BB91A496F
:105010008020CB70C87082F3108802B010BDEFF30F
:105020001081012383F31088124B1A681AB91248B1
:10503000C2704022C2701A6801321A6081F310886F
:1050400022890B49130A1B0153FA82F251F82230CC
:1050500023F0011323F4404343F0050341F82230C9
:10506000236A227867E700BF00600040B802002092
:1050700000080440B4020020000D044010B5EFF316
:105080000384103C0B4B64B253F82400D0E9082190
:10509000937803F07B03937019B102220021FFF78C
:1050A00091FB054BC03453F824206FF3104243F8B2
:1050B000242010BDB80200200060004010B5EFF3BE
:1050C0000384103C194B64B253F82400037843B9AD
:1050D000837803F00303022B03D0036A5979C9B222
:1050E00003E0036A198AC1F3080193F804C01CF0B5
:1050F000100F0CF0380206D093F81CC01CF0010F02
:1051000008BF42F0400293F804C00CF0C70C83F8CB
:1051100004C0436A0BB1FFF755FB054BC03453F88D
:1051200024206FF3104243F8242010BDB802002061
:105130000060004030B5436A85B004468C4601AD3E
:10514000ABB193E8070085E807006268117883F83F
:1051500004C0A26A9A6019601846226A9047636A7E
:105160001BB195E8070083E8070005B030BD2B466A
:10517000EBE700BF10B4EFF30383103B5BB203F126
:10518000C001144A144C52F821006FF3104042F849
:10519000210054F823305A69D9698A4206D2D3E9EA
:1051A0000240A8B1805CE07001325A618A4202D0AC
:1051B0005DF8044B70471A69002AF9D19A685DF8C6
:1051C000044B937803F07B0343F004039370704720
:1051D000E070E9E700600040B802002010B4EFF38F
:1051E0000383103B5BB203F1C001174A174C52F81E
:1051F00021006FF3104042F8210054F823305A691F
:10520000D9698A4206D2D3E90240D0B1805CE0700D
:1052100001325A619A698A4207D2986819694079BD
:10522000541C9C618854D3E90621914206D19A68A6
:10523000937803F03B0343F0040393705DF8044B51
:105240007047E070E4E700BF00600040B802002053
:1052500010B5EFF30384103C0A4B64B2012153F8FC
:1052600024008268937803F003039370FFF762FFD2
:10527000C034054B53F824206FF3104243F8242028
:1052800010BD00BFB80200200060004010B5EFF371
:105290000384103C0C4B64B24FF0840C53F8240090
:1052A00083689A7802F003029A701A7983F804C02E
:1052B0000421FFF73FFFC034044B53F824206FF361
:1052C000104243F8242010BDB802002000600040C6
:1052D00003685969A1B190F82D3070B5044603F008
:1052E000FF0563B98A68038C96680868A1692A4635
:1052F000B047E269C4E90852012384F8333070BD35
:10530000704700BF70B5866B82B004460B466D4691
:105310003EB396E8030085E80300E26B337123682F
:1053200032605A6912B194F82D10A1B19B6913B182
:1053300094F82D2052B9636B30469847A36B1BB18C
:1053400095E8030083E8030002B070BD9A6818680E
:1053500013699847EFE7936810681B6998472368BB
:10536000E4E72E46D9E700BFEFF30383103B5BB2BF
:10537000044AC03352F823106FF3104142F823104F
:10538000704700BF0060004070B5EFF30383103B2F
:105390005BB2614AC03352F823106FF3104142F8F8
:1053A0002310EFF30383103B5C4A5BB252F82340B7
:1053B0002269137BC3F30000DB072CD494F82C3054
:1053C00094F82A10994216D094F82D1009B1022BA6
:1053D00041D02046FFF77CFF236994F82820DA703B
:1053E00094F82B2094F82C30013A013384F82B20C8
:1053F00084F82C3070BD94F8333003F0FF053BBBCC
:10540000236A93BB94F82E3063B352210123D172E7
:1054100084F8303070BD94F82D308BB194F8313071
:1054200073B9636AA1695279CA54D4E9082394F81C
:105430002E10013A0133C4E9082379B12269E4E767
:10544000002001215423206284F82F10D37270BDF4
:1054500084F8330070BD5223D37270BD2369542287
:10546000DA7270BD5423D37270BD94F82D1041B917
:10547000616AA069013B405C0131C4E90831D07028
:1054800070BD94F8311000292ED0216884F8315075
:105490004869002838D08969002935D0E069022898
:1054A00032D98E68831E0868B668F42191709BB269
:1054B000A2692946B0472268E36952699168106879
:1054C0008E68023B9BB22A462946B047E3692269AF
:1054D0000220023BC4E90803012184F833100023B1
:1054E000FF209372D070CBE7636AA1695279CA54E6
:1054F000D4E90832013B0132012BC4E908322269A8
:1055000004D0FF20D070BBE7012BE8D12023FF207F
:105510009372D070B4E700BF00600040B802002072
:1055200010B582B0EFF30383103B374A5BB252F8F9
:1055300023000269D37A6FF3C303D37290F82F303C
:10554000ABBB90F82A1003F0FF0C90F82C30994276
:105550001BD1036A5BB990F82D1090F830400029F8
:1055600014BF02210321A4B3D372FFF7CBFEEFF3E4
:105570000383103B5BB2254AC03352F823106FF30C
:10558000104142F8231002B010BDB3B9012929D04F
:1055900090F829C00021D17282F803C090F82B2026
:1055A0000133013A80F82B2080F82C30DFE7F0231C
:1055B000D3720121FFF7A6FED9E790F82D4004F041
:1055C000FF016CB1022BE5D190F829C04CF0010C21
:1055D000E0E7F023D372937803F0CF039370C4E72E
:1055E0008C46D7E70190FFF773FE019890F82A30B8
:1055F000012B05D190F828C0026990F82C30C9E73A
:10560000026990F82C30C3E7B80200200060004027
:10561000F0B583B0EFF30384103C154B64B253F83C
:105620002450EF68BFB16A682B6992F90D20121BF4
:1056300018BF01226E46C3B193E8030086E8030059
:105640001A706A695A601846B8472B691BB196E808
:10565000030083E80300074BC03453F824206FF3A2
:10566000104243F8242003B0F0BD3346E8E700BF02
:10567000B802002000600040EFF30383103B5BB2F0
:105680000649074A51F823100120C033087252F826
:1056900023106FF3104142F823107047B802002026
:1056A00000600040C8B2012383404AB91A040B0AC3
:1056B0005B0103F1804303F5802300209A6070476B
:1056C0009AB2F4E738B50488002C4DD04368002125
:1056D000043303EBC40040F202450C4640F2034C95
:1056E00040F2044E0FE0624530D153F8042C02F032
:1056F000B852B2F1807F14BF41F0020144F00204BD
:105700000833834211D01A88AA42ECD153F8042CF2
:1057100002F0B852B2F1807F03F1080314BF41F0E8
:10572000010144F001048342EDD1C943CDB201200F
:1057300001F042FF0D4B93F8BB2414432C4083F837
:10574000BB440120BDE8384001F006BF7245D7D107
:1057500053F8042C02F0B852B2F1807F0CBF44F031
:10576000040441F00401CBE7FF25E0E700E001403D
:1057700070B584B002AB012668460C461546ADF8FC
:105780000C100292ADF800600193FFF79BFFEFF35E
:10579000108286F310881D490B681BB91C48C37022
:1057A0004023C3700B6801330B6082F31088EA0357
:1057B0004FEA1423E4B219D41B01164A234442F8D9
:1057C0002350EFF31082012383F310880B6813B189
:1057D0000B68013B0B600B681BB90D498020CB7037
:1057E000C87082F31088002004B070BD04EB031071
:1057F000084A52F820606FF3104642F8206025F402
:10580000803642F820601B01D7E700BFB4020020B9
:10581000000D04400008044070B5C36A84B004461B
:105820008C46164601AD9BB193E8070085E807005A
:1058300083F808C0226B1846C3E90026A26A904785
:10584000E36A1BB195E8070083E8070004B070BD68
:105850002B46EDE78268012370B580F820300226E0
:10586000B323D37180F82160537904466FF30003AA
:105870005371C2690D46FFF7CFFFA368DE705A79F6
:1058800042F001025A7194F82120012A16D094F8AE
:10589000212002B170BD052DFCD194F82320002AEF
:1058A000F8D194F821201AB95A7A02F0F3025A7208
:1058B000BF210122D97184F8232070BD042DECD0C2
:1058C000082DE4D1E9E700BF30B583B0EFF30383DF
:1058D000103B5BB2454AC03352F823106FF31041BE
:1058E00042F82310EFF30383103B5BB2404A52F8B7
:1058F000234094F82230B3B9A368012284F822200F
:10590000DA7CD2B28DF805209DF8052012F0010F47
:105910005A7A14BF02F0F70202F0F3025A72AC2274
:10592000DA7103B030BD94F820304BB9A3681B7A0C
:1059300013F0080F204614BF08210421FFF78AFF47
:105940002269A2B9A368D97CC9B28DF806109DF866
:105950000610197941F010011971197941F0080107
:105960001971197962F30411197103B030BDA3697B
:10597000A1689A4209D0E268C97C581CA061D15440
:10598000E3690133E36103B030BD022584F821509F
:105990004B79E2696FF300034B7120460621FFF754
:1059A0003BFFA3682169DD705A7942F001025A7108
:1059B00091B9DA7CD2B28DF807209DF807201A79C8
:1059C00042F010021A711A7942F008021A711A791B
:1059D00061F304121A71A4E7A269E168DB7C501C30
:1059E000A0618B54E3690133E3619AE700600040F2
:1059F000B802002038B5EFF30383103B5BB2244AB2
:105A0000C03352F823106FF3104142F82310EFF324
:105A10000383103B5BB21F4A52F8234094F82030B6
:105A200093B194F8213003F0FF0263B9A3692169AF
:105A300099420ED0E269E068A168C05C88740133C5
:105A40000132C4E9063238BD05212046FFF702FFC6
:105A5000E7E723680E4993F90E3003F1C000002BED
:105A600051F8205062F3104541F8205009DB5A09E3
:105A7000094803F01F030121603201FA03F340F8E3
:105A80002230A268D37943F04003D37138BD00BF00
:105A900000600040B802002000E100E038B5EFF3FC
:105AA0000383103B204A5BB252F82340A1680B7974
:105AB0005807C3F3800217D5CA796FF38612C02343
:105AC000CA7101E0013B02D0CA795206FAD4EFF361
:105AD0000383103B5BB2154AC03352F823106FF3B7
:105AE000104142F8231038BD022584F821504B792B
:105AF00062F300034B71E26907212046FFF78CFE39
:105B0000A168CD704B7943F001034B7194F82130BB
:105B1000002BD1D1A369E269E0680132C05C8874CE
:105B20000133C4E90632C7E7B80200200060004034
:105B300010B582B0EFF30383103B3E4A5BB252F8DC
:105B4000230083685A7A91074DD1D1B211F00C0F1E
:105B50003CD0012280F8242090F82120012A65D031
:105B6000016982699142C26988BF02F1FF324FF038
:105B7000030188BFC2614FF0000EA024DC7180F8E1
:105B800020E080F822E093F805C06EF3000C83F863
:105B900005C090F82440002C43D1DF241C709F24C2
:105BA0001C7000240223C46180F82130FFF734FE0A
:105BB000EFF30383103B5BB21F4AC03352F823104C
:105BC0006FF3104142F8231002B010BDCA06EFD5A2
:105BD000DA7CD2B28DF807209DF80720DA7902F03E
:105BE000EF02DA71E4E70022A02180F82420D971C5
:105BF00080F8202080F82220597962F30001597141
:105C000090F8241081B9DF219F2219701A700021A9
:105C10000223C26980F82130C1610121FFF7FCFD38
:105C2000C6E783F809E0BCE75A72F0E7C2690221CF
:105C3000A1E700BFB80200200060004030B5836BD0
:105C400083B004460A466D46A3B193E8030085E895
:105C50000300E16B1A71626B196018469047A36BE1
:105C60001BB195E8030083E80300002384F82B3080
:105C700003B030BD2B46ECE7036902682DE9F04F15
:105C80001F241C705F241C70DF241C70546A55682C
:105C90002279564EDFF8608142F0E0021A74E27811
:105CA00042F0E0025A74A278120102F0700242F04F
:105CB00008029A7022786478012A0CBF0522042217
:105CC00042EA4402D2B2DA70494A95420CBFF72246
:105CD00077225A710027B3229F71DA7191F911204E
:105CE00091F80DC0B4184FEA0C1C5FFA8CFC84F8D4
:105CF00000C302F1C00548F822003E4C4FEA521E94
:105D000054F825904FEA8E0E67F310490EF1604E5D
:105D100044F825900EF5614E012502F01F0205FAA8
:105D200002F2CEF88021CEF8002091F90F2006EB88
:105D3000020E02F1C0098EF800C348F822004FEAB3
:105D4000521E4FEA8E0E54F829B00EF1604E0EF539
:105D5000614E02F01F0205FA02F267F3104B44F89D
:105D600029B0CEF88021CEF8002091F9102006EB62
:105D7000020E02F1C0098EF800C348F822004FEA73
:105D8000521E54F829B04FEA8E0E0EF1604E0EF5F9
:105D9000614E02F01F0267F3104B44F829B005FA78
:105DA00002F2CEF88021CEF8002091F90E100E44B8
:105DB0004A0986F800C348F8210001F1C00001F04B
:105DC0001F018D4054F82010920002F1604267F3E9
:105DD000104144F8201002F561424FF09F0AC2F8CA
:105DE0008051156083F800A0BDE8F08F00E100E06D
:105DF00040420F0000600040B802002010B483B0A1
:105E0000EFF30383103B5BB2484AC03352F82310D0
:105E10006FF3104142F82310EFF30383103B444A21
:105E20005BB252F8233093F82D20BAB99A69022A4E
:105E30001A699EBF117941F040011171D969012998
:105E400017D0D27CD2B28DF8072001219DF807200F
:105E500083F82D1003B05DF8044B7047DA69002A0F
:105E6000F8D0032A0ED0022A4ED0012A21D0196977
:105E70000DE0117941F010011171117941F0080123
:105E80001171DEE719690A7942F040020A711A6A53
:105E90005869C97C8154D3E907210131013AC3E92A
:105EA0000721002AD6D119690B7962F386130B7189
:105EB000D0E793F82A1089B319681E4C91F90F1096
:105EC0004809203001F01F0102FA01F144F82010C6
:105ED000BFF34F8FBFF36F8F1969C87940F080000F
:105EE000C871087940F01000087108794FF0040C6F
:105EF0006FF3C300087181F801C048796FF30000A7
:105F0000487183F82C20C2E719690A7942F010021F
:105F10000A710A7942F008020A71B8E719694A7AE7
:105F2000082002F0F7024A724870B0E700600040B3
:105F3000B802002000E100E0EFF30383103B5BB206
:105F4000354AC03352F823106FF3104142F8231042
:105F5000EFF30383103B5BB2304A52F8232092F8F0
:105F60002730002B37D192F829309BBBD36910B46E
:105F7000002B42D11069C1796FF3C711C023C171E1
:105F800001E0013B02D0C179C909FAD11368224A64
:105F900093F9103003F1C001002B52F821406FF348
:105FA000104442F8214009DB5A091D4C03F01F033D
:105FB0000121603201FA03F344F82230C3795DF81D
:105FC000044B43F04003C3717047022909D192F892
:105FD000300030B9704792F82610032992F8281043
:105FE000F3D0106992F824C080F812C00131013B4F
:105FF00082F8281082F827307047D2E90404116A29
:10600000013B645C84740131C2E90731002BB2D0DA
:106010005DF8044B704700BF00600040B8020020EC
:1060200000E100E010B4EFF30383103B2B4A5BB2B6
:1060300052F8233093F829201AB193F82720012A27
:1060400047D0DA69D2B11969CA796FF38612C023D1
:10605000CA7101E0013B02D0CA795206FAD4EFF3CB
:106060000383103B5BB21E4AC03352F823106FF318
:10607000104142F823105DF8044B704793F82A1042
:10608000F9B11968174C91F90F10480920304FF0F9
:10609000010C01F01F010CFA01F144F82010BFF3CC
:1060A0004F8FBFF36F8F1969C87940F08000C871B6
:1060B00004204870487962F30000487183F82CC0CE
:1060C000C2E719694B7A082203F0F7034B724A7052
:1060D000BAE793F83020002AB3D1B4E7B802002021
:1060E0000060004000E100E038B5EFF30383103BAF
:1060F0004B4A5BB2E02152F8234023695A7A597225
:10610000D506D0B202F003011FD55A78520648D402
:10611000E269012184F82B10002A5ED00025216855
:10612000DD712046FFF7A8FD94F82610A2692369C7
:10613000E56184F82810226284F82C50B322DA71C9
:1061400001212046FFF77AFD12E00029E0D1010786
:106150001BD594F82B20002A48D194F82910B3229B
:10616000002914BF02210321DA712046FFF766FDE2
:10617000EFF30383103B5BB22A4AC03352F823107B
:106180006FF3104142F8231038BD94F82C20002AF8
:10619000EED04207ECD594F82B200121002AE4D15F
:1061A000DBE70029B4D15A785506C2F38011CED569
:1061B00084F82B105A7A216802F0F702496A5A7261
:1061C000082058700A78012A0CBF03220222DA70D4
:1061D0005A7942F001025A71CAE794F82C20002A39
:1061E0009CD194F82B20002AA8D097E7E2696AB1E5
:1061F000002294F82600A169E26184F82800216257
:1062000084F82C20B322DA710121AEE794F82C2017
:10621000002AEDD194F82B20002AF3D0E8E700BF44
:10622000B80200200060004010B582B0EFF3038494
:10623000103C164B164964B253F8242050790B5C7D
:1062400003F00303032B0FD0C03451F824306FF355
:10625000104341F82430936823B1D268CDE900207F
:106260006846984702B010BD936823B1D268CDE963
:10627000002068469847064BC03453F824206FF33B
:10628000104243F8242002B010BD00BFB802002025
:10629000006000400346D3E90223002053607047AA
:1062A000D0E90123D26930B4D2E9011444F00044AA
:1062B000D0685C61D2E9045440F0004041F00041F4
:1062C0009861196100205D629C6230BC704700BF1C
:1062D000002800DA704710B400F16043114C03F558
:1062E00061430901C9B283F8001344F820200E4924
:1062F00000F1C00200F01F0C400951F8224080005C
:1063000000F1604000F561406FF31044012341F853
:10631000224003FA0CF3C0F880315DF8044B0360AF
:10632000704700BFB80200200060004070B583696C
:1063300084B004468C46164601AD9BB193E8070035
:1063400085E8070083F804C0E2691A609E60184679
:1063500062699047A3691BB195E8070083E80700CD
:1063600004B070BD2B46EDE790F800C0486EBCF15C
:10637000030F98BF01300AB1824227D310B4019CA9
:10638000496BE40754BF01F01F01C1F30441BCF1A4
:10639000030F09D9090981F0010172B9E9B9022293
:1063A0005DF8044B5A60704701F00C01A1F1040143
:1063B000B1FA81F14909002AF0D0824201D30029C3
:1063C000EDD103225DF8044B5A607047BCF1030F16
:1063D00098BF02F1FF321A6070470028DFD0F0E763
:1063E0002DE9F0470B7C0D46012101FA03F2C26052
:1063F000920716BF002201740274D5E9052103F546
:10640000800303F5F0631B0242610022EE694560E0
:10641000C0E9062184B004468360EFF310800123B5
:1064200083F31088854B297C0229D3F8081134BFE7
:106430006FF020076FF040073940C3F80811D3F818
:10644000083180F31088A3686F684FF42541196004
:10645000DA62DA639A642A78297A032A4FEAC15108
:1064600007F1FF3C00F0D58084BF41EA0241BC4601
:10647000D6E9068ED9624FF00041196100205961BA
:1064800099614FF0FF315862039098620291C3F80E
:106490001C80C3F820E0D6F82C80C3F868C0C3F88D
:1064A00064C0002A40F0A08079080139029140467A
:1064B00001224FF0030C5965996500285DD095F8CD
:1064C00000E0B76A002F71D0B97897F803900906F9
:1064D00041EA097197F8049041EA09419963B96862
:1064E000C3F88C10002965D0012148B997F81C9099
:1064F00097F81BA04FEA496949EA4A2948EA09087E
:10650000C3F8881040B996F8211096F82000490782
:1065100041EA403148EA01084FF4AA01BEF1010FF7
:10652000196402D10021D9641965E168D960C3F802
:106530003480C3F830C01A63697C95F91200224692
:10654000FFF7C6FE96F8221096F924002246FFF7C0
:10655000BFFE96F8231096F925002246FFF7B8FEF5
:106560002FB1397897F901002246FFF7B1FE344B7D
:106570002360002004B0BDE8F0873178F9B995F8C0
:1065800000E0B17800299CD0F778BEF1020F4FEA05
:10659000071141EA87113FD04BD903273943B76A26
:1065A00048EA014848F08078002F8DD19F63C3F8F6
:1065B0008870A7E7F968003918BF012195E795F8B9
:1065C00000E07178BEF1020F4FEA81194FEA01171E
:1065D00024D029D9032148EA010848EA090848EAF1
:1065E000070848F48078CCE7012A19D000901946B2
:1065F000EA68606802ABFFF7B7FEDDE9021002044B
:1066000042EA006242F0030CA368F06A42F0010221
:1066100051E741F480312BE70927BFE70921DAE789
:1066200040464FF0030C46E7002914BF092106211C
:10663000D1E7002F14BF09270627AFE7006F0440FA
:106640005450470030B4436893F91220DB69002AA4
:1066500011DB51092E4D02F01F0C2031012404FAE8
:106660000CF445F82140BFF34F8FBFF36F8F2949DA
:10667000002441F8224093F92420002A11DB51091B
:10668000234D02F01F0C2031012404FA0CF445F8CC
:106690002140BFF34F8FBFF36F8F1E49002441F895
:1066A000224093F92520002A11DB5109184D02F0F0
:1066B0001F0C2031012404FA0CF445F82140BFF3EB
:1066C0004F8FBFF36F8F1349002441F822409B6A1C
:1066D000A3B193F90130002B10DB03F01F045A091A
:1066E0000121A14020320A4C44F82210BFF34F8F01
:1066F000BFF36F8F074A002142F823108268C168F8
:106700000023036030BC184691605363704700BF9C
:1067100000E100E0B802002030B4EFF30383103B47
:106720005BB2184A184C03F1C00152F821006FF314
:10673000104042F8210054F82300446894F800C047
:10674000BCF1010F15D1D0E90254AC600024AC6457
:10675000EC642C6552F8215064F3104542F8215046
:106760005A090A4903F01F0360320CFA03F341F897
:106770002230436923B1002230BC1146FFF7D6BD59
:1067800030BC704700600040B802002000E100E02B
:106790001E4B10B4C3600B7803F001034370EFF39A
:1067A000108C012484F31088194BD3F8082122F4AB
:1067B0008012C3F80821D3F808318CF31088EFF366
:1067C000108C84F310884278D2B9C468237962F3BC
:1067D000861323718CF310884A684B78D278C4688A
:1067E000D201DB01D2B2DBB26271A3710123E3718A
:1067F0000A780270074B43605DF8044B0020704735
:10680000C26813796FF3C7131371E3E700E0054023
:10681000006F044000434144C3684278002023F8DD
:1068200012107047EFF31083012282F31088427830
:10683000C1683AB90A7942F040020A7183F31088BC
:10684000002070470A7942F080020A7183F31088B1
:1068500000207047EFF31081012383F31088427802
:1068600042B9C068037962F38613037181F310881B
:1068700000207047C26813796FF3C713137181F357
:1068800010880020704700BFEFF3108C012383F3C2
:106890001088437873B9C268117963F38611117156
:1068A000117A63F3861111728CF310880023436010
:1068B00018467047C3681A796FF3C7121A711A7AAB
:1068C0006FF3C7121A72EFE7F0B5076A8BB006468E
:1068D00067B3BE468C46BEE80F006C460FC4BEE8E8
:1068E0000F000FC49EE8030084E80300BCE80F001B
:1068F0003D460FC5BCE80F000FC59CE803008EE8BD
:106900000300F36938469847336A6BB1EE469C46FC
:10691000BEE80F00ACE80F00BEE80F00ACE80F00C7
:106920009EE803008CE803000BB0F0BD0F46E8E7DB
:1069300030B58BB0EFF30383103B5BB22E4AC0330C
:1069400052F823106FF3104142F82310EFF3038342
:10695000103B5BB2294A52F8235000212822684696
:1069600006F076FA6C6894F84D380020DBB284F8B3
:106970004D08ADF80430B4F84218C1F30012C9064E
:1069800038D543F02003ADF80430022394F853289F
:1069900084F8533894F8523803F01F03D2B2E11848
:1069A00084F8532891F8202860F3820281F8202887
:1069B0002A681268009269466A6A0393284604921C
:1069C000FFF782FFB4F84238DB0611D52B681A694D
:1069D000127D6AB193F91530002B09DB5A0908487A
:1069E00003F01F030121403201FA03F340F8223083
:1069F0000BB030BD1346DBE700600040B80200205A
:106A000000E100E02DE9F0418AB0EFF30383103B91
:106A10005BB23F4AC03352F823106FF3104142F883
:106A20002310EFF30384103C3A4B66B2002253F874
:106A30002600D0E900E595F8533885F8532895F8F5
:106A4000527807F01F07DBB207F1200285F85338B0
:106A5000130104F0FF0455F803C0CCF380718DF8E6
:106A60001910E958DEF810301B7B43EAD17303F0AC
:106A700001038DF81830002B46D1CCF38A4305EB87
:106A8000021205939188C1F3030301F00F01082955
:106A90008DF81A3035D908218DF81A1008AA00236C
:106AA00005EB071808EB030C01339CF806C202F84B
:106AB00001CB8B42F6D3DEF8003003972F440093CE
:106AC000442387F82038002307934FF48063ADF800
:106AD00004306946436A0493FFF7F6FEB5F842387E
:106AE000DB070BD5002E09DB76090B4A04F01F04E7
:106AF0000123403603FA04F442F826400AB0BDE808
:106B0000F0810029CAD1D6E72CF06043B7E700BF77
:106B100000600040B802002000E100E070B58AB0DB
:106B2000EFF30383103B5BB2214AC03352F82310CA
:106B30006FF3104142F82310EFF30383103B1D4A1B
:106B40005BB2012652F823506C6894F8532884F8FD
:106B5000536894F85238D2B203F01F0384F85328D4
:106B60000393E2184FF40063ADF804302B681B6800
:106B700000936B6A0493002382F82038694682F8F8
:106B800020382846FFF7A0FEB4F842389B070CD502
:106B90002B6893F91730002B07DB5A09064903F0DD
:106BA0001F0340329E4041F822600AB070BD00BF12
:106BB00000600040B802002000E100E08268117A25
:106BC00001F00101137AC3F340039942FAD14368FB
:106BD0001978012908D1C16893F810C004484B1EE8
:106BE0009BB240F82C101380F123137200207047E1
:106BF0006C020020D0E90223013BF1219BB21380FB
:106C000000201172704700BF8268117A01F0010103
:106C1000137AC3F340039942FAD143684FF0F40C5E
:106C2000002182F808C0117393F9123013F1210F7B
:106C300003D100230360184670478B421ADB5A09C0
:106C400010B401210F4C203203F01F0301FA03F3AB
:106C500044F82230BFF34F8FBFF36F8F43680A4A67
:106C600093F912305DF8044B42F8230000230360CF
:106C700018467047044A42F8230000230360184670
:106C8000704700BF00E100E0B8020020F0B40B7CC8
:106C900003F1401303F500631B02C0E90113EFF396
:106CA0001085012383F310880C7C394AC4F1030456
:106CB000A340D2F8084124EA0303C2F80831D2F80D
:106CC000083185F31088826800231372137AC3F3A6
:106CD000400C9B07FAD4CC6982F80AC0E378267886
:106CE0000D7A247903F00703002E42D1002D47D1FD
:106CF00014734C684768002696735372631E95722E
:106D00009BB2C4603D7C1380224B43F8254091F92F
:106D10001230B34222DB4A7C03F1604404F5614443
:106D20001201D2B284F800231B4A1C4C42F8230003
:106D300003F1C0055A0954F82570920002F160422F
:106D400066F3104744F8257002F5614203F01F0313
:106D5000012404FA03F3C2F880311360D1E905413C
:106D600000230F4A0461C0E905310260F0BC1846F7
:106D70007047502E06BF43F0500365463343B7E7D4
:106D800085F0020543EA0513DBB23546B0E700BFE4
:106D9000006F04406C020020B80200200060004038
:106DA00054474100F0B585B0EFF30383103B5BB26D
:106DB00003F1C0011B4A1C4C52F821006FF3104034
:106DC00042F8210054F82340D4E901120978137ADB
:106DD0000129DBB204D1F42103F0F0031172137224
:106DE0002769B7B1656901AECDB195E8070086E8BE
:106DF00007009B0644BF00232B71A3692B60284624
:106E0000B84763691BB196E8070083E80700A268EA
:106E1000137ADBB203F00F03137205B0F0BD3546F1
:106E2000E7E700BF00600040B802002003460020F2
:106E30001A689B8A1380704703681B88C3F3C033AA
:106E400000200B70704700BF03681031002033F83A
:106E500011301380704700BF43682DE9F041D1E93C
:106E600001250C685E6903681FFA84F8A3F80480A2
:106E70001FFA82F8A3F8148022F0405C1FFA85F80C
:106E800024F0405E25F040572243A3F808804FEAE3
:106E90001C4C3F0C4FEA1E4812F0405FA3F80680DE
:106EA000A3F816C05F8159D1CA68002A00F0988003
:106EB00015892F0522D5D2E900C7B2F80A80A3F8B8
:106EC0009050A3F89C80B2F80C80A3F89E801FFA23
:106ED0008CF8A3F89480CCF30B484FEA1C7CA3F801
:106EE000968083F892C01FFA87FCA3F898C0C7F376
:106EF0000B4C3F0FA3F89AC083F89370AF051FD4D3
:106F00000A8AA3F89050A3F88020F27892B11A88E8
:106F1000BEFA8EF11FFA82FE2EF01F0E0EF11F0E2A
:106F2000828AAEEB010E1FFA8EFE4EEA0202A3F831
:106F300000E082822B4BC0E903340020BDE8F081E1
:106F4000977C92F813C047EA0C0783F8A670D7899C
:106F5000128AA3F8A870A3F8AA20D1E7224FD7F885
:106F60002080224F3F68C8F3026C07FA0CFCC8F37C
:106F700002181F4F2CFA08FCA7FB0C7C4FEA9C1C44
:106F80001C4F41F2883808FB0CFCA7FB0C7C4FEA35
:106F90009C4C0CF1010CBCF1070F38BF4FF0070CF3
:106FA00012F080570AD05FFA8CF715F0805F83F8F3
:106FB000DE7040F2011708BF4FF48077920009D5C8
:106FC0005FFA8CFC47F40077AA0083F8DFC048BF63
:106FD00047F00207CA68BFB25F82002A7FF468AF39
:106FE00015468DE74344415200E001404403002030
:106FF000D34D621083DE1B432DE9F8430B880C460A
:107000005B0222696669C968026203F1804303F585
:10701000B8230022036081614460C26131796279E2
:107020000546A0788F074FEA0223F17843EA403300
:1070300054BF43F0400343F48863002900F0DF802D
:1070400043F42073022A08BF764A9BB208BF32F885
:1070500021C0AB8218BF4FF0000C2279E178707824
:1070600096F800E0D20342EA410242EA4010EFF310
:107070001088012181F310886B4F2288D7F808917E
:10708000C2F1100201FA02F229EA0202C7F808214D
:10709000D7F8082188F3108847F6FF572A6880B28E
:1070A0003B401380A2F810C0D08182F80CE0337905
:1070B000980700F1AD8082F88A3094F90630002BF1
:1070C00022DB227A03F1604101F561411201D2B263
:1070D00081F80023554A564942F8235003F1C00075
:1070E0005A0951F82070920002F160426FF3104784
:1070F00041F8207002F5614203F01F03012101FAFB
:1071000003F3C2F88031136094F90730002B22DBBF
:10711000627A03F1604101F561411201D2B281F856
:107120000023424A424942F8235003F1C0005A0961
:1071300051F82040920002F160426FF3104441F890
:10714000204002F5614203F01F03012101FA03F31D
:10715000C2F88031136096F90630002B22DB327AB8
:1071600003F1604101F561411201D2B281F80023BF
:107170002E4A2F4942F8235003F1C0005A0951F812
:107180002040920002F160426FF3104441F8204029
:1071900002F5614203F01F03012101FA03F3C2F873
:1071A0008031136096F90730002B22DB727A1F487A
:1071B00003F1604101F561411201D2B281F800236F
:1071C00040F8235003F1C001194A52F821006FF32F
:1071D000104042F821005A09920002F1604202F583
:1071E000614203F01F03012101FA03F3C2F8803169
:1071F0001360104BAB6000202861BDE8F883002AC3
:107200007FF420AF43F400439BB2AB82944624E763
:1072100043F0030382F88A30084600F03DF92A68FB
:10722000337948E770FC0000006F0440B80200208A
:10723000006000404344415270B40021C0E9021193
:10724000436893F906205C698A4211DB5309364E84
:10725000203302F01F0C012505FA0CF546F82350E7
:10726000BFF34F8FBFF36F8F304B43F8221043684B
:1072700093F90730002B11DB5A092B4D03F01F0C3B
:107280002032012101FA0CF145F82210BFF34F8F93
:10729000BFF36F8F254A002142F8231094F906307E
:1072A000002B11DB5A09204D03F01F0C2032012165
:1072B00001FA0CF145F82210BFF34F8FBFF36F8F27
:1072C0001A4A002142F8231094F90730002B10DBF2
:1072D00003F01F045A090121A1402032124C44F846
:1072E0002210BFF34F8FBFF36F8F104A002142F877
:1072F0002310036800221A821A80EFF310840123FE
:1073000083F3108840680A490088C0F11000834068
:10731000D1F808010343C1F80831D1F8083184F3EA
:107320001088104670BC704700E100E0B8020020F1
:10733000006F0440064B074993F826001A6A51F87B
:1073400020300549C2F30262D3400B60704700BF92
:1073500000E00140340200204403002038B5434BD4
:10736000434C444844494AF20355A3F8FE530022D3
:10737000424DA0F8002121604FF4004193F826000F
:10738000C4E90151C4E90321196A626154F820205B
:107390003B4DC1F30261CA40082009212A6083F8ED
:1073A000130483F8A21093F88024002A55D02F4BA1
:1073B000002283F8812483F8802493F8A0208AB1E6
:1073C00093F83620002A3FD0284A92F8A030D806F9
:1073D000C3F30011F9D4254882F8A01090F8A0302A
:1073E000D906FBD4214B002283F8362093F83C20A9
:1073F000D207FBD50121002283F8311083F8262023
:10740000204A1A6293F8262054F822001C6A194A6E
:10741000C4F30264E04028604FF0040C842083F839
:107420003EC083F83E004FF4254083F8D010A3F807
:10743000FE03A2F80411B2F804319BB2002BFAD17A
:107440000123A2F8003138BD93F83C20D207BBD409
:1074500093F83C20D207F7D5B6E7012183F88014D2
:1074600040F2C44000F018F8A1E700BF00E001407E
:107470003402002000C00140006CDC0200127A00DF
:107480004403002000010110704700BFA0F101007B
:107490000028FBD1704700BF30B5144D144A00FBE3
:1074A00001F14FF47A732868B2FBF0F2A1FB03C438
:1074B0004FF0FF304FF0000E60457EEB040407D321
:1074C000BCFBF2F0800878B1BDE83040FFF7DEBFCA
:1074D0009200B1FBF2F1A1FB031388427EEB0303A0
:1074E000F2D308460028EFD130BD00BF440300208E
:1074F00000CA9A3B0B4B70B5B3F840510A4E0024BA
:10750000ADB225FA04F3DB07E0B203D556F8243018
:1075100003B198470134102CF3D1024BA3F830513A
:1075200070BD00BF0060004074020020084B10B422
:10753000084C03F1200C5842C21813F8011FC03246
:10754000634544F82210F7D15DF8044B704700BF43
:107550003006010000600040EFF31081012383F347
:107560001088124B33F8102092B22AB133F8102051
:10757000013A92B223F8102033F810309BB293B93D
:107580000B4A10B4B2F8FE330A4C9BB234F8100028
:1075900043F4254323EA0003A2F8FE3381F3108865
:1075A0005DF8044B704781F3108870473803002062
:1075B00000E001407CFC000030B4EFF310810123B7
:1075C00083F310880E4A32F810309BB26BB90D4C21
:1075D0000D4DB4F8FE3335F810C09BB243EA0C03EE
:1075E00043F425439BB2A4F8FE3332F81030013344
:1075F0009BB222F8103081F3108830BC704700BF76
:107600003803002000E001407CFC00000B4A08B574
:107610000346106840B10333094923F003030344D0
:107620008B4204D8136008BD06481060F3E705F0EC
:10763000C3FB0C2303604FF0FF3008BD4003002064
:10764000007B0020701A002000BE704708B500F0D3
:1076500005F8FCF7C3FDFEE7704700BF70B5464B69
:10766000464A47484FF47004C3F888404AF2025132
:1076700098600123A2F8FE1382B082F81F3492F8BA
:10768000B134DB06FBD500204FF425460446A2F8B2
:10769000FE63FFF7E1FFFFF761FE8DF80740012071
:1076A0009DF80730FFF788FFEFF31081012585F380
:1076B0001088344BD3F8042122F00042C3F804218F
:1076C000D3F8042181F310882F4A1168C1F3000117
:1076D0008DF807101168C1F300018DF807101268CA
:1076E000C2F300028DF80720EFF3108185F31088B4
:1076F000D3F8042142F00042C3F80421D3F8043146
:1077000081F310882846FFF727FF2846FFF7A4FFDC
:107710001E4B1F499C801F4A1E8099601E49D960DC
:107720004FF48051A2F820111C481D4A9D80121A66
:10773000214605F08DFB1B481B4A1C491C4D121AA3
:1077400005F062FB1B4B5B1BA3424FEAA30605DD62
:1077500055F8043B01349847A642F9DCFFF7EAFDEF
:107760000220FFF779FFFFF7E1FE002002B0BDE83D
:107770007040FFF789BE00BF00ED00E000E001406F
:1077800000400000006F044000080440000D00406D
:10779000007B002000600040007F0020500200209D
:1077A000701A002000000020340200201C09010093
:1077B000F40100202002002000220270C0E9012212
:1077C00080F83520012280F83620DF22827770474A
:1077D0002DE9F04704464FF000081F469DF8283079
:1077E00080F8008021730375089B0361099B836106
:1077F0000B9B03620C9BDFF84091C0E90938FF2323
:107800008A4643771546002A3ED184F83520502019
:1078100004F03BFC4FF6FF73A0F8423000F1200863
:10782000DF2380F8205080F8215080F8225080F823
:107830002350C0E90955C562C0E90E55C0E90C5591
:1078400080F8443080F8453080F8405080F841504E
:10785000C0E91255C4F8288020222946064605F0C2
:10786000F7FA072FA6605AD8314ABAF1020FD35D52
:10787000114642D099F80000002856D1002B4ED175
:1078800002232777D35548E0012A48D184F83520D0
:10789000242004F0FAFB837880F8008068F3020368
:1078A00083704378C57003F0F80368F30613064647
:1078B000437080F8048080F8058080F80680A0621C
:1078C0001C224146083005F0C3FA012F666026D815
:1078D000184BBAF1020FDA5D194602D099F8000090
:1078E00028B1012A1BD802232777CB5515E0B2B95E
:1078F0000222DA552777257011E0012BF3D927777B
:10790000384601F027FC3022816A404605F07CFAB7
:10791000384601F01FFC036BA36101232370002391
:1079200089F800302078BDE8F087012BDAE700BF46
:107930004A030020480300205203002038B590F885
:10794000353004468BB9806808B9002038BD04F191
:107950000C01FEF745FD0546A068FEF7A1FC0E2DC3
:1079600001D0002DF1D10120F0E7012BEDD14068CD
:107970000028EAD004F10C010830FFF787F905462A
:1079800060680830FFF736F9E9E708B590F8353058
:107990003BB9806820B1FEF77DFCB0FA80F0400969
:1079A00008BD012B06D140680028F9D00830FFF748
:1079B00005F9F2E70020F3E708B590F835303BB958
:1079C000806820B1FEF73EFEB0FA80F0400908BDA5
:1079D000012B06D140680028F9D00830FFF714F9D0
:1079E000F2E70020F3E7FFFF38B50446FFF7E4FFB6
:1079F000606838B1237F0C4A00252421D55404F057
:107A000033FB6560A56875B1237F084AA86C002127
:107A1000D15410B1202104F027FB5021284604F056
:107A200023FB0023A36038BD480300204A03002045
:107A300010B50446FFF7D8FF204610BD01F10C0336
:107A400003608B6803B1203343604B6883607047E9
:107A5000836823B11868003018BF01207047406860
:107A60000028FBD08068F6E7F0B585B004460F46E5
:107A7000014601A81546FFF7E1FF2046FFF7E8FFA2
:107A8000064610B12046FFF797FF00F057F82A4648
:107A900001A900F01FF9054650B167772EB12046C5
:107AA000FFF74CFF2046FFF770FF284605B0F0BDFA
:107AB000DF23A377F2E7FFFF0028A8BF00F16040B3
:107AC0004FEA0111AEBF00F5614000F00F00034B1B
:107AD000C9B2ACBF80F800131954704714ED00E030
:107AE00000F1C0020A4B53F822106FF3104143F823
:107AF000221000F01F024009800000F1604000F5F4
:107B0000614001239340C0F880310360704700BF9B
:107B1000006000404309012200F01F0002FA00F05B
:107B20002033044A42F82300BFF34F8FBFF36F8F17
:107B3000704700BF00E100E07047FFFF38B50A4D15
:107B40002B78BFF35B8F13F001040BD1284604F0B0
:107B50008DFA38B1054B28461C6004F093FA0448AE
:107B600002F01DF9014838BD5403002058030020DD
:107B7000397B00002AB9304BC031012243F8212063
:107B80007047012A03D1C0312B4B0222F6E7022AAB
:107B900003D1C031284B0322F0E7032A03D1C031BF
:107BA000254B0422EAE7042A03D1C031224B0522E7
:107BB000E4E7052A03D1C0311F4B0622DEE7062A7F
:107BC00003D1C0311C4B0722D8E7072A03D1C031AB
:107BD000194B0822D2E7082A03D1C031164B0922DB
:107BE000CCE7092A03D1C031134B0A22C6E70A2A7F
:107BF00003D1C031104B0B22C0E70B2A03D1C03197
:107C00000D4B0C22BAE70C2A03D1C0310A4B0D22CE
:107C1000B4E70D2A03D1C031074B0E22AEE70E2A7E
:107C200003D1C031044B0F22A8E70F2AA8D1C031DD
:107C3000014B1022A2E700BF0060004032B91A4B8E
:107C4000C0315D2243F8212001207047012A05D16F
:107C5000C031154B652043F82100F5E7022A03D116
:107C6000C031114B6D22EDE7032A03D1C0310E4B19
:107C70007522E7E7042A03D1C0310B4B7D22E1E7EF
:107C8000052A03D1C031084B8522DBE7062A03D140
:107C9000C031054B8D22D5E7072A03D1C031024BF5
:107CA0009522CFE7002070470060004032B9C03114
:107CB000074B1E2243F8212001207047012A05D1DD
:107CC000C031034B212043F82100F5E70020704725
:107CD00000600040F8B50E4601681B4B1F290546A1
:107CE00017469C682CD8336893F91220213201D0B2
:107CF0000120F8BD7268403482B11A7CFFF79EFF04
:107D00000028F5D03268082353742B689374A7B900
:107D10000E4A44F8232001332B60EAE7B2688AB1A7
:107D20001A7CFFF7C3FF0028E2D03268082353749F
:107D30002B6893740FB9064AEBE744F82370EAE71F
:107D40000020D6E71046D4E700ED00E019670000F8
:107D5000A56D00002AB9064BC031362243F8212018
:107D60007047012AFCD1C031014B3B22F6E700BF2E
:107D7000006000402AB9064BC031352243F821206B
:107D80007047012AFCD1C031014B3A22F6E700BF0F
:107D9000006000402AB9064BC031372243F8212049
:107DA0007047012AFCD1C031014B3C22F6E700BFED
:107DB000006000402AB9064BC031382243F8212028
:107DC0007047012AFCD1C031014B3D22F6E700BFCC
:107DD000006000402AB90C4BC031992243F82120A1
:107DE0007047012A03D1C031074B9F22F6E7022AD0
:107DF00003D1C031044BA422F0E7092AF0D1C031ED
:107E0000014BA922EAE700BF006000402AB90C4BF1
:107E1000C031982243F821207047012A03D1C03194
:107E2000074B9E22F6E7022A03D1C031044BA3225E
:107E3000F0E7092AF0D1C031014BA822EAE700BFE0
:107E4000006000402AB90C4BC0319A2243F821202F
:107E50007047012A03D1C031074BA022F6E7022A5E
:107E600003D1C031044BA522F0E7092AF0D1C0317B
:107E7000014BAA22EAE700BF006000402AB90C4B80
:107E8000C0319B2243F821207047012A03D1C03121
:107E9000074BA122F6E7022A03D1C031044BA622E8
:107EA000F0E7092AF0D1C031014BAB22EAE700BF6D
:107EB000006000402AB9064BC031AE2243F82120B1
:107EC0007047012AFCD1C031014BB322F6E700BF55
:107ED000006000402AB9064BC031AD2243F8212092
:107EE0007047012AFCD1C031014BB222F6E700BF36
:107EF000006000402AB9064BC031B12243F821206E
:107F00007047012AFCD1C031014BB622F6E700BF11
:107F1000006000402AB9064BC031B02243F821204E
:107F20007047012AFCD1C031014BB522F6E700BFF2
:107F3000006000402DE9F84FB44B9F6803681F2B89
:107F40000446154603D9002062B6BDE8F88F4037D5
:107F500072B6012940F09080002AF4D09368213352
:107F600040F08880036812681A441F2AEBD86A68B8
:107F7000DFF8B48247F82320C033332248F82320A7
:107F800090F90000FFF7C6FD94F90030C0330C21D2
:107F900058F823206FF3104248F8232094F900008A
:107FA000FFF78AFD94F90000FFF79AFD2368AB60A4
:107FB0005A1C69682260C13347F82210342248F8FD
:107FC000232094F90000FFF7A5FD94F90030C03399
:107FD0000C2158F823206FF3104248F8232094F91D
:107FE0000000FFF769FD94F90000FFF779FD2368B1
:107FF00069685A1CC133226047F82210312248F8C0
:10800000232094F90000FFF785FD94F90030C03378
:108010000C2158F823206FF3104248F8232094F9DC
:108020000000FFF749FD94F90000FFF759FD2368B0
:1080300069685A1CC133226047F82210322248F87E
:10804000232094F90000FFF765FD94F90030C03358
:108050000C2158F823206FF3104248F8232094F99C
:108060000000FFF729FD94F90000FFF739FD2368B0
:1080700001332360012067E702290DD1002A3FF474
:1080800062AF93682133F5D10068136818441F2844
:108090008CBF0020012057E7032911D1002A3FF4AB
:1080A00052AF92F912302133E4D10E235374016898
:1080B000574B917447F82130127CFFF7F7FDD6E754
:1080C000042949D1002A3FF43EAF92F90730213309
:1080D00031D101680B1D202B3FF635AF0C264D4BDF
:1080E000D171967147F821301278FFF773FE01685D
:1080F000494B0131016069722E7247F821302A78AC
:10810000FFF7A0FE0168454B0131016069712E71D6
:1081100047F821302A78FFF779FE0168404B01319A
:108120000160AE72E97247F821302A78FFF7A6FEA7
:1081300003680133036095F90700FFF7D1FC95F957
:108140000900FFF7CDFC95F90500FFF7C9FC95F98B
:108150000B00FFF7C5FC8DE7002940F09480002A52
:108160003FF4F1AE137A3BBB126892F90D30213324
:108170001ED10C231373036853732A4A47F8232034
:10818000C033294A262142F823102B68686893F9E6
:108190000D101B7B01F160421B0102F56142DBB255
:1081A00082F80033214B43F8210023680133236018
:1081B0002B6893F90D00CCE7012B39D1126892F9A5
:1081C0000F3021331ED10C2393730368D373154AE8
:1081D00047F82320C033144A272142F823102B6884
:1081E000686893F90F109B7B01F160421B0102F557
:1081F0006142DBB282F800330C4B43F82100236864
:10820000013323602B6893F90F00A2E700ED00E033
:10821000A56D00000D4E00007D500000F94E0000DD
:10822000BD5000001156000000600040B802002060
:10823000022B7FF488AE126892F9113021331ED1DF
:108240000C23137403685374A84A47F82320C033DF
:10825000A74A282142F823102B68686893F9111067
:108260001B7C01F160421B0102F56142DBB282F826
:108270000033A04B43F821002368013323602B68AF
:1082800093F9110065E7052973D1002A3FF45BAE2D
:1082900016680C23737396F90F30213348D10168A7
:1082A0000B1D202B3FF64FAEF1733278DFF878824A
:1082B000DFF84092FFF74EFD90F9003008EB030223
:1082C0004FF0C00A82F800A3016849F82360013129
:1082D0002B680160B1731A78FFF74CFD90F90030FC
:1082E00008EB030282F800A3016849F8236001311A
:1082F0002B68016031741A78FFF74CFD90F900305B
:1083000008EB030282F800A3016849F823600131F9
:108310002B68016071741A78FFF74CFD90F90030FA
:10832000984488F800A349F8236003680133036088
:1083300096F90F00704B47F8203096F90E306F4ACF
:1083400047F8232096F910306D4A47F8232096F914
:1083500011306C4A47F82320FFF7C2FB96F90E0054
:10836000FFF7BEFB96F91000FFF7BAFB96F9110074
:10837000EFE6062956D1002A3FF4E5AD16680C2336
:10838000737396F90F30213341D10168CB1C202B38
:108390003FF6D9AD5C4BF17347F821303278DFF806
:1083A0008881DFF85091FFF715FD90F9003008EB58
:1083B00003024FF0C00A82F800A3016849F8236065
:1083C0000131524B0160B17347F821302B681A78A4
:1083D000FFF71CFD90F9003008EB030282F800A3C0
:1083E000016849F823600131494B0160317447F855
:1083F00021302B681A78FFF725FD90F9003098445A
:1084000088F800A349F8236003680133036096F9F4
:108410000F00FFF765FB96F90E00FFF761FB96F979
:10842000100096E607294CD1002A3FF48CAD556820
:1084300040F60C432B8295F90D30213320D1016891
:108440000B1D202B3FF67FAD69732A78FFF782FC66
:108450000168013101602A782973FFF78BFC0168FC
:10846000013101602A78A973FFF794FC016801319A
:1084700001602A78E973FFF79DFC0368013303600C
:1084800095F90D00234B47F8203095F90C30224A1E
:1084900047F8232095F90E30204A47F8232095F914
:1084A0000F301F4A47F82320FFF71AFB95F90C00FD
:1084B000FFF716FB95F90E00FFF712FB95F90F0079
:1084C00047E6082932D1002A3FF43DAD92F9023047
:1084D00021337FF4CFAD0C2353700168114B9170A1
:1084E00047F821301278FFF745FBC0E579560000C8
:1084F00000600040B8020020395F0000FD5D000010
:1085000025600000E9600000895300006953000005
:1085100021550000F5590000C95800009D5A00007F
:10852000315B00002962000000E100E0092978D1F8
:10853000002A3FF408AD566896F90230213365D120
:1085400001680B1D202B3FF6FEAC92F808A0AC4B47
:10855000D2F80090B1704FF0060B86F806B0524684
:1085600047F82130FFF7A6FCA64D96F90220B37913
:10857000DFF8BC82A9181B01DBB281F80033016867
:10858000A14B48F82290013101605246717086F883
:1085900005B047F82130FFF79DFC96F9012073796B
:1085A000A9181B01DBB281F800330168974B48F82A
:1085B0002290013101605246317186F808B047F8C7
:1085C0002130FFF7A7FC96F90420337AA9181B0184
:1085D000DBB281F8003301688D4B48F822900131FD
:1085E00001605246F17086F807B047F82130FFF776
:1085F00081FC96F90320F37915441B01DBB285F861
:108600000033036848F822900133036096F90200B2
:10861000FFF766FA96F90100FFF762FA96F904008F
:1086200097E50A297CD1002A3FF48DAC566896F96B
:108630000230213365D101680B1D202B3FF683AC3E
:1086400092F808A0734BD2F80090B1704FF0060B6F
:1086500086F806B0524647F82130FFF7BBFB694D5C
:1086600096F90220B379DFF8C881A9181B01DBB2A3
:1086700081F800330168684B48F8229001310160AD
:108680005246717086F805B047F82130FFF7BEFBFF
:1086900096F901207379A9181B01DBB281F8003328
:1086A00001685E4B48F822900131016052463171F9
:1086B00086F808B047F82130FFF7E0FB96F9042070
:1086C000337AA9181B01DBB281F800330168544BDF
:1086D00048F82290013101605246F17086F807B0E7
:1086E00047F82130FFF7AEFB96F90320F3791544E4
:1086F0001B01DBB285F80033036848F82290013390
:10870000036096F90200FFF7EBF996F90100FFF715
:10871000E7F996F90400FFF7E3F996F9030018E585
:108720000B297FF410AC002A3FF40DACD2E9001500
:108730000C232B7595F91530213356D10368DA1CBB
:10874000202A3FF600AC374A6B7547F823202A6889
:1087500022B9C033344A4A2042F8230095F9150063
:108760002B7D324E00F1604202F561421B01DBB20B
:1087700082F8003322682E4B43F82010501C2060F2
:10878000A87547F82060286820B9C13226484D26D0
:1087900040F8226095F916602A7D06F1604000F5E8
:1087A00061401201D2B280F80023226843F82610FB
:1087B000501C204E2060E87547F82060286820B9DA
:1087C000C13219484E2640F8226095F917602A7D7B
:1087D00006F16040120100F56140D2B280F800233A
:1087E00043F8261023680133236095F91500FFF73D
:1087F00077F995F91600FFF773F995F91700A8E4D2
:108800006543000000E100E0C94200001D45000092
:108810003D44000075510000DD5100008D52000004
:10882000515200003169000000600040056A0000FC
:10883000B80200201D6B000008B53C220021024850
:1088400004F006FB08BD00BF5C03002070B50024E7
:10885000064D264655F8240020B12C2103F004FCD7
:1088600045F8246001340F2CF4D170BD5C03002066
:108870000020704701207047036840F213421B6AD2
:10888000184790F83D34002BFBD07047D0F82C32BD
:108890002BB1D0F82832184490F8240070474FF0DC
:1088A000FF30704713B5044690F8A8048DF8071000
:1088B000002378B184F83C34012284F83D340DF172
:1088C000070104F58860FBF797FE94F83C34002B11
:1088D000FBD0012002B010BD0023C0F82432C0F844
:1088E0002832C0F82C32C0F83034C0F83434C0F824
:1088F000383400F58860FBF7F9BE036813B962B637
:10890000BFF36F8F704713B5EFF31083009301230C
:10891000019372B6019B5A1E01923BB1D0F82C42D2
:108920006846FFF7EAFF204602B010BD6846FFF731
:10893000E4FF4FF0FF34F6E70268224B53F8223091
:1089400013B54BB10279042A0CD0802A06D0022A32
:1089500002D1012283F83D2402B010BD012283F828
:108960003C24F9E7D3F82C22B2F5007FF4D0007A4A
:10897000EFF3108200920122019272B6019A013A3D
:10898000511C1AD0D3F82C12B1F5007F02F1FF343C
:1089900011D0D3F82412194481F82400D3F82412FA
:1089A0000131C1F30801C3F82412D3F82C120131AC
:1089B000C3F82C12E3E72246E2E768460192FFF78C
:1089C0009CFFC9E79803002013B5EFF310830093D1
:1089D0000123019372B6019B5A1E0192E3B1D0F8B4
:1089E0002C32B3B1D0F82832034493F82440D0F8A5
:1089F00028320133C3F30803C0F82832D0F82C32F0
:108A0000013BC0F82C326846FFF777FF204602B0E2
:108A100010BD4FF0FF34F6E76846FFF76EFF4FF0EA
:108A2000FF34F3E738B5044600254FF47A70C4E903
:108A30000150A3611848049BE361C4E9041220605B
:108A400029464FF4007204F1240004F001FAC4F83E
:108A500024524FF40072C4F828522946C4F82C520C
:108A600004F50C7004F0F4F90123C4F83054C4F890
:108A70003454C4F8385484F83C3484F83D34DF234B
:108A800084F8A85484F8773484F8793484F87534F9
:108A900084F87B34204638BD8CFC000010B50C46B1
:108AA000FFF74CF822460421BDE81040FFF742BA18
:108AB000F0B50369002B85B0044602DA002005B04A
:108AC000F0BD4269002AF9DB8B42F7DA8A42F5DA17
:108AD000D9B20022684602AE03F056FA0122217D87
:108AE000304603F051FA00223DF812500021AB113C
:108AF000002D45D036F81200002841D036F811007C
:108B000083EA9017FF063BD103F01F03236200287E
:108B1000D4D0092BD2DC15F4F04F23691C4E0CBFC6
:108B20004FF080624FF0A06236F8331010F4F04F2F
:108B300042F4803217480CBF4FF080654FF0A065BB
:108B4000FCF716FE6369134836F8331045F4803598
:108B50002A46FCF70DFEA3695A1C0FD0E2690132C8
:108B60000CD036F833100B482A46FCF701FEE369B7
:108B7000084836F833102A46FCF7FAFD01209EE734
:108B800001310329B4D10132032AADD196E700BFE8
:108B90000CFB00002C1A00202DE9F04104460E4683
:108BA0001546FBF720FB01462046FFF781FF84F8BE
:108BB000A804002800F0BD8094F891145E4B226A4E
:108BC0006FF3010184F89114192143F82240A4F8AD
:108BD000921494F89034012184F895140F2103F035
:108BE000E70384F89C144FF6FF7143F04003A4F8A8
:108BF0009E14A1696FF3820384F8903404F59267A0
:108C00000023013184F8943484F89634C4F89874BD
:108C100084F8A03405D0E16901311CBF082184F833
:108C2000A01484F8702404F29442C4F88C2440F216
:108C300013424FF6FF71954284F8A23484F8A334AE
:108C4000A4F8A414C4F88834C4F88034C4F87C347C
:108C50003ED02DD840F21142954248D040F2124207
:108C600095424AD0354BC4F8843404F58E684146A9
:108C70002046FFF713FF94F8A834184084F8A8049E
:108C800001213B4640F6B8323046FBF7FDFF94F831
:108C9000931429B93B4640F6B8323046FBF7F4FF4F
:108CA00004F5886541462846FBF7CAFD78B3FEE720
:108CB00040F23242954225D040F2334295420FD0E5
:108CC00040F231439D42CDD1022384F871340AE051
:108CD000022284F8712484F8723484F87334C1E772
:108CE000022284F8712484F872340123F5E7022209
:108CF00084F8712484F87224EFE7022284F8712446
:108D00000322F7E7022384F871340323EBE73946A3
:108D10002846FBF7C9FC00B1FEE7C4F82402C4F8FA
:108D20002802C4F82C02C4F83004C4F83404C4F88F
:108D30003804BDE8F08100BF9803002039890000A5
:108D400030B58C18A14208D0D0F8603411F8015B1E
:108D5000DD701D796D07FCD5F4E7104630BDFFFFCF
:108D600007B54FF0FF330093172216210248FFF793
:108D700059FE03B05DF804FBC003002007B54FF0B7
:108D8000FF330093002201210248FFF74BFE03B09E
:108D90005DF804FB6C08002007B54FF0FF3300932B
:108DA000192218210248FFF73DFE03B05DF804FBCD
:108DB000180D00200148FEF7FFBC00BFC4110020C1
:108DC0000148FEF735BE00BFC4110020F8B5094FB9
:108DD000054600240126AA6C06FA04F3134205D0C6
:108DE00007EB440261B22846FEF72EF801341D2C31
:108DF000F1D1F8BD08120020837870B5044683B91C
:108E00000E4D2A68AAB103883BB90D48FFF7DEFF73
:108E10002B682078BDE870401847012BF8D109482D
:108E2000F4E7012B05D00A2B04D1074B1B68002B5C
:108E3000EFD170BD0B2BFCD1044BF7E7FC110020E8
:108E400044120020A0120020001200200412002072
:108E5000F0B5044685B0002843D0002380F83230B6
:108E6000C1F38415836C012707FA05F21343836469
:108E700000F13001FEF7C0F804AE04F148012046CD
:108E8000FDF7EAFF2046FDF7D1FF06F8047D9DF8C7
:108E90000C30012B04D131462046FDF7CDFFF6E71B
:108EA0000DF10E0229462046FDF7CEFF0E4BBDF810
:108EB0000E0093F83330052B9CBF0C4AD2560C4B56
:108EC0001B684FF0010101FA03F388BF00220093F1
:108ED000002301FA02F2194600F086F980B205B0CB
:108EE000F0BD4FF0FF30FAE744120020B8FC00005C
:108EF0000000002013B50A220C46C1B2684603F0F8
:108F000043F8BDF800205AB1064B074902F4F0407F
:108F1000B0F5006F0CBF18460846228002B010BDA5
:108F20001046FAE7A012002044120020F0B50126F6
:108F300080F82560C0E90F23022600F124030025F4
:108F400040F60C4780F826600186DF260321436443
:108F50004FF4C05380F8245080F8275080F82850F0
:108F600080F8295080F82A6080F82B60878580F887
:108F7000325080F8331080F8345080F8355080F843
:108F8000366080F837600787C0E91255C0E914558C
:108F9000A0F85850A0F85A30F0BD10B50446406D06
:108FA00010B1142103F060F8204610BD37B50D282C
:108FB000044602A998BF0E34002321F8023D204642
:108FC000FFF798FF074B05464FF4004133F8340094
:108FD00000F0E8FEBDF806102846FFF739FF03B0A1
:108FE00030BD00BF0CFB0000042838B598BF104B03
:108FF000104C98BF1D5CA36888BF002513B12046A4
:10900000FEF71AF90C4984F828500C4CA1F13000F5
:10901000FDF7F2FFA36813B12046FEF70DF90849EA
:1090200084F82850A1F13000BDE83840FDF7E4BFD6
:10903000BEFC00004412002074120020A012002088
:10904000D0120020FFFFFFFF2DE9F04D3C4B93F8BD
:109050002830192B2DED028B6BD057D8012B62D005
:10906000022B63D0374CD4ED007AF5EE407AF1EE66
:1090700010FA48D10020FFF7B7FF052000F0A2FE4C
:109080000FF2B40BDBE900AB9FED2F8ADFF8C08055
:109090000A251420FFF78AFF07EE900AF8EEE77A18
:1090A00067EE887A17EE900A03F06EF952465B4637
:1090B00003F0C2F9D8F800300646012098400F4668
:1090C00003F050F902460B463046394603F0DEFA0B
:1090D000064620680F4603F057F902460B46304615
:1090E000394602F0F3FF03F057FC013D07EE900A0A
:1090F0002060CED1F2EE046A87EEA67A052084EDD8
:10910000007AFFF771FF94ED000A08E01D2B04D0F0
:109110001F2BA7D1B0EE040A01E0B0EE000ABDECAF
:10912000028BBDE8F08D9FED090AF8E79FED060A76
:10913000F5E7B7EE080AF2E7295C8FC2F5A82040F0
:1091400044120020FC1200203D0AB73F0000C07FFF
:109150000000002030B5094B53F8144B00218C421D
:1091600007D053F8042F92F82450A84202D00131BE
:10917000F5E7002202F1080030BD00BF0013002017
:1091800038B50E4C0E4D0F48002322461946FFF706
:10919000CDFE002301210C48FFF7C8FE284600241D
:1091A000214640F8044B142203F052FE502221467F
:1091B00005F1180003F04CFE38BD00BFF98D00002A
:1091C0000013002044120020A012002008B504481B
:1091D000FFF7E3FE0348BDE80840FFF7DEBE00BF2F
:1091E000A01200204412002010B5029C401AE41A7C
:1091F0006043521A90FBF2F0184410BD2DE9F04F75
:10920000027D012A85B005460F4640F09780002177
:109210004FF0FF3B04460B465E4694F804C048B24C
:10922000BCF1000F7CD194F805C0BCF1000F77D1E0
:10923000B6F1FF3F1BBF01335BB2012330469342BF
:1092400001DD1A4683460131082904F1020465D183
:10925000002402EB0B03A1460293CB4502DC029BE8
:109260004B4560DC6E7995F804A04FEA26180AF0A9
:109270000F035FFA88F25FEA2A1A019206F00F06DE
:1092800077D05FFA8AF1BAF1090FCABF573130318E
:1092900049B23846039300F0D3F8039B0444092BEA
:1092A0008ABF03F1570103F1300149B238460393F5
:1092B00000F0C6F80444BAF1000F04D1039B13B9BF
:1092C000B8F1000F0DD0019BB8F1090FD4BF03F125
:1092D000300803F157084FFA88F1384600F0B0F82B
:1092E0000444092E8ABF573606F1300171B2384660
:1092F00000F0A6F8B9F1070F044404D03A2138462B
:1093000000F09EF8044409F10109B9F1080F05F1D4
:109310000205A2D1204605B0BDE8F08F06467CE7E5
:109320004FF0FF308FE7CB45EDD1BBF1000FE5D11A
:109330003A21384600F084F80444DFE700F11006D3
:1093400000F11309002416F8011B0A22384600F028
:10935000A6F82E218046384600F072F8B145404408
:109360000444F0D10A22E97C384600F098F804441D
:10937000D0E7002B93D1A3E710B5054B036004465B
:10938000017510220021043003F062FD204610BD5B
:10939000CCFC0000F8B50F461D460021084B0360C9
:1093A0000446164601751022043003F051FD9DF865
:1093B000183027746674A574E3742046F8BD00BFA6
:1093C000CCFC000007B501210648FFF7D5FF0023BC
:1093D00000931A4619460448FFF7DCFF03B05DF816
:1093E00004FB00BF68130020801300202DE9F0412A
:1093F00006460D4601EB02080C464445A4EB050762
:1094000007D0336814F8011B1B68304698470028C2
:10941000F3D13846BDE8F08170B5036804460846CC
:109420000D465E6804F0ACFA2946024633462046F3
:10943000BDE87040184709B1FFF7EEBF0846704716
:109440000368C9B21B68184770B58AB00E460AA9EE
:10945000002301F8043D012A98BF0A22B6FBF2F569
:1094600002FB1564E3B264B2092CD4BF3033373346
:109470005BB22E4601F8013D002DEFD1FFF7DBFF77
:109480000AB070BD10B42AB903685DF8044B1B68BC
:10949000C9B21847D2B25DF8044BFFF7D5BFFFF74A
:1094A000F1BFFFFF0F4B10494AF20252A3F8FE230F
:1094B0000E4A11604FF42542A3F8FE2303F5E4237E
:1094C0001A886FF304121A80BFF34F8F0849094BB3
:1094D000CA6802F4E0621343CB60BFF34F8F00BF52
:1094E000FDE700BF00E001403581730700E5014062
:1094F00000ED00E00400FA05F8B5184B1B780546AE
:10950000144646184BB11146154804F0ADF91548FC
:1095100004F0AAF9AC4212D22C461348134D114F55
:1095200004F0A2F90F4804F09FF9B4420BD310489D
:1095300004F09AF90B48BDE8F84004F095B9B4423C
:1095400028BF3446E9E722682146284604F08CF912
:10955000384604F089F90434E7E700BF8814002096
:109560003C0401006104010064040100890401005D
:10957000C9FD000008B50F4B0F4918600F4B1A606A
:109580000F4B104A1A60104B9B1A104A1360104A76
:109590001160104A521A10490A603BB90F4804F092
:1095A00063F90F48BDE8084004F05EB90D4B012295
:1095B0001A7008BD30140020004000008C140020F8
:1095C0003C140020007B0020007F00203814002085
:1095D0002C1400201409010028140020DA030100D3
:1095E000610401003414002008B5064B06481A68CF
:1095F000064B196804F038F90548BDE8084004F046
:1096000033B900BF8C140020B703010030140020D0
:1096100061040100304B2DE9F04F1C682F4BD3F84B
:1096200000E02F4B1D782F4B1E782F4B1F682F4BC0
:109630001B688B4607EB030CDDB1CEB92C4B996947
:109640005B690160013BBB4215D3634513D8BBF195
:10965000010F10D943600223A64426B1944203D8D7
:10966000724528BF724614460437DFF888802EE022
:1096700000252B46F0E735460123EDE72268D107A8
:1096800024D5561EB74221D866451FD80F2B1DD8AA
:1096900032F8059C32F8032C02EA080ABAF5784F32
:1096A00004D109EA0809B9F5704F04D002F47F42E9
:1096B000B2F58E4F0AD15B4508D2022B03D115B10A
:1096C0004268B24202D040F823600133043474454A
:1096D000D4D31846BDE8F08F3C1400203814002085
:1096E00040140020881400202C140020281400208E
:1096F0004414002000F8FFFF2DE9F04391B0044628
:1097000040220021684603F0A3FB22461021684650
:10971000FFF780FF164FDFF87080064600244FF0F9
:109720002009B44213D1FCB1114B12491248096807
:1097300004EBC4041C44002204F8012C0F4A04F07A
:1097400093F80F4804F090F811B0BDE8F08304EBF3
:10975000C4053D445DF824204146284604F0F0F855
:10976000013485F80890DCE7064804F07DF8E8E766
:109770009813002030140020AF040100AA04010057
:1097800061040100EC040100A40401002DE9F04192
:109790000D4B1B7886B006460D4643B90B4A0C4963
:1097A0000C4804F061F80C4804F05EF8FEE70B4B3F
:1097B0001A78BAB1054A0A49064804F055F806482D
:1097C00004F052F8FEE700BF34140020D0FC000083
:1097D000E3FC0000EBFC00006104010040140020E9
:1097E00009FD0000A64AA7481468A74AA74FD2F867
:1097F000008001221A7004F037F8A54804F034F80C
:10980000FFF7F2FEA34804F02FF8A14804F02CF86B
:10981000F6064CBF05F1200605F16806B44203D8F0
:1098200004EB0803B34201D201233B7020463246C9
:109830004146FFF761FE3B78974C002B3DD197489E
:1098400004F012F8924804F00FF82F6927616F694D
:109850002A686B68A968E8686761AF69ED6922608A
:109860006360A160E060A761E56104908C48CDE988
:1098700002108C498C48CDE900318C4B8C4903F0A7
:10988000F3FF834803F0F0FFE3690493894B0393EC
:10989000A3690293884B0193636900932269874B04
:1098A0008749814803F0E0FF794803F0DDFF8548F0
:1098B00003F0DAFF764803F0D7FF834B834A1B6837
:1098C0002362834B1B7884F82430824B1B68A3628D
:1098D000814B1B7884F82C30804B1B682363804BB2
:1098E0001B88A3867F4B1B681288E2637E4AA363B2
:1098F000128822649D0705D57C4803F0B5FF6448B3
:1099000003F0B2FF94F83B30580640F1278194F8F9
:109910002430002B3CD0D90705D5754803F0A4FFAF
:109920005B4803F0A1FF94F824309A0705D57148ED
:1099300003F09AFF564803F097FF94F824301B0772
:1099400005D56D4803F090FF514803F08DFF94F862
:109950002430DF0605D5694803F086FF4C4803F044
:1099600083FF94F824309D0605D5654803F07CFFFD
:10997000474803F079FF94F82430180608D5990772
:1099800006D0A16A5F4803F06FFF414803F06CFF07
:1099900094F82C30002B46D0DA0705D55A4803F04E
:1099A00063FF3B4803F060FF94F82C309B0705D51C
:1099B000564803F059FF364803F056FF94F82C3010
:1099C0005F0705D5524803F04FFF314803F04CFFC5
:1099D00094F82C301D0705D54E4803F045FF2C4860
:1099E00003F042FF94F82C30D80605D54A4803F01E
:1099F0003BFF274803F038FF94F82C30990605D533
:109A0000464803F031FF224803F02EFF94F82C3033
:109A10001A0608D59F0706D5216B414803F024FF9D
:109A20001B4803F021FFA38E002B00F0978094F8D1
:109A30003430DD0705D53B4803F016FF144803F02A
:109A400013FF94F83430980705D5374803F00CFF1E
:109A50000F4803F009FF94F83430590705D533480F
:109A600003F002FF0A4803F0FFFE94F834301A07AF
:109A700060D52F4803F0F8FE054803F0F5FE59E0E5
:109A80003C140020620401003814002088140020D7
:109A90006104010013FD00004414002047FD000094
:109AA000110501001505010086FD000009050100F2
:109AB0000D05010021050100250501001905010022
:109AC0001D050100AFFD000024ED00E030ED00E0D9
:109AD00028ED00E034ED00E029ED00E038ED00E095
:109AE0002AED00E02CED00E03CED00E0EEFD000092
:109AF0001AFE00005CFE000097FE0000CDFE000094
:109B000001FF00004DFF000082FF0000B6FF0000D3
:109B1000EBFF0000220001004A000100700001007C
:109B2000AE000100D50001001B010100670101002A
:109B3000C601010094F83530DB0705D5274803F04E
:109B400093FE274803F090FE94F835309F0705D523
:109B5000244803F089FE224803F086FE94F93B3046
:109B6000002B34DAE36B002B31D094F83C30DD0766
:109B700005D51D4803F078FE194803F075FE94F8EA
:109B80003C30980705D5194803F06EFE144803F0E1
:109B90006BFE94F83C30590705D5154803F064FE78
:109BA0000F4803F061FE94F83C301A0705D51148C0
:109BB00003F05AFE0A4803F057FE94F83C30DB06E7
:109BC00005D50D4803F050FE054803F04DFE304624
:109BD00006B0BDE8F041FFF78FBD00BF0D020100E8
:109BE000610401005F020100C9020100F9020100E5
:109BF0002C030100580301008703010070466946E9
:109C0000FFF7C4FDFEE7FFFF73B50025044680F8AB
:109C100030500D2268460E4602F0B6F9BDF800300D
:109C20006363C3F3841203F4F043B3F5006F84F865
:109C300038602574E5746574A574657522750CD05B
:109C400004F11003A361064BE361064B2362064B4C
:109C50006362064BA362064BE362204602B070BD0E
:109C600091670000896800001968000025680000FD
:109C7000556800000E210148FFF7C6BF9014002070
:109C8000042911D8DFE801F0030C0A030E000022BA
:109C9000064B33F830100020FBF76ABD1022F7E7BF
:109CA0000422F5E78422F3E7704700BF0CFB0000B5
:109CB000044B0A1C18BF012233F830100020FBF7B8
:109CC000F1BC00BF0CFB0000EFF31080012383F315
:109CD0001088064B196819B9054AD1704021D17016
:109CE0001A6801321A6080F310887047B4020020AD
:109CF000000D0440704770471A4A38B5002393801E
:109D000072B61949194A1A4C0A601859D0500433CE
:109D1000402BFAD1174D002302F140005C59C4508A
:109D20000433802BFAD1144B9A60BFF34F8F62B685
:109D30000B68124ADA601249124A1348FFF71AFCFC
:109D4000FFF7C2FFFAF752FAFFF77EF900F04CF87E
:109D5000FFF7D1FFFAF7D4F9FFF7CCFFFAF7F3F9E1
:109D6000FCE700BF000D0040CC140020007F002065
:109D7000004000004040000000ED00E0FD9B0000BE
:109D80003605010029050100390501000148FEF7EB
:109D9000D7BF00BFC003002008B5FFF7ADFF00200C
:109DA0007047FFFF0A4601460148FBF7E1BC00BFD0
:109DB0002C1A0020024A136801331360704700BF59
:109DC000081500200121FDF767BB704770B5054CF1
:109DD0002568064623685B1BB34202D2FFF7F5FFF6
:109DE000F8E770BD0815002030B5164B164C196AFF
:109DF000164B87B0012203930323CDE901230025ED
:109E0000134B04951B68C1F302608340C1F3022128
:109E1000CB4020464FF4FA51B3FBF1F329460093AF
:109E20002B46FDF7D5FC2A4608212046FDF71CFEEF
:109E30002046FDF783FD204607B0BDE83040FDF722
:109E4000A4BD00BF00E00140D0140020B59D00007B
:109E5000440300200148FDF7AFBC00BFD014002030
:109E60000148FDF7E5BD00BFD014002070B500F13A
:109E700010050446284600F0C6FD3F2815D9E178B4
:109E8000002000F019FF80B1284600F0BCFD3F28FB
:109E9000E17807D904F50A7240230020BDE870403C
:109EA00000F026BF002000F015FF002070BDFFFF6E
:109EB00010B5044600F098FE08B9002010BD00F06F
:109EC0009BFE0028F9D1044B4FF42A7202FB0434A4
:109ED000207900F00100F1E70C15002008B5044AD4
:109EE0004FF42A7303FB0020103000F075FD08BD0D
:109EF0000C15002070B54FF42A730A4C58434FF6E6
:109F0000FE764FF6FF732518B24288BF1A4610300E
:109F100092B2204400F098FD04462846FFF7A6FFC1
:109F2000204670BD0C150020034A4FF42A7303FB32
:109F30000020103000F09BBD0C1500202DE9F041F1
:109F4000054600F051FE10B90020BDE8F08100F098
:109F500053FE07460028F7D14FF42A746C43174D7F
:109F600004F11C062E44304600F036FD0028EBD0EC
:109F700005EB0408384698F8021000F09DFE002812
:109F8000E2D004F51A74254429464022304600F0F8
:109F90005BFD98F80210044658B103462A4638463D
:109FA00000F0A6FE38B9064B1B68DB07CCD500BE17
:109FB000CBE700F08FFE2046C7E700BF0C1500205E
:109FC000F0ED00E00E4B70B54FF42A7404FB003442
:109FD00005464FF6FF734FF6FE70824288BF1A4661
:109FE0001C3492B2204600F046FD0646204600F0A2
:109FF000F3FC3F2802D92846FFF7A0FF304670BD8A
:10A000000C15002008B5044A4FF42A7303FB002006
:10A010001C3000F0F8FC08BD0C15002013B5134CE3
:10A020004FF42A720021204602F012FFFF236371D1
:10A030004FF4E133A36008220023A381A2730093AD
:10A0400004F1280101234FF4807204F1100000F0A4
:10A05000ACFC012300934FF4807204F5947104F179
:10A060001C0000F0A2FC02B010BD00BF0C150020C7
:10A0700010B50A4C00210522204602F0E9FE04F149
:10A0800010001C3400F0FDFC204600F0FAFC2046D5
:10A090000121BDE8104000F0F9BC00BF0C15002004
:10A0A000F7B54B79022B074603D00024204603B0B6
:10A0B000F0BD8B79022BF8D11F4EB3787BBB8B7828
:10A0C00033700D7809240D4403E02B781C44A4B2AE
:10A0D0001D446B78242B1BD19442F6D96B78042B4A
:10A0E00012D16B790A2B0FD1144B2E7801930133C7
:10A0F000009302231A46A919384600F0A9FD70B151
:10A100000E3416FA84F4A4B20B48FFF7AFFECDE785
:10A11000052BE3D12946384600F076FD28B9084BD7
:10A120001B68DB07C1D500BEBFE7AB7873702B7827
:10A130001C44A4B21D44D1E70C1500200E150020CC
:10A14000F0ED00E038B50B461146127802F06002DF
:10A15000202A47D1244A8C881578A54242D14C78D0
:10A16000203C032C3ED8DFE804F002141731012B09
:10A1700005D107231D4A01F051F9012038BD032BF9
:10A18000FBD11B4B002BF8D01849002001F050FEEA
:10A19000F3E7012BF1D1ECE7012B02D101F026F915
:10A1A000EBE7032BE9D14C881471E14301F0010185
:10A1B000104800F06BFC104B002BDED0C4F34002C3
:10A1C00004F00101002001F01FFED6E7012BE5D0CD
:10A1D000032BD2D1094B002BCFD049880020AFF3FD
:10A1E0000080CAE70020C9E70C15002014150020E4
:10A1F00031BE00002815002009BE0000000000004C
:10A200002DE9F0471C46374BDA788A4280460F46E4
:10A210001D4607D09B788B4259D1AB78BB4234D0D6
:10A2200001245BE003F50A7103F11000A2B200F013
:10A2300022FC2D4B2BB92D4BFBB92A48FFF716FEFC
:10A24000EBE795F905300133F5D005F2272606EB4B
:10A250000409A6F2172A4E45EDD095F9052016F807
:10A26000013F9A42F7D1504600F0C6FB0028F2D1D8
:10A2700095F90510AFF30080EDE71D4800F0BCFB39
:10A280000028DAD1AFF30080D7E71A4B13B10020D2
:10A29000AFF300800020FFF751FE0028C0D1164820
:10A2A00000F09AFB0028BBD1002CB9D014F03F0677
:10A2B000B6D1A978404600F0FFFC04460028AFD094
:10A2C00033463246A978404600F012FD06E00B4BBB
:10A2D0001C6814F0010401D000BE00242046BDE833
:10A2E000F08700BF0C1500200000000000000000F7
:10A2F0001C1500200000000028150020F0ED00E0F3
:10A300008C220021014802F0A3BD00BFB417002039
:10A310000020FFF7F5BFFFFF2DE9F7430E46074684
:10A320007379032B114604D00024204603B0BDE806
:10A33000F0833279C2EBC2041234A4B28C4205D944
:10A34000234B1B68DA07EFD500BEEDE7214D95F8EA
:10A3500001E0A846BEF1000FF2D196F800C006EB6E
:10A360000C0191F80190B9F1210FE9D1C5F88810DD
:10A3700016F80CC005F1010E0235CDF804E0009589
:10A38000614400F065FC0028DAD0B37998F8021037
:10A39000012B04BFF37988F80330012388F80430D7
:10A3A000B37888F80030D8F88830B3F80730A8F8C8
:10A3B00006300029B9D04023074A384600F098FCFF
:10A3C0000028B2D1024B1B68DB07AED500BEACE75C
:10A3D000F0ED00E0B4170020FC17002013782DE901
:10A3E000F341154603F01F02012A06460C4601D030
:10A3F00000246DE0DFF8C081AA8898F80010D2B27E
:10A4000091424746F4D113F060031FD0202BEFD1C7
:10A410006B78013B0A2BEBD801A252F823F000BF66
:10A4200093A400005BA5000067A50000F1A3000055
:10A43000F1A30000F1A30000F1A30000F1A30000CC
:10A44000EDA4000037A5000073A50000012C01D089
:10A4500001243DE06A78062ACAD16A88120A212AB4
:10A460000AD1D8F88820002AC2D01378294602B031
:10A47000BDE8F04100F0D2BF222AB9D1184601F060
:10A4800021FDB8F8063002462946304600F0C6FFE6
:10A490001EE0012CDCD1EB886988402B4FEA1122A9
:10A4A000184628BF402011F0FF0115D0012B13D909
:10A4B0000138384B397280B20090002001F060FD05
:10A4C0000444A4B25CB9344B1B68DB0790D500BED2
:10A4D000204602B0BDE8F0810024304BECE7234673
:10A4E0002E4A2946304600F099FFB1E7012C05D1EC
:10A4F000EB88402B3FF67CAF294AC5E7032CA7D158
:10A50000EB886988402B4FEA1122184628BF40206B
:10A5100011F0FF010DD0012B0BD997F848308B4279
:10A5200007D101381F4B80B20090002001F02AFDB6
:10A530008EE71B4BF8E7012C8AD169881A4B090A70
:10A5400079712BB10020AFF3008000283FF450AFA9
:10A550002946304600F04AFF7AE7012C7FF478AFB5
:10A560002346124A90E7012C7FF472AF2346104A2B
:10A570008AE7012CECD0032C7FF46AAF69880D4B7D
:10A58000C9B23971002B3FF463AF0020AFF30080F4
:10A590005EE700BFBD170020F0ED00E0BC17002013
:10A5A000FC170020FD17002000000000B917002054
:10A5B000B817002000000000B417002037B51A4C6F
:10A5C000A2788A420546607813D088420AD1174A99
:10A5D00012B9012003B030BD9AB215490020AFF383
:10A5E0000080F6E7134B1B68DB0700D500BE002098
:10A5F000F0E79042EBD000229BB211461046009348
:10A6000004F1480301F0BEFC402304F14802A178A4
:10A61000284600F06DFB0028DBD1064B1B68DA07EB
:10A62000E5D500BED6E700BFB4170020000000004B
:10A63000BC170020F0ED00E00A4492B291424FEACC
:10A64000400001D8824201DB121A92B210467047D4
:10A6500038B50D46D41A8188A4B29A423CBF04EBA7
:10A660004104A4B2BCB1A14205D2914294BF531A95
:10A670008B189BB2438199420AD9C2880168C2F300
:10A680000E0202FB0311284602F0BEFB012038BD7A
:10A690005B1A9BB2EFE72046F9E7F7B5044690084E
:10A6A00003460D464FF6FF76013B9BB2B3420ED1F7
:10A6B00012F0030201EB800107D002A8002340F84A
:10A6C000043D02F0A1FB019B236003B0F0BD55F8EF
:10A6D000047B2760E8E72DE9F3470F46BDF8281013
:10A6E00084885E1AB6B28B423CBF06EB4406B6B213
:10A6F00080466EB3B44206D29C4294BF191BE11847
:10A7000089B241812646964228BF16468C4223D9FB
:10A71000B8F80630D8F80050C3F30E03641A9AB2A2
:10A72000A4B202FB01559DF82C10A6EB040914FB02
:10A7300003FA19FB03F901291FFA8AFA1FFA89F9AA
:10A7400018D0A6420BD872432946384602F05CFB6B
:10A75000304602B0BDE8F087091B89B2D6E7524601
:10A760002946384602F050FB4A46D8F8001007EB5D
:10A770000A00EBE7A64207D816FB03F292B229467D
:10A780003846FFF78AFFE3E72AF00304A4B2224623
:10A7900029463846FFF781FF1AF0030A28D0CAF18C
:10A7A00004039BB24B4505EB040102AC28BF4B46AA
:10A7B0000020A9EB030944F8040D1FFA89F90A5C8B
:10A7C0000255421C92450CD1D8F8001020440B448D
:10A7D000994208D1019B3B60B9F1000FB8D04A46BD
:10A7E000CEE71046EBE711F8012B00F8012FEFE759
:10A7F000D8F80010F0E7F7B59408234605464FF661
:10A80000FF76013B9BB2B3420CD112F0030200EB86
:10A81000840005D00B6802A941F8043D02F0F4FA67
:10A8200003B0F0BD0F6845F8047BEAE72DE9F74F68
:10A830001446C2790589B0F804800F4641899B46C9
:10A84000D3090646ADB289B215D18D4236BFC1EBF0
:10A850004801691A491989B2414536BFA8EB01017F
:10A86000002189B28C4228BF0C46002C50D12046D2
:10A8700003B0BDE8F08F44450CD3BBF1000F06D107
:10A88000C288A4EB0804C2F30E0202FB04770D4653
:10A890004446EAE78D424FEA480036BF421A6A1A38
:10A8A000521992B222448242DFDBA8EB040292B238
:10A8B0004046FFF7C1FE0546D7E7ACEB080C1FFA90
:10A8C0008CFCC445F9D2A8EB0C01F088336889B23E
:10A8D000C0F30E00A4EB010982B211FB00FA19FBD0
:10A8E00000F9BBF1010F1FFA8AFA1FFA89F902FB7E
:10A8F0000C3819D08C420DD862433946404602F0DC
:10A9000083FA22462946B088FFF796FE3081AEE7EB
:10A91000AC46D6E752463946404602F075FA4A46FA
:10A9200007EB0A013068EAE78C4207D814FB00F213
:10A9300092B239464046FFF75EFFE2E72AF0030B8A
:10A940001FFA8BFB5A4639464046FFF754FF1AF070
:10A95000030A28D0CAF1040080B2484502AB28BFE0
:10A9600048463A6843F8042DA9EB0009D8441FFA79
:10A9700089F90021CA5C08F8012001318A45F9D122
:10A980009A4433680AEB00015A1E514506D1184417
:10A99000B9F1000FB5D04A463946CCE71AF801CBD9
:10A9A00002F801CFF1E73068F2E7B2F5004F11D8B5
:10A9B0008280C288016063F30E029DF80030C2807D
:10A9C000C2F3072263F3C71200234381C2710381DC
:10A9D00001207047002070470389428981889BB21B
:10A9E00092B2934236BFC2EB41029B1A9B1898B2B7
:10A9F000884228BF08467047028943899BB29B1A48
:10AA00005842584170478288038940899BB280B27E
:10AA1000834236BFC0EB4200181AC01880B282428F
:10AA200086BF101A80B20020704710B50289438992
:10AA30000446FFF70DFE6189034682B2A088FFF746
:10AA4000FBFD6081184610BD73B50389458900265A
:10AA5000CDE900560446FFF73EFE618903460246F3
:10AA6000A088FFF7E9FD6081184602B070BD028939
:10AA70004389FFF7EDBD12B10023FFF7D7BE1046A3
:10AA8000704700234381038101207047C37961F33C
:10AA9000C713C3710120704708B5034640890A46B1
:10AAA00001469888FFF7C8FD588108BD70B5058933
:10AAB00043898488ADB29BB29D4236BFC3EB44024A
:10AAC000EA1A521992B2944206D2AC4294BF2B1B9E
:10AAD00063199BB2438122462AB9C1E900228A60E8
:10AAE00070BD2D1BADB2AC42FBD99C420AD90068A7
:10AAF000AB4200EB03064E6007D200230A804B8076
:10AB00008B60EDE71B1B9BB2EFE7E31A9BB2D21AF7
:10AB10000B804A808860E3E70A4B1B78834206D9A2
:10AB2000094B1B6800EB400003EBC00070475A1C48
:10AB30008242A1BFC01A054B182202FB0030B8BFE9
:10AB40000020704744180020401800208C050100A8
:10AB500070B5134D064600242B78E0B201338342D2
:10AB600010DA3B2200210F4802F072F91022FF2177
:10AB70000D4802F06DF91422FF210C48BDE8704029
:10AB800002F066B9FFF7C8FF013428B9084B1B680B
:10AB9000DB0700D500BE70BD436830469847DBE751
:10ABA000441800204518002048180020581800209C
:10ABB000F0ED00E070B50C4605461646086800F05A
:10ABC0006DFC2368324628460121BDE870401847D5
:10ABD000044B1B7810B1184600F060BE184600F018
:10ABE00073BE00BF04000020024B5878003018BF2D
:10ABF0000120704745180020024B1878C0F38000F0
:10AC0000704700BF4518002038B58B7803F07F03EC
:10AC1000092B0C4606D90B4B1B68DB0700D500BE81
:10AC2000002038BD084B1D78084B2046997800F06D
:10AC3000FFFF0028EFD021462846BDE8384000F04D
:10AC40005FBE00BFF0ED00E00400002045180020CA
:10AC50002DE9F047DDE9085680460C4691469A46B4
:10AC60000027B94501DC01200CE06378052B04D1F5
:10AC7000E17801F00301514508D00E4B1B68DA075B
:10AC800002D40020BDE8F08700BEFAE72146404626
:10AC9000FFF7BAFF28B9074B1B68DB07F1D500BEE9
:10ACA000F0E7A178CB0914BF317029702378013700
:10ACB0001C44D6E7F0ED00E0CB0901F07F0027331C
:10ACC00003EB400302480021184400F089BF00BF95
:10ACD00045180020CB0901F07F00273303EB400328
:10ACE00002480021184400F092BF00BF4518002020
:10ACF00038B5154C01F07F0504EB450404EBD11485
:10AD00002034E079C00707D5104B1B68DA0701D45F
:10AD1000002038BD00BEFBE7E5790D4845F0010590
:10AD20000078E57100F0D2FE0028F2D1E37960F3FB
:10AD30000003E371E37960F38203E371034B1B6863
:10AD4000DB07E5D500BEE4E745180020F0ED00E0A4
:10AD50000400002010B50C4C01F07F0204EB42040B
:10AD600004EBD1142034E3799B070BD4074B1878FC
:10AD700000F0D0FEE37943F00203E371E37943F09E
:10AD80000103E37110BD00BF45180020040000203E
:10AD900010B50C4C01F07F0204EB420404EBD1141B
:10ADA0002034E3799B070BD5074B187800F0DEFEC3
:10ADB000E3796FF34103E371E3796FF30003E37128
:10ADC00010BD00BF45180020040000202DE9F04F01
:10ADD000BA4B1B78FF2B89B000F09982B84B1D68E5
:10ADE0002C46002054F8043B9847204605A9FFF75D
:10ADF0001CFE2B68044601209847002C00F0878237
:10AE00009DF81530013B072B00F2AE82DFE813F00E
:10AE100008001300AC028A0299021F005802A50222
:10AE20009DF81400FFF794FE00F030FBA54B9DF851
:10AE300018209A70D2E79DF81400FFF789FE00F001
:10AE400025FBA14B002BC9D0AFF30080C6E79D4C7A
:10AE50009DF81450237843F00103237094F82730B1
:10AE60006FF3000384F8273094F827306FF38203E0
:10AE700084F8273094F828306FF3000384F82830E2
:10AE800094F828306FF3820384F82830002000F013
:10AE900005FB9DF8187007F06008B8F1600F0FD13E
:10AEA0008A4B1B68DC0700D500BE9DF8140000210A
:10AEB00000F030FE80219DF8140000F02BFE8DE79D
:10AEC000B8F1400F0DD182480028EED000F0E6FA2C
:10AED00006AA01212846AFF3008000287FF47EAF48
:10AEE000E3E707F01F07012F00F0938119D3022F2A
:10AEF000D6D19DF81C1001F07F06092ED0D804EBA6
:10AF0000460606EBD116F07CFFF706FE8146B8F147
:10AF1000000F00F0AA810028C7D006AA00F10C019A
:10AF20000FE0B8F1200F10D19DF81C300F2BBCD8CA
:10AF30001C44E078FFF7F0FD0028B6D006AA00F127
:10AF40000C012846FFF736FEC7E7B8F1000FA7D17E
:10AF50009DF81930092BA3D801A252F823F000BFA5
:10AF6000FBB10000E9B10000A1AE0000D5B10000C6
:10AF7000A1AE000089AF000015B10000A1AE000035
:10AF8000A3AF0000B7AF000006A800F08DFA9DF84F
:10AF90001A10284600F0B2FC237843F00203237015
:10AFA0001CE708AA637802F80E3D012306A928468B
:10AFB00000F034FA12E79DF81A906378994531D081
:10AFC00063783BB1284600F067FDA6782846FFF776
:10AFD000BFFDA670B9F1000F00F0968009F1FF30B7
:10AFE000C0B200F07DFF10B14378022B06D0374B82
:10AFF0001B68DF077FF554AF00BE51E7C2792378A5
:10B00000511161F30413921162F3451323704388C5
:10B01000C31800F109060293029BB34209D82D4BD5
:10B02000002B6ED184F8019006A9284600F0DEF9C5
:10B03000D4E673780B2B03BF337896F80380F618A9
:10B040004FF001087378042BD1D1029B9B1B9BB25C
:10B05000039300230193204B9DF804701B78013368
:10B06000BB4225DB3846FFF757FD83460028BED09C
:10B070008368039A314628469847082882463DD976
:10B08000039B83423AD3B8F1010F06D1DBF80820C5
:10B09000124B9A4208BF4FF002080022D3B2434538
:10B0A00020D331463B4652460D4800F0F1FD564450
:10B0B000094B1B7801339F42AEDD98E70400002066
:10B0C000801800204518002000000000F0ED00E08E
:10B0D000000000000000000044180020A1A00000B3
:10B0E00058180020B1780B44A34951FA83F3013278
:10B0F000D978FF297FF47BAFDF70CFE7019B013365
:10B10000A8E7AFF300808DE79C4B002B8AD0AFF30C
:10B11000008087E7BDF81A00030A5A1EC0B20E2A43
:10B120003FF6C3AE01A151F822F000BF69B10000A3
:10B1300093B10000B3B10000ABAE0000ABAE0000B5
:10B14000C7B1000093B10000ABAE0000ABAE000091
:10B15000ABAE0000ABAE0000ABAE0000ABAE00008B
:10B16000ABAE000073B1000000F0A4FE1223024653
:10B170000AE0834B002B3FF498AEAFF30080024609
:10B1800000283FF48DAE438806A9284600F046F912
:10B19000A3E6022B06D100F0A3FE00283FF480AE08
:10B1A0004388E4E7774B002B3FF47FAEAFF300809A
:10B1B000F3E7BDF81C1000F099FE024600283FF4AA
:10B1C00074AE0378E0E7704B002B3FF46EAEAFF344
:10B1D0000080F2E7BDF81A30012B7FF466AE2378C9
:10B1E00043F0080323701FE7BDF81A30012B7FF4EA
:10B1F0005CAE23786FF3C303F4E72378C3F3401204
:10B200009B0803F00203134308AA22F80E3D022311
:10B21000CCE69DF81C300F2B3FF647AE1C44E0787F
:10B22000FFF77AFC00283FF440AE00F10C0106AABB
:10B230002846FFF7BFFC00287FF4D0AD9DF81830FA
:10B2400013F060047FF431AE9DF819300A3B012BF6
:10B250003FF62BAE00F022F99DF819300A2B7FF44F
:10B26000E3AE08AA02F80E4D9FE69DF81930012BB7
:10B2700003D01DD3032B7FF413AEBDF81A2022B9DF
:10B28000012B284619D1FFF783FDB9F1000F3FF4D8
:10B29000A5AD06AA09F10C012846FFF78BFC00209A
:10B2A00000F0FCF894F82830DE073FF597ADBBE6D8
:10B2B00096F82730C3F34003A6E7FFF74BFDE4E71A
:10B2C0009DF818102C4B01F07F0403EB440303EBB3
:10B2D000D11393F827006FF3000083F8270093F849
:10B2E00027006FF3820083F827003CB9079B9DF885
:10B2F00019209DF8140000F0E3F86FE5D87CFFF703
:10B300000BFC38B9214B1B68D80700D500BE09B02B
:10B31000BDE8F08F0469079B9DF819209DF8140083
:10B32000A0475BE5144B1A78D1077FF557AD184A53
:10B33000002A3FF453AD1878C0F3C000AFF300808B
:10B340004CE50D4B1B78DA077FF548AD114B002B10
:10B350003FF444ADAFF3008040E5069B002B3FF483
:10B360003DAD0798984739E5084B1B68DB077FF52B
:10B3700035AD00BE32E500BF4518002000000000DA
:10B38000000000000000000000000000F0ED00E000
:10B390000000000000000000124B9989DA8970B5A6
:10B3A0008C1AA4B2054693F90000402C28BF402413
:10B3B000002809DA914212D099680B48224601F020
:10B3C00023FD8021084A04E091424FF00001F9D1A9
:10B3D000002223462846BDE87040FFF789BC802143
:10B3E000F6E700BF841800209818002030B40A4CFB
:10B3F00005460A4608684968234603C30023C4E992
:10B40000023392F900209A4228461A46ACBF8021A6
:10B41000194630BCFFF76CBC84180020F8B5194DF4
:10B420000C46074608684968AA602E4603C60021F4
:10B43000E981E1888B4228BF0B46AB8179B143B1EA
:10B440003AB9114B1B68DA0701D40020F8BD00BEE1
:10B45000FBE73846FFF7A0FF68B10120F6E794F953
:10B460000030002B0A460B463846ACBF8021002135
:10B47000FFF73EFCF0E7044B1B68DB07E5D500BE99
:10B48000E4E700BF84180020F0ED00E01422002162
:10B49000014801F0DDBC00BF84180020014B186199
:10B4A000704700BF841800200146044A00684968BC
:10B4B000134603C30023C2E90233704784180020F7
:10B4C00070B52F4C1E462378C909B1EBD31F054632
:10B4D00016D03EB12B4B1B68DA0701D4002070BD9B
:10B4E00000BEFBE7284B13B12146AFF30080236970
:10B4F0000BB90120F3E7224A032128469847F8E7D1
:10B5000094F90030002B06DBA0680028E6D0324614
:10B510001E4901F079FCA368E28933443244A360F8
:10B52000E38892B29342E28101D03F2E24D823696E
:10B530009BB994F90030002B4FF000031A46ACBFC2
:10B54000802119462846FFF7D3FB0028D1D10D4BA7
:10B550001B68DB07C2D500BEC1E70221084A2846A6
:10B56000984701460028E4D1284600F0D3FA80210C
:10B57000284600F0CFFABCE72846FFF70DFFE4E7C6
:10B5800084180020F0ED00E0000000009818002072
:10B5900030B503468518EC1A012C09D854086FF011
:10B5A000010303FB042212B110F814300B7030BDFC
:10B5B00033F8024B0C80EEE7F0B585B00F4601A9D9
:10B5C00015460646FFF772FABDF804400298AC42F1
:10B5D00028BF2C462D1B22463946ADB2FFF7D8FFB7
:10B5E00055B1BDF8063003989D4228BF1D462A4636
:10B5F000FFF7CEFF2C44A4B221463046FFF74CFAA9
:10B6000005B0F0BD2DE9F843174BDC8881461F4695
:10B6100034B91C705C709C70DC700120BDE8F8834C
:10B62000B0F85E8008F07F084445254628BF4546AF
:10B630004DB11E685B7ADB0700F114012A463046E3
:10B640000DD5FFF7B9FF454538BF4FF40043A4EBD4
:10B65000050438BFA9F82230FC800020DEE72E4424
:10B66000FFF796FF3E60EEE7D818002070B504465D
:10B67000BDF81050FAB14FF484602084208C860607
:10B68000FCD51748467A858061F300064672C5806E
:10B69000EDB10360BAB1B4F86030DB0B03D0B4F89D
:10B6A00054301B060CD40F4B186810F0010001D069
:10B6B00000BE002070BD0284208C8006FCD4E0E730
:10B6C0002046FFF79FFF0120A4F86000F2E7052362
:10B6D000057045708570C570A4F860300120E9E7F9
:10B6E000D8180020F0ED00E02DE9F84F314E0C2382
:10B6F00003FB01630546B3F806800C46B8F1000F62
:10B7000017D131B101F1370235F812305904FBD4A9
:10B7100004E0294B1B68D80700D500BE0C235C430E
:10B72000321900233355012053709370D370BDE854
:10B73000F88F8BB243F480620285A0F86430B0F8D1
:10B740006CA01FFA8AFA2B8D03F00F039C42FAD1EA
:10B750006B8D9A04FCD5D045474628BF574687B124
:10B760004FF00C0B0BFB04FB06EB0B0305F1180170
:10B7700053F8089B5B78DB073A46484613D5FFF73A
:10B780001BFF57453CBF4FF400436B8500232B85BF
:10B79000288D10F00F00FBD10C2303FB0464A8EBF1
:10B7A0000707E780C3E7B944FFF7F2FE46F80B90BE
:10B7B000E7E700BFD8180020F0ED00E02DE9F843DE
:10B7C000DFF8D4C0BDF82050D7098E4602F07F02C2
:10B7D0000CEB07110A44044692F8781041B92D4B3E
:10B7E000186810F0010001D000BE0846BDE8F883DB
:10B7F0000C224A430CEB02064CF8023096F80990F2
:10B80000B5806EF3000986F80990F580BFB11DB1CF
:10B81000FFF76AFF0120E9E78BB20385238D03F070
:10B820000F039942FAD1638D9E04FCD54FF4004377
:10B83000638500232385238D1D07FCD1EAE74B1E7A
:10B84000042BE7D801F1230610EB8603E2D08AB27D
:10B8500000EB4101A0F86420B0F86C20B1F86E0054
:10B86000800718BFA1F86E7014F82600002004F8B5
:10B87000260092B25878154401205870013D95FB7E
:10B88000F2F55D805A7842F002025A70A1F86E001B
:10B89000ACE700BFF0ED00E0D8180020084B03EB48
:10B8A000C000426853B2002B08DB012102F01F02E6
:10B8B00001FA02F25B09034941F82320704700BFF7
:10B8C0000800002000E100E00A4B03EBC0004268E2
:10B8D00053B2002B0DDB01215B0902F01F0201FABC
:10B8E00002F22033044941F82320BFF34F8FBFF306
:10B8F0006F8F70470800002000E100E07047FFFFF5
:10B900002DE9F84FCE78B1F804A006F00306012E19
:10B910008046CAF30A0A04D1BAF5807F06D900200E
:10B9200060E0022E04D067D8012E70D13F4B0CE0AE
:10B930003E4B93F82C20002A56D093F83820002A4A
:10B9400054D093F84420002A52D01A7D002A51D0B6
:10B9500093F82030002B5AD102248978344B334A93
:10B9600053F838704FEAD1194FEA09150C2303FB3D
:10B97000042301F07F0B2A445A441972404682F88E
:10B980007840FFF7A1FFA3B207EB4402A7F86430A9
:10B990004FF44073A7F86CA0022EA2F86E304FF05F
:10B9A0000003A2F86E3045EA0B0337D143F4854318
:10B9B0009BB2A7F86830012303FA04F4A4B284F41C
:10B9C000FF715940A7F84610F98E0C43FC86B9F177
:10B9D000000F01D1022E01D0A2F86E304046FFF7D1
:10B9E0005DFF0120BDE8F88F0324B6E70424B4E727
:10B9F0000524B2E70124B0E70C4B06240C2202FB1D
:10BA00000430007A0028A8D001340A2CF7D1094B61
:10BA1000186810F00100E5D000BE80E7032E0CBFCF
:10BA200043F4004343F44243C2E700BFD818002068
:10BA300008000020F0ED00E0154B70B553F83050D1
:10BA4000144BE88E01F07F06C90909015A183244E7
:10BA5000012492F87820944020EA0400E8869AB104
:10BA600002F1370405EB44040020208094B2A5F8CD
:10BA700064400C2404FB02320B443344A5F86800F4
:10BA800083F87800107270BD05F16004ECE700BF28
:10BA900008000020D8180020F8B50546FFF714FF6D
:10BAA000094E0A240C27013C04D12846BDE8F84081
:10BAB000FFF7F4BE07FB0463197A0029F3D0284688
:10BAC000FFF7BAFFEFE700BFD81800202DE9F341D8
:10BAD00098460F4B0C46174653F830600546FFF763
:10BAE000F3FE14F07F01CDF800803B4622460AD1D8
:10BAF0003046FFF7BBFD04462846FFF7CFFE204641
:10BB000002B0BDE8F08100213046FFF757FEF2E7B2
:10BB10000800002038B5134B11F07F02054653F89A
:10BB200030401BD0CB09104901EB0311114491F8AF
:10BB300078309BB1373304EB43048CB12846FFF7D0
:10BB4000C3FE238803F0030343F002032380022390
:10BB500023802846BDE83840FFF7A0BE6034ECE7FC
:10BB600038BD00BF08000020D81800201A4B2DE96E
:10BB7000F04111F07F0807460E4653F8305016D0BA
:10BB8000164ACB0902EB0313434493F8784074B18F
:10BB9000373405EB4404ECB13846FFF795FE4FF41B
:10BBA00080732380F30905D0012323800DE005F184
:10BBB0006004F0E7094B434493F87830A5F864300B
:10BBC000B5F868309B0B012BEED13846BDE8F0414B
:10BBD000FFF764BEBDE8F08108000020D8180020FF
:10BBE000037813F0010310D10278C2F3800262B926
:10BBF000037813F0010308D10278530705D40378C2
:10BC000043F004030370012070470020704703785D
:10BC1000C3F380034BB1027812F0010105D1027821
:10BC200061F3820202701846704700207047FFFFE0
:10BC30008388C07800F003000228C3F30A0312D0FF
:10BC40001BD801280DD1022940F2FF3208BF4FF462
:10BC500080629A420DD20D4B186810F0010008D096
:10BC600000BE00207047022904D1B3F5007FF2D155
:10BC700001207047402BEED8FAE702290CBF4FF4A1
:10BC8000806240229A42E6D3F2E700BFF0ED00E086
:10BC900030B50A44914200D330BD4C78052C06D112
:10BCA0008C7804F07F0500EB4505E4092B550C78F2
:10BCB0002144EFE70368DB691847037C0BB90123D4
:10BCC00003747047704713B502AB026803F8011D97
:10BCD000546819460122A04702B010BD007C10B183
:10BCE0000020FEF7FBB87047007C10B10020FEF783
:10BCF00089B97047037C13B10020FEF71FB9704764
:10BD000007B5007C38B10DF107010020FEF70CF9F2
:10BD100020B19DF8070003B05DF804FB4FF0FF3041
:10BD2000F9E710B504460020FEF7C2F800B9607CC0
:10BD300010BD037C07B513B94FF0FF3012E0FFF7D9
:10BD4000F0FF0028F8D00020FEF7C8F80028F3D054
:10BD500001220DF107010020FEF7CCF80028EBD0FE
:10BD60009DF8070003B05DF804FB037C2DE9F0416A
:10BD70008846174623B3FFF7D4FF08B30020FEF729
:10BD800027FF3D460024FDB10020FEF73BF930B906
:10BD90000120FEF71DFF0020FEF7D0F8F3E7A842D0
:10BDA000024608EB040128BF2A460020FEF70AF9E4
:10BDB00006460120FEF70CFF1EB13444AD1BEAE736
:10BDC00000242046BDE8F0813C46FAE738B5037C04
:10BDD00004460BB9002038BD4FF0FF300021FEF7BC
:10BDE000F5FF2046FFF79DFF0028F3D0054D2C7886
:10BDF000002CF0D00A20FDF7E9FF00232B7020462D
:10BE0000E9E700BF10000020064B1970064B1A70BE
:10BE1000064B1B68B3F5966F02D109B9FDF742BB1B
:10BE2000704700BF8819002089190020841900205C
:10BE30000A4A0B6813600A4A48791060094A08796F
:10BE40001060094A89791160B3F5966F04D1074BE8
:10BE50001B780BB9FDF726BB704700BF8419002083
:10BE600094190020901900208C19002088190020B6
:10BE7000054B00224FF47A71C3E90121034919608F
:10BE80001A745A74704700BF70190020C40501006D
:10BE900010B501F1080400F00F02D3B2092ACCBF9B
:10BEA0003733303304F8013DA1424FEA1010F2D18C
:10BEB00010BDFFFF02480023037143718371704777
:10BEC0001100002007B505480023019310B101A817
:10BED000AFF3008003B05DF804FB00BF000000007A
:10BEE000014B1868704700BF9819002070B5204CAE
:10BEF00094F900300546B3B91E4B1B6803F11406D4
:10BF000058692146FFF7C4FF04F108017068FFF784
:10BF1000BFFF04F11001B068FFF7BAFF04F1180188
:10BF2000F068FFF7B5FF5DB9134B40F209425A8044
:10BF30000123013310485B0043F44073038070BD5C
:10BF4000052D12D80D4B0C4C53F825100122013948
:10BF500011F9010F531EDBB20028EAD024F81200B9
:10BF60000132212AF4D12023E3E70020E7E700BFD4
:10BF7000DE1900209CB17F409C190020F0050100D3
:10BF8000002070477047FFFFF8B500260F460446B3
:10BF90001546068046808680F8F725F9874216D830
:10BFA000304901EBC70133464868F2B230F812104D
:10BFB0001DB901F03E020A2A04E0012D09D101F069
:10BFC0003E02082A0BD00A0406F10106EDD52046F0
:10BFD000F8BD022D08D101F03E02042AF1D15A1C0D
:10BFE00024F81310D3B2EEE7032D04D101F03E0282
:10BFF000062AE0D1F3E7042D02D101F03A02E0E78E
:10C00000052D02D101F03A02D5E7062D03D101F04A
:10C010003E02102AD6E7072D05D101F03E02122A72
:10C02000DDD0182ACEE7082D03D101F03E02022A06
:10C03000C8E70A2D03D101F03E02142AC2E70B2DF6
:10C0400003D101F03E021C2ABCE70C2D03D101F004
:10C050003E021A2AB6E70D2DB5D101F03E021E2A86
:10C06000B0E700BF0CFB000000F020B80368DB075E
:10C0700006D4437803B1FFDE0123437018467047AE
:10C080000020704701230360704710B5002814BFDB
:10C0900004460124204600F095FE30B900F008F86F
:10C0A00008B900F081FE8047F4E710BD00F092BEB1
:10C0B000024B1868BFF35B8F704700BF201A002047
:10C0C00081F0004102E000BF83F0004330B54FEA49
:10C0D00041044FEA430594EA050F08BF90EA020FB6
:10C0E0001FBF54EA000C55EA020C7FEA645C7FEA49
:10C0F000655C00F0E2804FEA5454D4EB5555B8BF6C
:10C100006D420CDD2C4480EA020281EA030382EADC
:10C11000000083EA010180EA020281EA0303362D6E
:10C1200088BF30BD11F0004F4FEA01314FF4801C41
:10C130004CEA113102D0404261EB410113F0004F53
:10C140004FEA03334CEA133302D0524263EB43030A
:10C1500094EA050F00F0A780A4F10104D5F1200EA8
:10C160000DDB02FA0EFC22FA05F2801841F1000103
:10C1700003FA0EF2801843FA05F359410EE0A5F1D7
:10C1800020050EF1200E012A03FA0EFC28BF4CF008
:10C19000020C43FA05F3C01851EBE37101F00045BE
:10C1A00007D54FF0000EDCF1000C7EEB00006EEBCB
:10C1B0000101B1F5801F1BD3B1F5001F0CD3490855
:10C1C0005FEA30004FEA3C0C04F101044FEA4452AC
:10C1D00012F5800F80F09A80BCF1004F08BF5FEA33
:10C1E000500C50F1000041EB045141EA050130BD13
:10C1F0005FEA4C0C404141EB010111F4801FA4F1B6
:10C200000104E9D191F0000F04BF01460020B1FA0A
:10C2100081F308BF2033A3F10B03B3F120020CDA42
:10C220000C3208DD02F1140CC2F10C0201FA0CF020
:10C2300021FA02F10CE002F11402D8BFC2F1200C85
:10C2400001FA02F120FA0CFCDCBF41EA0C0190403B
:10C25000E41AA2BF01EB0451294330BD6FEA040484
:10C260001F3C1CDA0C340EDC04F11404C4F120026F
:10C2700020FA04F001FA02F340EA030021FA04F381
:10C2800045EA030130BDC4F10C04C4F1200220FAD8
:10C2900002F001FA04F340EA0300294630BD21FA16
:10C2A00004F0294630BD94F0000F83F4801306BFDC
:10C2B00081F480110134013D4EE77FEA645C18BFD0
:10C2C0007FEA655C29D094EA050F08BF90EA020F67
:10C2D00005D054EA000C04BF1946104630BD91EA5F
:10C2E000030F1EBF0021002030BD5FEA545C05D162
:10C2F0004000494128BF41F0004130BD14F58004A1
:10C300003CBF01F5801130BD01F0004545F0FE4114
:10C3100041F470014FF0000030BD7FEA645C1ABF49
:10C32000194610467FEA655C1CBF0B46024650EA80
:10C33000013406BF52EA033591EA030F41F40021AC
:10C3400030BD00BF90F0000F04BF0021704730B532
:10C350004FF4806404F132044FF000054FF0000107
:10C3600050E700BF90F0000F04BF0021704730B5C8
:10C370004FF4806404F1320410F0004548BF40429D
:10C380004FF000013EE700BF42004FEAE2014FEAF2
:10C3900031014FEA02701FBF12F07F4393F07F4FCD
:10C3A00081F06051704732F07F4208BF704793F0D0
:10C3B0007F4F04BF41F40021704730B54FF46074E3
:10C3C00001F0004521F000411CE700BF50EA0102E6
:10C3D00008BF704730B54FF000050AE050EA01028F
:10C3E00008BF704730B511F0004502D5404261EBFF
:10C3F00041014FF4806404F132045FEA915C3FF440
:10C40000D8AE4FF003025FEADC0C18BF03325FEADC
:10C41000DC0C18BF033202EBDC02C2F1200300FA8D
:10C4200003FC20FA02F001FA03FE40EA0E0021FAB2
:10C4300002F11444BDE600BF70B54FF0FF0C4CF4A0
:10C44000E06C1CEA11541DBF1CEA135594EA0C0F52
:10C4500095EA0C0F00F0DEF82C4481EA030621EA8D
:10C460004C5123EA4C5350EA013518BF52EA0335C8
:10C4700041F4801143F4801338D0A0FB02CE4FF07A
:10C480000005E1FB02E506F00042E0FB03E54FF0AA
:10C490000006E1FB03569CF0000F18BF4EF0010EA2
:10C4A000A4F1FF04B6F5007F64F5407404D25FEA9E
:10C4B0004E0E6D4146EB060642EAC62141EA555151
:10C4C0004FEAC52040EA5E504FEACE2EB4F1FD0C93
:10C4D00088BFBCF5E06F1ED8BEF1004F08BF5FEA11
:10C4E000500E50F1000041EB045170BD06F00046C3
:10C4F00046EA010140EA020081EA0301B4EB5C0470
:10C50000C2BFD4EB0C0541EA045170BD41F4801167
:10C510004FF0000E013C00F3AB8014F1360FDEBF8C
:10C52000002001F0004170BDC4F10004203C35DA68
:10C530000C341BDC04F11404C4F1200500FA05F3EB
:10C5400020FA04F001FA05F240EA020001F000428C
:10C5500021F0004110EBD37021FA04F642EB060102
:10C560005EEA430E08BF20EAD37070BDC4F10C042C
:10C57000C4F1200500FA04F320FA05F001FA04F2F0
:10C5800040EA020001F0004110EBD37041F10001DC
:10C590005EEA430E08BF20EAD37070BDC4F12005E7
:10C5A00000FA05F24EEA020E20FA04F301FA05F24F
:10C5B00043EA020321FA04F001F0004121FA04F2F7
:10C5C00020EA020000EBD3705EEA430E08BF20EAC7
:10C5D000D37070BD94F0000F0FD101F00046400001
:10C5E00041EB010111F4801F08BF013CF7D041EA83
:10C5F000060195F0000F18BF704703F00046520087
:10C6000043EB030313F4801F08BF013DF7D043EA57
:10C610000603704794EA0C0F0CEA135518BF95EA0D
:10C620000C0F0CD050EA410618BF52EA4306D1D194
:10C6300081EA030101F000414FF0000070BD50EAB3
:10C64000410606BF1046194652EA430619D094EA3D
:10C650000C0F02D150EA013613D195EA0C0F05D127
:10C6600052EA03361CBF104619460AD181EA03017B
:10C6700001F0004141F0FE4141F470014FF0000033
:10C6800070BD41F0FE4141F4780170BD70B54FF0CE
:10C69000FF0C4CF4E06C1CEA11541DBF1CEA13554E
:10C6A00094EA0C0F95EA0C0F00F0A7F8A4EB050430
:10C6B00081EA030E52EA03354FEA013100F0888027
:10C6C0004FEA03334FF0805545EA131343EA1263F0
:10C6D0004FEA022245EA111545EA10654FEA0026A5
:10C6E0000EF000419D4208BF964244F1FD0404F55E
:10C6F000407402D25B084FEA3202B61A65EB0305BA
:10C700005B084FEA32024FF480104FF4002CB6EB76
:10C71000020E75EB030E22BFB61A754640EA0C00F6
:10C720005B084FEA3202B6EB020E75EB030E22BF36
:10C73000B61A754640EA5C005B084FEA3202B6EB77
:10C74000020E75EB030E22BFB61A754640EA9C0036
:10C750005B084FEA3202B6EB020E75EB030E22BF06
:10C76000B61A754640EADC0055EA060E18D04FEAC4
:10C77000051545EA16754FEA06164FEAC30343EA64
:10C7800052734FEAC2025FEA1C1CC0D111F4801F31
:10C790000BD141EA00014FF000004FF0004CB6E72A
:10C7A00011F4801F04BF01430020B4F1FD0C88BFC9
:10C7B000BCF5E06F3FF6AFAEB5EB030C04BFB6EBD4
:10C7C000020C5FEA500C50F1000041EB045170BDC7
:10C7D0000EF0004E4EEA113114EB5C04C2BFD4EBF4
:10C7E0000C0541EA045170BD41F480114FF0000E78
:10C7F000013C90E645EA060E8DE60CEA135594EAF4
:10C800000C0F08BF95EA0C0F3FF43BAF94EA0C0FF6
:10C810000AD150EA01347FF434AF95EA0C0F7FF46B
:10C8200025AF104619462CE795EA0C0F06D152EABF
:10C8300003353FF4FDAE1046194622E750EA4106A3
:10C8400018BF52EA43067FF4C5AE50EA41047FF4B4
:10C850000DAF52EA43057FF4EBAE12E74FF0FF3C19
:10C8600006E000BF4FF0010C02E000BF4FF0010CEA
:10C870004DF804CD4FEA410C7FEA6C5C4FEA430C63
:10C8800018BF7FEA6C5C1BD001B050EA410C0CBFB2
:10C8900052EA430C91EA030F02BF90EA020F002014
:10C8A000704710F1000F91EA030F58BF994208BF7B
:10C8B00090422CBFD8176FEAE37040F00100704738
:10C8C0004FEA410C7FEA6C5C02D150EA013C07D18F
:10C8D0004FEA430C7FEA6C5CD6D152EA033CD3D0DA
:10C8E0005DF8040B704700BF8446104662468C46D4
:10C8F0001946634600E000BF01B5FFF7B7FF002807
:10C9000048BF10F1000F01BD4DF808EDFFF7F4FF2F
:10C910000CBF012000205DF808FB00BF4DF808EDBA
:10C92000FFF7EAFF34BF012000205DF808FB00BFDD
:10C930004DF808EDFFF7E0FF94BF012000205DF8FF
:10C9400008FB00BF4DF808EDFFF7CEFF94BF0120B4
:10C9500000205DF808FB00BF4DF808EDFFF7C4FFAD
:10C9600034BF012000205DF808FB00BF4FEA410CF6
:10C970007FEA6C5C02D150EA013C0AD14FEA430CD9
:10C980007FEA6C5C02D152EA033C02D14FF0000016
:10C9900070474FF0010070474FEA4102B2F1E043A7
:10C9A00024BFB3F5001CDCF1FE5C0DD901F0004C96
:10C9B0004FEAC0024CEA5070B2F1004F40EB8300E6
:10C9C00008BF20F00100704711F0804F21D113F112
:10C9D0003872BCBF01F00040704741F480114FEA4B
:10C9E0005252C2F11802C2F1200C10FA0CF320FAD4
:10C9F00002F018BF40F001004FEAC1234FEAD323F1
:10CA000003FA0CFC40EA0C0023FA02F34FEA43035A
:10CA1000CCE77FEA625307D150EA01331EBF4FF0E3
:10CA2000FE4040F44000704701F0004040F0FE40FE
:10CA300040F40000704700BF7BB972B90029BEBF47
:10CA400000204FF0004106E008BF00281CBF6FF037
:10CA500000414FF0FF3000F0A5B9ADF1080C6DE9D1
:10CA600004CE002909DB002B1ADB00F035F8DDF8D5
:10CA700004E0DDE9022304B07047404261EB41016C
:10CA8000002B1BDB00F028F8DDF804E0DDE90223D1
:10CA900004B0404261EB4101524263EB43037047F3
:10CAA000524263EB430300F017F8DDF804E0DDE9E0
:10CAB000022304B0404261EB41017047524263EBF4
:10CAC000430300F009F8DDF804E0DDE9022304B0D7
:10CAD000524263EB430370472DE9F047089E04463A
:10CAE0008846002B4BD18A42154667D9B2FA82F2AA
:10CAF0004AB1C2F1200701FA02F320FA07F7954084
:10CB000047EA030894404FEA154E230CB8FBFEF7A2
:10CB10001FFA85FC0EFB178843EA084307FB0CF15C
:10CB2000994209D9EB1807F1FF3080F01B81994237
:10CB300040F21881023F2B445B1AA4B2B3FBFEF013
:10CB40000EFB103344EA034400FB0CFCA44509D956
:10CB50002C1900F1FF3380F00781A44540F20481D5
:10CB600002382C4440EA0740A4EB0C0400271EB115
:10CB7000D4400023C6E900433946BDE8F0878B4224
:10CB800009D9002E00F0EB800027C6E900013846E5
:10CB90003946BDE8F087B3FA83F7002F47D18B42BF
:10CBA00002D3824200F2FA80841A61EB030301206F
:10CBB0009846002EE0D0C6E90048DDE702B9FFDE66
:10CBC000B2FA82F2002A40F08F80491B4FEA154EDC
:10CBD0001FFA85F80127B1FBFEFC230C0EFB1C118C
:10CBE00043EA014308FB0CF1994207D9EB180CF119
:10CBF000FF3002D2994200F2CD808446591AA3B286
:10CC0000B1FBFEF00EFB101443EA044408FB00F8ED
:10CC1000A04507D92C1900F1FF3302D2A04500F23C
:10CC2000B6801846A4EB080440EA0C409FE7C7F121
:10CC3000200CBB4022FA0CFE4EEA030E01FA07F468
:10CC400020FA0CF521FA0CF34FEA1E482543B3FBFA
:10CC5000F8F92C0C08FB19331FFA8EFA44EA034347
:10CC600009FB0AF49C4202FA07F200FA07F10BD919
:10CC70001EEB030309F1FF3080F087809C4240F2F5
:10CC80008480A9F1020973441B1BADB2B3FBF8F019
:10CC900008FB103345EA034400FB0AFAA24508D911
:10CCA0001EEB040400F1FF336BD2A24569D90238B0
:10CCB000744440EA0940A0FB0289A4EB0A044C45F5
:10CCC000C2464B4654D351D0002E69D0B1EB0A0571
:10CCD00064EB030404FA0CFCFD40FC404CEA05053F
:10CCE000C6E90054002747E7C2F1200320FA03F702
:10CCF000954001FA02F021FA03F34FEA154E38434A
:10CD0000010CB3FBFEF71FFA85F80EFB173341EA5F
:10CD1000034107FB08F38B4204FA02F407D96918B0
:10CD200007F1FF3C2FD28B422DD9023F2944CB1A69
:10CD300081B2B3FBFEF00EFB103341EA034100FB6E
:10CD400008F38B4207D9691800F1FF3C17D28B42D8
:10CD500015D902382944C91A40EA07473BE7374644
:10CD6000304609E70746E7E61846FBE64145ABD201
:10CD7000B8EB020A69EB0E0201381346A4E76046DD
:10CD8000E9E7184695E76746D1E781467CE7023830
:10CD90002C4447E7ACF1020C2B442FE7384608E758
:10CDA0003746E9E6704700BF08B5062000F0ACFD45
:10CDB000012002F0F5FDFFFF014B1868704700BF2E
:10CDC00024000020024B0146186800F097B800BF0D
:10CDD00024000020024B0146186800F041B800BF53
:10CDE0002400002082B001B901A942B14BB11378EF
:10CDF0000B601278101C18BF012002B0704710465B
:10CE0000FBE76FF00100F8E710B5431E0A449142BA
:10CE100000D110BD11F8014B03F8014FF7E788422C
:10CE200010B501EB020307D8421E99420AD011F84F
:10CE3000014B02F8014FF8E78342F5D98118D21A65
:10CE4000D34200D110BD13F8014D01F8014DF7E7B1
:10CE500002440346934200D1704703F8011BF9E7EF
:10CE600038B50546002945D051F8043C0C1F002B6D
:10CE7000B8BFE41801F00CFD1F4A1368104633B91F
:10CE8000636014602846BDE8384001F002BDA3424B
:10CE90000CD921686218934204BF1A685B6863600A
:10CEA00004BF521822600460ECE713465A680AB1C6
:10CEB000A242FAD919685818A0420BD1206801443F
:10CEC000581882421960DDD1106852685A600144D6
:10CED0001960D7E702D90C232B60D3E7206821180B
:10CEE0008A4204BF11685268626004BF0918216059
:10CEF0005C60C7E738BD00BF241A002070B5CD1CA8
:10CF000025F0030508350C2D38BF0C25002D0646ED
:10CF100001DBA94203D90C233360002070BD01F06E
:10CF2000B7FC214A1468214691B9204C23681BB9EB
:10CF3000304600F0B1FC20602946304600F0ACFCE1
:10CF4000431C24D10C233360304601F0A2FCE4E7FB
:10CF50000B685B1B18D40B2B0FD90B60CD50CC1872
:10CF6000304601F096FC04F10B00231D20F0070071
:10CF7000C31AD3D05A42E250D0E78C424B6816BF56
:10CF8000636013600C46EBE70C464968CCE7C41CB1
:10CF900024F00304A04205D0211A304600F07CFCA6
:10CFA0000130CFD02560DBE7241A0020281A0020AA
:10CFB0002DE9FF4755EC104B0D9FDDF830A0002DFB
:10CFC0000E4691461946B8BF22462B4627F0200749
:10CFD000BBBF05F100431D4600232D23B8BF1446F7
:10CFE000462F0B7004D0452F00D10136022100E0FE
:10CFF000032103AB019302AB00933246534645EC49
:10D00000104B00F061FD472F804602D119F0010F4F
:10D0100026D0462F08EB060911D198F80030302BA6
:10D020000AD10022002320462946FFF76DFC18B9DB
:10D03000C6F10106CAF80060DAF80030994400220F
:10D04000002320462946FFF75FFC38B93022039BB6
:10D050004B4505D2591C03911A70F8E7CDF80C9096
:10D06000039B0E9AA3EB08034046136004B0BDE88F
:10D07000F087F7B500290446BABF49422D232B2378
:10D08000092904F8022B437020DD0DF107031F4628
:10D090000A2691FBF6F506FB15113031092D03F830
:10D0A000011C03F1FF32294609DC3031023B02F852
:10D0B000011CBB42224604D3101A03B0F0BD134634
:10D0C000E7E713F8012B04F8012BF2E730231944AA
:10D0D0008370021DC170EFE72DE9F04F8DB00C4653
:10D0E000DDF8588016461F46054601F06FFB0368C1
:10D0F0000493184600F044FC00230A93D8F800304B
:10D100000590073323F0070303F1080294F818A0F1
:10D11000D4F800B0C8F80020D3E90023C4E91223F2
:10D12000D4E9128929F000430793CDF818804FF015
:10D13000FF32A74BDDE90601FFF718FC70BB4FF08B
:10D14000FF32A34BDDE90601FFF7F2FB30BB002203
:10D15000002340464946FFF7E1FB10B12D2384F838
:10D1600043309C4A9C4BBAF1470F8CBF904698467F
:10D1700003232BF00402236122604FF00009009783
:10D1800033460BAA2146284600F0E6F9013040F06C
:10D190008D804FF0FF300DB0BDE8F08F42464B461A
:10D1A00040464946FFF7E2FB10B18C4A8C4BDAE768
:10D1B00061684B1C4BF480620AA83ED10623636071
:10D1C0000023CDE9020309AB009349EC108B0DF16C
:10D1D00023032260CDF804A061682846FFF7E8FE2B
:10D1E0000AF0DF03472B804609D1099BD81C02DBDC
:10D1F0006268934247DDAAF1020A5FFA8AFABAF13D
:10D20000650F099924D80139524604F1500009915B
:10D21000FFF72FFF0A9A1318012A8146236102DCC7
:10D220002268D10701D5013323619DF82330002BFB
:10D23000A5D02D2384F84330A1E7BAF1670F00F0A1
:10D240007781BAF1470FBBD10029B9D10123B6E7E5
:10D25000BAF1660F19D1002963680CDD216113B999
:10D260002268D20702D501330B442361099BA365D1
:10D270004FF00009D9E713B92268D00701D502336E
:10D28000F3E70123F1E74FF0670ADDE90932934242
:10D2900005DB22682361D107E8D50133E5E7002BE0
:10D2A000D4BFC3F1020301231344DEE723685A0508
:10D2B00007D42369424631462846B84701302BD16E
:10D2C00067E7BAF1650F40F2DC8000220023D4E961
:10D2D0001201FFF719FB002833D00123414A3146E0
:10D2E0002846B84701303FF454AFDDE909239A429C
:10D2F00002DB2368D8070FD5DDE904233146284631
:10D30000B84701303FF445AF4FF0000804F11A0967
:10D310000A9B013B434509DC23689B0700F103811D
:10D32000E0680B9B9842B8BF184634E701234A4691
:10D3300031462846B84701303FF42BAF08F10108C9
:10D34000E6E7099B002B2BDC0123264A31462846C1
:10D35000B84701303FF41DAF099B23B90A9B13B9AD
:10D360002368D907D8D5DDE9042331462846B847D4
:10D3700001303FF40EAF4FF0000904F11A0A099B87
:10D380005B424B4501DC0A9B94E701235246314640
:10D390002846B84701303FF4FCAE09F10109EEE739
:10D3A0000A9AA36D9A42A8BF1A46002A914607DD41
:10D3B0001346314642462846B84701303FF4E9AEAD
:10D3C00004F11A034FF0000B29EAE979069315E0FE
:10D3D000FFFFEF7F620601005E0601006A060100A2
:10D3E000660601006E0601000123069A31462846B2
:10D3F000B84701303FF4CDAE0BF1010BD4F858A083
:10D40000AAEB09035B45EFDCDDE909239A42D0442E
:10D4100015DB2368DA0712D40A9B0999A3EB0A02E9
:10D42000A3EB010A9245A8BF9246BAF1000F0EDCA9
:10D430004FF000082AEAEA7A04F11A0919E0DDE956
:10D44000042331462846B8470130E5D1A1E65346CA
:10D45000424631462846B8470130E9D199E60123D2
:10D460004A4631462846B84701303FF492AE08F1AB
:10D470000108DDE909239B1AA3EB0A034345EEDC0F
:10D480004AE70A9A012A01DCDB073AD50123424622
:10D4900031462846B84701303FF47BAEDDE904232E
:10D4A00031462846B847013008F101083FF471AE13
:10D4B0000A9B002203F1FF3AD4E912010023FFF78F
:10D4C00023FAC8B95346424631462846B847013088
:10D4D0000ED15EE60123524631462846B847013058
:10D4E0003FF457AE08F101080A9B013B4345F1DCCC
:10D4F0004B4604F15002DEE64FF0000804F11A0A30
:10D50000F2E70123DFE701234A4631462846B847C0
:10D5100001303FF43EAE08F10108E3680B9A9B1A14
:10D520004345F0DCFCE64FF0000804F11909F4E78C
:10D5300000293FF48BAE0023CDE9020309AB009331
:10D5400049EC108B2260CDF804A00DF1230328468E
:10D55000FFF72EFD804648E62DE9F04791461F462D
:10D560008A680B69DDF820809342B8BF1346C9F87A
:10D57000003091F8432006460C4612B10133C9F839
:10D5800000302368990642BFD9F800300233C9F849
:10D590000030256815F0060507D104F1190AE36883
:10D5A000D9F800209B1AAB4228DC94F8433022685B
:10D5B000003318BF012392062DD404F143023946EB
:10D5C0003046C047013020D02368E568D9F80020F4
:10D5D00003F00603042B08BFAD1AA36822690CBF31
:10D5E00025EAE57500259342C4BF9B1AED184FF05C
:10D5F00000091A344D451AD1002008E00123524693
:10D6000039463046C047013003D14FF0FF30BDE806
:10D61000F0870135C3E7E1185A1C302081F8430038
:10D62000224494F8451082F843100233C5E70123E1
:10D63000224639463046C0470130E6D009F101099B
:10D64000D8E7FFFF2DE9F04301F1430C0C46097EBA
:10D6500085B06E291746064698460C9A00F0B380AE
:10D6600022D8632936D00AD8002900F0B980582979
:10D6700000F0838004F1420584F8421032E064290E
:10D6800001D06929F6D120681368050603F1040169
:10D690002AD51B681160002B03DA2D225B4284F827
:10D6A00043206F480A2239E0732900F09D8008D892
:10D6B0006F2920D07029DDD1236843F02003236037
:10D6C00003E0752917D07829D4D1782384F8453020
:10D6D000644855E01368191D1B68116004F1420588
:10D6E00084F8423001238CE01B68116010F0400F79
:10D6F00018BF1BB2CFE713682568181D10602806F5
:10D7000001D51B6802E06806FBD51B8854486F29C9
:10D7100014BF0A220822002184F843106568A5601E
:10D72000002DC0F29580216821F004012160002BBA
:10D730003DD1002D40F08E806546082A0BD123682C
:10D74000DB0708D5236962689A42DEBF302305F8FB
:10D75000013C05F1FF35ACEB05032361CDF80080FA
:10D760003B4603AA21463046FFF7F6FE01304DD175
:10D770004FF0FF3005B0BDE8F083394884F845101C
:10D78000136821681D1D1B6815600A060BD5CA07A2
:10D7900044BF41F0200121601BB9226822F0200221
:10D7A00022601022B7E74D0648BF9BB2EFE76546FF
:10D7B000B3FBF2F102FB1133C35C05F8013D0B46EC
:10D7C0000029F5D1B9E7136825686169181D106053
:10D7D00028061B6801D5196002E06A06FBD519808E
:10D7E000002323616546B9E71368191D11601D68A0
:10D7F00062680021284600F0FBFF08B1401B606012
:10D8000063682361002384F84330A7E723692A462D
:10D8100039463046C0470130AAD023689B0713D44D
:10D82000E068039B9842B8BF1846A3E701234A4625
:10D8300039463046C04701309AD00135E368039A33
:10D840009B1AAB42F2DCEBE7002504F11909F5E77E
:10D85000002BACD1037884F8423004F142056CE728
:10D8600070060100810601000FB40A4B13B51C6855
:10D8700024B1A36913B9204600F01EFF05AB049A3A
:10D88000A1680193204601F08FFC02B0BDE8104072
:10D8900004B070472400002038B5064C002305462C
:10D8A00008462360F9F7B2FE431C02D1236803B196
:10D8B0002B6038BD6C1A00201F2938B504460D4670
:10D8C00004D9162303604FF0FF3038BD426C12B10B
:10D8D00052F821304BB9204600F030F82A46014674
:10D8E0002046BDE8384000F017B8012B0AD0591C7B
:10D8F00003D1162303600120E7E7002442F8254006
:10D90000284698470020E0E7024B01461868FFF7D9
:10D91000D3BF00BF2400002038B5074C00230546C4
:10D9200008461146236002F023F8431C02D1236805
:10D9300003B12B6038BD00BF6C1A002002F008B89C
:10D940000EB400B59CB01DAB029006906FF0004184
:10D95000094807910491094953F8042B059100687F
:10D96000019302A901F000FB029B00221A701CB077
:10D970005DF804EB03B07047240000200802FFFFAD
:10D98000034613F8012B002AFBD1181A01387047FF
:10D9900049B1FF2A85BF8A2303600A704FF0FF3028
:10D9A00098BF01207047084670472DE9F74F03697B
:10D9B0000C69A3428046C0F28280013C01F1140749
:10D9C0004FEA840C00F1140657F8245056F824004E
:10D9D00006EB0C03013507EB0C090193B0FBF5F5E1
:10D9E00095B34FF0000A3846B646D34650F8042B9C
:10D9F00093B205FB03A34FEA134A9BB2ABEB0303BD
:10DA0000120CDEF800B005FB02A213FA8BF34FEA0A
:10DA1000124A1FFA82FBDEF80020CBEB124202EB27
:10DA200023429BB243EA024381454FEA224B4EF820
:10DA3000043BDBD256F80C3033B9019B043B9E42C9
:10DA40001A4630D3C8F81040404601F039F9002892
:10DA500025DB013530464FF0000C57F8042BD0F889
:10DA600000E093B2ACEB0303120C13FA8EF3C2EB9B
:10DA70001E4202EB23429BB243EA0243B9454FEAFE
:10DA8000224C40F8043BE8D256F8242006EB8403ED
:10DA90002AB9043B9E421A460BD3C8F810402846C8
:10DAA00003B0BDE8F08F1268043B002ACAD1013CE4
:10DAB000C5E71268043B002AEFD1013CEAE70020E9
:10DAC000EEE7FFFFFFFFFFFF2DE9F04F57EC106B74
:10DAD00097B0456A069104460B921293DDF8808058
:10DAE000CDE900673DB91020FFF76CF96062C0E92D
:10DAF00001550560C560636A196851B15A684A608A
:10DB0000012393408B60204600F0F8FE636A0022F8
:10DB10001A603B1EBBBF23F0004301930023012288
:10DB2000ACBFC8F80030C8F80020AF4BDDF8048067
:10DB300033EA080314D1129A42F20F731360009B68
:10DB400023B9C8F31300002800F04285219BDFF8B9
:10DB5000ACB2002B00F044850BF1030300F03EBD96
:10DB6000DDE900670022002330463946FEF7CCFE8F
:10DB7000814668B1129A01231360219B002B00F0AB
:10DB800024859A4B219A03F1FF3B136000F028BDD6
:10DB900014AA15A947EC106B204601F008F9C8F348
:10DBA0000A550490002D7CD0C7F3130343F07F5B2C
:10DBB000B2464BF4401BA5F2FF35CDF84C90002245
:10DBC0008B4B50465946FEF77FFA81A3D3E90023D9
:10DBD000FEF732FC80A3D3E90023FEF777FA06466E
:10DBE00028460F46FEF7BEFB7DA3D3E90023FEF7D0
:10DBF00023FC02460B4630463946FEF767FA0646D6
:10DC00000F4601F06DFE0022824600233046394661
:10DC1000FEF784FE48B15046FEF7A4FB32463B4671
:10DC2000FEF772FE08B90AF1FF3ABAF1160F59D899
:10DC3000704901EBCA01DDE90023D1E90001FEF7DB
:10DC40008BFE002850D00AF1FF3A00230F93149B5B
:10DC50005D1BB5F1010849BFC5F101030023059320
:10DC60004FF0000858BF0593BAF1000F3EDB0023C8
:10DC7000D044CDF838A00793069B092B00F2908082
:10DC8000052BC4BF043B0693069BA3F10203CCBF44
:10DC900000250125032B00F28F80DFE803F07D7F54
:10DCA0003171DDE914531D4405F23240202813DDA3
:10DCB000C0F14000009B08FA00F805F2124023FA78
:10DCC00000F048EA0000FEF73DFB01238246A1F187
:10DCD000F87B013D139372E7009BC0F1200003FA2B
:10DCE00000F0F0E70123B1E70F90B0E7059BA3EB4D
:10DCF0000A030593CAF10003079300230E93BBE7C1
:10DD000001230A930B9B002B59DD02939946666A07
:10DD100000227260042202F114009842716853D903
:10DD2000204600F0B7FD636A3060B9F10E0FD3F8FA
:10DD300000B000F2E680002D00F0E3809DED007B56
:10DD4000BAF1000F8DED107B74DD2A4A0AF00F0343
:10DD500002EBC30393ED007B4FEA2A16F0068DED2C
:10DD6000087B65D5244BDDE91001D3E90823FEF7D4
:10DD70008DFCCDE9000106F00F0603251E4F4CE097
:10DD800001230A930B9B534403F1010902934B4671
:10DD9000012BB8BF0123BAE70023B2E70023F0E765
:10DDA0000125002306930A954FF0FF33029399460D
:10DDB000002212230B92AAE701230A93F4E701231E
:10DDC000029399461A46F5E7013171605200A2E7C5
:10DDD00061436F63A787D23FB3C8608B288AC63F71
:10DDE000FB799F501344D33F0000F07F6F06010082
:10DDF0000000F83F28080100000801009C0701000E
:10DE0000F10708D5DDE90801D7E90023FEF714FB87
:10DE1000CDE90801013576100837002EF0D1DDE993
:10DE20000823DDE90001FEF731FCCDE900011AE02D
:10DE30000225A3E700F0A080CAF100069F4BA04F87
:10DE400006F00F0203EBC203D3E90023DDE9100162
:10DE5000FEF7F2FACDE90001361100230225002E6B
:10DE60007FD1002BE1D10F9B002B00F08780DDE9F3
:10DE700000670022934B30463946FEF74FFD0028DD
:10DE80007CD0B9F1000F79D0029B002B35DD0AF16F
:10DE9000FF330893394600228B4B3046FEF7CCFA0D
:10DEA000CDE90001029F01352846FEF75BFADDE966
:10DEB0000023FEF7C1FA0022844BFEF707F905465E
:10DEC000A1F15076002F5DD10022814BDDE90001E8
:10DED000FEF7FAF82A463346CDE90001FEF73CFD8D
:10DEE000002840F088822A4606F10043DDE900015F
:10DEF000FEF714FD002840F07C82DDE91023CDE917
:10DF00000023159B002BC0F25081BAF10E0F00F3D5
:10DF10004C816A4B03EBCA0393ED007B0B9B002BF8
:10DF20008DED027B80F2D880B9F1000F00F3D48030
:10DF300040F05E820022664B51EC170BFEF77CFA34
:10DF4000DDE90023FEF7FEFC4F464E46002840F078
:10DF5000348231230BF101058BF800300AF1010AFC
:10DF60002FE2F20705D5D7E90023FEF765FA013560
:10DF700001237610083772E7022574E7CDF820A058
:10DF80004F4691E74D4B03EBC70353E902010A9B50
:10DF9000002B47D002460B4600204E49FEF776FB89
:10DFA0002A463346FEF790F8CDE90C015D46DDE9DF
:10DFB000000101F095FC0646FEF7D4F902460B4637
:10DFC000DDE90001FEF780F8303605F8016BDDE988
:10DFD0000C23CDE90001FEF7A1FC002863D1DDE9A7
:10DFE000002300203749FEF76FF8DDE90C23FEF728
:10DFF00095FC002840F0B780A5EB0B039F427FF70C
:10E000007CAF0022304BDDE90C01FEF715FA00224F
:10E01000CDE90C012C4BDDE90001FEF70DFACDE94D
:10E020000001C4E72A463346FEF706FACDE90C01A3
:10E030000BEB07055E46DDE9000101F051FC0746E8
:10E04000FEF790F9303702460B46DDE90001FEF796
:10E050003BF806F8017BAE42CDE900014FF000022B
:10E0600026D11C4BDDE90C01FEF730F802460B46C9
:10E07000DDE90001FEF770FC002874D1DDE90C2316
:10E0800000201449FEF720F802460B46DDE90001A6
:10E09000FEF744FC00283FF430AF15F8013C302B6C
:10E0A00005F1FF3202D0DDF820A04AE01546F4E782
:10E0B000054BFEF7C1F9CDE90001BCE728080100D6
:10E0C000000801000000F03F0000244000001C4058
:10E0D000000014400000E03FDDE900675D46DDE937
:10E0E000022330463946FEF7D1FA01F0F9FB8046AB
:10E0F000FEF738F9DDE90223FEF79EF902460B46EA
:10E100003046394608F13006FDF7DEFF05F8016BB1
:10E11000A5EB0B06B14502460B4639D1FDF7D6FFFC
:10E12000DDE9022306460F46FEF716FCC8B9DDE915
:10E13000022330463946FEF7E7FB10B118F0010F15
:10E140000FD10499204600F0D9FB0023129A2B70BE
:10E150000AF101031360219B002B00F041821D6036
:10E160003EE2CDF820A015F8012C392A05F1FF3345
:10E1700008D19B450AD1089B0133089330238BF8C3
:10E1800000305B461A7801321A708CE71D46EAE7C8
:10E1900000229B4BFEF750F90022002306460F4653
:10E1A000FEF7B2FB00289AD0CBE70A9A002A00F0CB
:10E1B0008B80069A012A6EDC139A002A67D003F23C
:10E1C0003343079F059D059A01211A442046059275
:10E1D000984400F033FC0646002D0CDDB8F1000F2A
:10E1E00009DD4545059A2B46A8BF4346D21A05923C
:10E1F000ED1AA8EB0308079BEBB10A9B002B67D035
:10E200008FB131463A46204600F0B8FC049A0146E8
:10E210000646204600F01BFC04990890204600F0BA
:10E220006DFB089B0493079BDA1B04D004992046DE
:10E2300000F0A4FC04900121204600F0FFFB0E9B9F
:10E240000746002B00F0D0811A460146204600F018
:10E2500095FC069B012B074640DC009B002B39D127
:10E26000019BC3F31303002B36D1019B23F0004322
:10E270001B0D1B052BB1059B0133059308F101080C
:10E28000012307930E9B002B2AD1012030E0149B21
:10E29000C3F1360395E7079B09F1FF37BB42BFBFC8
:10E2A000079B0797FA1A0E9BBBBF9B180E93DF1BA9
:10E2B0000027B9F1000FB5BF059B059DA3EB09052C
:10E2C0004B46B8BF00237EE7079F059D0A9E83E764
:10E2D000079AABE70023D4E7009BD2E7002307931C
:10E2E0003B6907EB8303186900F05AFBC0F120007B
:10E2F000404410F01F0047D0C0F12003042B3BDD49
:10E30000059BC0F11C000344059305448044059B14
:10E31000002B05DD1A460499204600F07DFC049090
:10E32000B8F1000F05DD39464246204600F074FC86
:10E3300007460F9B53B33946049800F0C1FC0028F0
:10E3400024DA00230A220499204600F0EEFA0A9B00
:10E3500004900AF1FF3A002B00F04D810023314672
:10E360000A22204600F0E1FA029B002B06464FDC11
:10E37000069B022B4CDD11E0C9D0059A1C331A44D0
:10E3800005921D449844C2E70346F6E7B9F1000F31
:10E3900038DC069B022B35DDCDF80890029B63B973
:10E3A00039460522204600F0C0FA01460746049887
:10E3B00000F086FC00283FF7CCAD0B9B5D466FEA72
:10E3C000030A4FF000093946204600F097FA002E64
:10E3D0003FF4B7AEB9F1000F05D0B14503D04946BF
:10E3E000204600F08BFA3146204600F087FAA8E676
:10E3F00000273E46E1E7DDF820A03E46A9E500BF44
:10E40000000024400A9BCDF80890002B00F0FA8011
:10E41000002D05DD31462A46204600F0FDFB06466C
:10E42000079B002B4CD07168204600F033FA32690C
:10E4300002320546920006F10C010C30FEF7E4FCB6
:10E4400001222946204600F0E7FB009BCDF814B0DE
:10E4500003F00103B1460793064639460498FFF7D7
:10E46000A4FA4946054600F13008049800F028FC5B
:10E47000324600903946204600F03CFCC368024614
:10E4800003BB01460890049800F01AFC089A034662
:10E4900011462046089300F031FA089BA3B9069A6A
:10E4A00092B9079A82B9B8F1390F29D0009B002B95
:10E4B00001DD05F13108059B5D1C83F8008082E7D2
:10E4C0003046C2E70123E3E7009A002A04DB25D1A6
:10E4D000069A1ABB079A0ABB002BECDD01220499AD
:10E4E000204600F099FB3946049000F0E9FB002833
:10E4F00003DCE0D118F0010FDDD0B8F1390FD8D12D
:10E50000059B059A5D1C3923137015F8013C392BC6
:10E5100005F1FF324FD00133137054E7059A002BF9
:10E5200002F1010506DDB8F1390FE9D008F1010863
:10E53000059BC2E7029A05F8018CA5EB0B039342F9
:10E5400021D000230A220499204600F0EEF9B145BB
:10E5500004904FF000034FF00A024946204605D1CF
:10E5600000F0E3F981460646059576E700F0DDF90F
:10E570003146814600230A22204600F0D6F906469D
:10E58000F2E74FF0000901220499204600F044FB15
:10E590003946049000F094FB0028B6DC02D118F054
:10E5A000010FB2D115F8013C302B05F1FF327FF499
:10E5B0000AAF1546F6E7934505D131230AF1010A62
:10E5C0008BF80030FFE615469FE7DFF864B007E000
:10E5D000219BDFF860B01BB10BF10803219A136097
:10E5E000584617B0BDE8F08F069B012B7FF735AE7C
:10E5F0000E9B079349E6029B002B03DC069B022B34
:10E600003FF7CCAE5D4639460498FFF7CEF900F1EE
:10E61000300805F8018B029AA5EB0B039A42B0DD96
:10E6200000230A220499204600F07FF90490EAE7CB
:10E630006E06010093070100002310B50446C0E9EF
:10E640000033836081814366C281C0E90433836102
:10E65000194608225C30FEF7FBFB054B6362054B55
:10E66000A362054BE362054B2462236310BD00BF28
:10E67000D1F30000F3F300002BF400004FF400008E
:10E68000014900F085B800BF29F7000070B54A1EA7
:10E69000682555430E4605F17401FEF72FFC04462C
:10E6A00040B10021C0E900160C30A06005F16802FD
:10E6B000FEF7CEFB204670BD836910B5044633BB20
:10E6C000C0E912330365124B124A1B6882629842FA
:10E6D00004BF0123836100F01FF86060204600F052
:10E6E0001BF8A060204600F017F80022E06004212B
:10E6F0006068FFF7A1FF01220921A068FFF79CFFD6
:10E7000002221221E068FFF797FF0123A36110BDE9
:10E710005406010081E60000F8B51B4B1E68B36982
:10E72000074613B93046FFF7C7FF4836D6E901342C
:10E73000013B03D5336833B13668F7E7B4F90C50C1
:10E740006DB16834F4E704213846FFF79FFF30606D
:10E750000028F1D10C233B6004462046F8BD0B4B4A
:10E760006566C4E90055A560C4E90335C4E90555EB
:10E770000822294604F15C00FEF76AFBC4E90D5546
:10E78000C4E91255E9E700BF540601000100FFFF8C
:10E790002DE9F8438046894600F14804002614B963
:10E7A0003046BDE8F883D4E90175013F01D52468FE
:10E7B000F5E7AB89012B07D9B5F90E30013303D04A
:10E7C00029464046C84706436835EEE7044B1B68B8
:10E7D000186A044B002808BF1846F030704700BF85
:10E7E0002400002088000020FFFFFFFFFFFFFFFF45
:10E7F00001F0FF01102A2BDB10F0070F08D010F8F2
:10E80000013B013A8B422DD010F0070F42B3F6D1F5
:10E81000F0B441EA012141EA014122F007047FF00E
:10E8200000070023F0E80256083C85EA010586EA65
:10E83000010685FA47F5A3FA87F586FA47F6A5FAA1
:10E8400087F68EB9EED1F0BC01F0FF0102F00702AD
:10E8500032B110F8013B013A83EA010313B1F8D158
:10E860000020704701387047002D06BF3546033839
:10E87000073815F0010F07D1013015F4807F02BF72
:10E88000013015F4C03F0130F0BC0138704700BFC3
:10E890007047704770B5456A04460E463DB9102072
:10E8A000FEF790FA6062C0E901550560C560656ACF
:10E8B000EB6883B1636ADB6853F82600B8B90121BD
:10E8C00001FA06F56A1D9200204600F0BFFA60B119
:10E8D000C0E901650EE021220421204600F0B6FACD
:10E8E000636AE860DB68002BE4D1002070BD026839
:10E8F00043F826200023C0E90333F7E770B5446AE4
:10E9000006460D463CB91020FEF75CFA7062C0E97D
:10E9100001440460C4603DB1736A6A68DB6853F8FF
:10E920002210296043F8225070BD2DE9F0410D6995
:10E930001F4606460C4601F1140C0023DCF80000CB
:10E9400081B202FB01710F0C000C02FB007089B256
:10E95000013301EB00419D424FEA10474CF8041B84
:10E96000ECDCD7B1A368AB4212DC61683046013100
:10E97000FFF790FF2269023204F10C0180469200F9
:10E980000C30FEF741FA21463046FFF7B7FF444608
:10E9900004EB850301355F6125612046BDE8F08108
:10E9A000020C12040346B2B90304102013F07F4F87
:10E9B00004BF1B02083013F0704F04BF1B0104306A
:10E9C00013F0404F04BF9B000230002B06DB5B00BE
:10E9D00003D5013070470020E8E720207047036826
:10E9E00013F0070201460BD0DA0723D4980749BF7A
:10E9F0005B089B0801200B605CBF0B600220704726
:10EA000098B2A8B91B0C102013F0FF0F04BF1B0A0B
:10EA100008301A0704BF1B0904309A0704BF9B087B
:10EA20000230DA0702D45B0806D001300B60704771
:10EA30001046E9E7002070472020704710B50C46CB
:10EA40000121FFF727FF01224461026110BD2DE97A
:10EA5000F74F14460A6923699A42B8BF0B468846A5
:10EA6000BCBFA0461C46D8F81070D4F81090D8F857
:10EA70000830D8F8041007EB0906B342B8BF0131DB
:10EA8000FFF708FF00F1140505EB860E2B46002268
:10EA9000734516D304F1140208F1140102EB890343
:10EAA00001EB87070093009B019293420CD8002E44
:10EAB00003DD5EF8043D002B5DD0066103B0BDE8C8
:10EAC000F08F43F8042BE3E7B2F800B0BBF1000F7E
:10EAD00023D08946AC464FF0000859F8044BDCF8C7
:10EAE00000A0A3B21FFA8AFA0BFB03A34FEA144A51
:10EAF000DCF8004043444FEA14480BFB0A8404EB63
:10EB00001344E2469BB243EA04434F454FEA14489C
:10EB10004AF8043B2BD8CCF80480019BB3F802A040
:10EB20000432BAF1000F20D02B688946A8464FF076
:10EB3000000BB9F800C0B8F802400AFB0C445C4472
:10EB4000C4469BB243EA04434CF8043B59F8043BE7
:10EB5000B8F804B01B0C0AFB03B303EB14434F4596
:10EB60004FEA134B05D8C8F8043004359BE7D44668
:10EB7000B3E7E046DDE7013E99E7FFFF2DE9F84303
:10EB8000154612F0030206460F4607D0013A214C03
:10EB9000002354F82220FFF7C8FE0746AD1035D0F9
:10EBA000746A3CB91020FEF70DF97062C0E90144A7
:10EBB0000460C460D6F82480D8F808404CB940F20C
:10EBC00071213046FFF73AFF0023C8F808000446D9
:10EBD00003604FF00008EB070AD53946224630465D
:10EBE000FFF735FF394681463046FFF787FE4F462F
:10EBF0006D100BD0206838B9224621463046FFF709
:10EC000026FF2060C0F800800446E4E73846BDE8EF
:10EC1000F88300BFF00801002DE9F0470C464FEAE9
:10EC2000621A236949680AEB0309A3680746164676
:10EC300009F10105AB4232DB3846FFF72BFE00231A
:10EC4000804600F114011A4653452BDB20692AEA5D
:10EC5000EA7A04F1140316F01F0201EB8A0103EBB8
:10EC6000800C25D0C2F1200E00201E688A469640F6
:10EC700030434AF8040B53F8040B9C4520FA0EF07D
:10EC800014D8486008B109F10205013D3846C8F8BA
:10EC900010502146FFF732FE4046BDE8F0870131B3
:10ECA0005B00C7E741F823200133CDE75146DCE79D
:10ECB000043953F8042B41F8042F9C45F9D8E4E7B4
:10ECC00003690A699B1A30B50CD1920014301431D3
:10ECD0008418114454F8045D51F8042D954203D072
:10ECE00005D30123184630BDA042F3D3FAE74FF015
:10ECF000FF33F7E72DE9F0470D4607461146284652
:10ED00001446FFF7DDFF061E08D131463846FFF7EF
:10ED1000C1FD0123C0E90436BDE8F087A4BF234646
:10ED20002C4638466168A6BF1D4600260126FFF71F
:10ED3000B1FD2B69C660266905F1140904F11402BE
:10ED400002EB860709EB830800F114054FF0000E73
:10ED500052F804AB59F8044B1EFA8AF1A3B2C91A4F
:10ED6000230CC3EB1A4303EB214389B24FEA234E32
:10ED7000C84541EA0343944645F8043BE8D8BC45FE
:10ED800004D355F8043D83B10661C5E75CF8041B64
:10ED90001EFA81F31A1402EB11429BB243EA0243BA
:10EDA0004FEA224E45F8043BE9E7013EE9E72DE949
:10EDB000F7430E46012159EC108B1546FFF76AFD0B
:10EDC000C9F30A540746C9F3130334BB0193B8F1DE
:10EDD000000327D002A840F8083DFFF700FE009985
:10EDE000F0B1019AC0F1200302FA03F30B43C240D1
:10EDF0007B610192019BBB61002B14BF02210121A9
:10EE00003961C4B1A4F2334404443460C0F1350024
:10EE10002860384603B0BDE8F08343F48013D5E79B
:10EE20007961E7E701A8FFF7DAFD019B7B6101212A
:10EE300039612030E5E707EB8103A0F23240306012
:10EE40001869FFF7ADFDC0EB4110E1E738B502FBF3
:10EE500001F42146FEF752F8054618B1224600217A
:10EE6000FDF7F6FF284638BDF8B5074614460E46AE
:10EE700021B91146BDE8F840FEF740B822B9FDF7C8
:10EE8000EFFF25462846F8BD00F0EEFCA0420FD269
:10EE900021463846FEF732F805460028F2D03146C2
:10EEA0002246FDF7B1FF31463846FDF7D9FFE9E7C5
:10EEB0003546E7E72DE9F0478E689E4282460C46CC
:10EEC0009046994637D88A8912F4906F31D02568D8
:10EED00009696F1A6569022305EB450595FBF3F592
:10EEE00009F101033B449D4238BF1D46530530D50F
:10EEF0002946FEF703F8064650B90C23CAF800303D
:10EF0000A38943F04003A3814FF0FF30BDE8F087B1
:10EF10003A462169FDF778FFA38923F4906343F013
:10EF20008003A381266165613E44ED1B2660A560D8
:10EF30004E464E4500D94E46324641462068FDF7C2
:10EF40006EFFA3689B1BA36023681E4426600020FD
:10EF5000DCE72A46FFF788FF06460028E2D1216950
:10EF60005046FDF77DFFC8E72DE9F04F9DB0804684
:10EF700003938B891D060C4616460FD50B696BB99A
:10EF80004021FDF7BBFF2060206128B90C23C8F8A1
:10EF900000304FF0FF30C7E0402363610023099346
:10EFA00020238DF8293030238DF82A304FF0010BC3
:10EFB00037463D4615F8013B0BB1252B3ED1B7EB4B
:10EFC000060A0BD05346324621464046FFF772FFF1
:10EFD000013000F0A480099B534409933B78002B37
:10EFE00000F09D8000234FF0FF32CDE9052304930C
:10EFF00007938DF853301A932F46052217F8011BFB
:10F000004F48FFF7F5FB049BD0B9D90644BF202237
:10F010008DF853201A0744BF2B228DF853202A78ED
:10F020002A2A15D0079A2F4600200A25394611F8BA
:10F03000013B303B092B4DD9B8B10FE02F46B8E763
:10F040003F4A801A0BFA00F0184304903D46D3E77C
:10F05000039A111D12680391002A01DB079204E054
:10F06000524243F00203079204933B782E2B0CD1BB
:10F070007B782A2B33D1039B1A1D1B680392002B2C
:10F08000B8BF4FF0FF33023705932E4D3978032276
:10F090002846FFF7ADFB38B14023401B03FA00F0D0
:10F0A000049B034301370493397827488DF82810CF
:10F0B00006227E1CFFF79CFB002838D0234B13BB95
:10F0C000039B073323F0070308330393099B4B4447
:10F0D00009936DE705FB023201200F46A6E70023E6
:10F0E0000137059319460A25384610F8012B303AA6
:10F0F000092A03D9002BC8D00591C6E705FB0121D9
:10F1000001230746F0E703AB00932246104B04A906
:10F110004046FDF7E1FFB0F1FF3F8146D6D1A3891C
:10F120005B063FF536AF09981DB0BDE8F08F03AB25
:10F1300000932246064B04A94046FEF783FAEAE70D
:10F14000FC0801000209010006090100D9D00000F5
:10F15000B5EE00009368013B002B10B4936008DA11
:10F160009469A34201DB0A2903D15DF8044B00F046
:10F1700073B91368581C1060197008465DF8044B89
:10F180007047F8B506460F461446D518AC4201D173
:10F19000002007E03A4614F8011B3046FFF7DAFF7B
:10F1A000431CF3D1F8BDFFFF2DE9F04F9DB00C4695
:10F1B00017460393064618B183690BB9FFF77CFA2B
:10F1C0007B4B9C4257D17468A38918075DD523698E
:10F1D000002B5AD00023099320238DF829303023A7
:10F1E0008DF82A304FF0010BB846454615F8013B23
:10F1F0000BB1252B54D1B8EB070A0BD053463A4636
:10F2000021463046FFF7BDFF013000F0C280099B68
:10F210005344099398F80030002B00F0BA80002383
:10F220004FF0FF32CDE90523049307938DF8533057
:10F230001A93A846052218F8011B5E48FFF7D8FA72
:10F24000049B78BBD90644BF20228DF853201A07AF
:10F2500044BF2B228DF853202A782A2A2AD0079AD5
:10F26000A84600200A25414611F8013B303B092BF6
:10F2700069D960B324E0504B9C4201D1B468A3E744
:10F280004E4B9C4208BFF4689EE72146304600F092
:10F2900047F900289ED04FF0FF301DB0BDE8F08F39
:10F2A000A846A2E7434A801A0BFA00F018430490DC
:10F2B0004546BEE7039A111D12680391002A01DB3F
:10F2C000079204E0524243F002030792049398F835
:10F2D00000302E2B0ED198F801302A2B38D1039B09
:10F2E0001A1D1B680392002BB8BF4FF0FF3308F1C3
:10F2F00002080593324D98F8001003222846FFF7C4
:10F3000077FA40B14023401B03FA00F0049B03430B
:10F3100008F10108049398F800102A488DF8281085
:10F32000062208F10107FFF763FA002837D0264BC1
:10F330001BBB039B073323F0070308330393099B8D
:10F340004B44099350E705FB0232012088468AE7C7
:10F35000002308F10108059319460A25404610F8D4
:10F36000012B303A092A03D9002BC3D00591C1E7FC
:10F3700005FB012101238046F0E703AB0093224601
:10F38000124B04A93046FDF7A7FEB0F1FF3F8146BE
:10F39000D5D1A3895B063FF57EAF09987DE703AB26
:10F3A00000932246094B04A93046FEF74BF9ECE7DF
:10F3B000C0070100FC080100E0070100A0070100F0
:10F3C0000209010006090100D9D0000083F1000004
:10F3D00010B50C46B1F90E1000F04EFA0028ABBF84
:10F3E000636DA3891B1823F48053ACBF6365A381AD
:10F3F00010BD2DE9F0411F468B89DB0505460C4603
:10F40000164605D502230022B1F90E1000F0B6F918
:10F41000A389B4F90E1023F48053A38132463B46EE
:10F420002846BDE8F04100F069B810B50C46B1F9C6
:10F430000E1000F0A3F9431CA38915BF606523F4E7
:10F44000805343F48053A38118BFA38110BDB1F949
:10F450000E1000F0D3B8FFFFF8B50E46144605466F
:10F4600018B183690BB9FFF727F9214B9C422AD1C8
:10F470006C68A369A360A3891A072ED5236963B3B7
:10F4800023692068C01A6369F6B28342374604DCF8
:10F490002146284600F048F928BBA368013BA36039
:10F4A00023685A1C22601E7063690130834204D0B5
:10F4B000A389DB0719D50A2E17D12146284600F06B
:10F4C00033F990B10FE00B4B9C4201D1AC68D0E70F
:10F4D000094B9C4208BFEC68CBE72146284600F068
:10F4E0001FF80028CCD04FF0FF373846F8BD00BFDA
:10F4F000C0070100E0070100A007010038B5074C74
:10F50000054608461146002222601A46FAF73EFCDC
:10F51000431C02D1236803B12B6038BD6C1A002054
:10F52000324B70B51D6806460C4625B1AB6913B960
:10F530002846FFF7C1F82E4B9C420FD16C68B4F9F6
:10F540000C309AB215072CD4D00611D4092232609F
:10F5500043F04003A3814FF0FF303EE0254B9C4237
:10F5600001D1AC68EBE7244B9C4208BFEC68E6E7AE
:10F57000510712D5616B41B104F14403994202D0A5
:10F580003046FDF76DFC00236363A38923F0240359
:10F59000A3810023636023692360A38943F00803E8
:10F5A000A38123694BB9A38903F42073B3F5007FCA
:10F5B00003D02146304600F017F9A28912F001036A
:10F5C0000CD00023A36063695B42A361236953B934
:10F5D000B4F90C3013F08000BAD170BD920758BF57
:10F5E0006369A360F2E70020F7E700BF2400002072
:10F5F000C0070100E0070100A007010038B5064C74
:10F60000002305460846236000F092F9431C02D10E
:10F61000236803B12B6038BD6C1A00208A892DE95C
:10F62000F041054610070C4658D44B68002B05DC0A
:10F630000B6C002B02DC0020BDE8F081E66A002E96
:10F64000F9D0002312F480522F68216A2B6032D047
:10F65000606DA3895A0705D56368C01A636B0BB147
:10F66000236CC01A00230246E66A216A2846B04786
:10F67000431CA38906D129681D2948D8294ACA40B4
:10F68000D60744D500226260D9042269226004D5DD
:10F69000421C01D12B6803B96065616B2F600029A2
:10F6A000C9D004F14403994202D02846FDF7D8FBA3
:10F6B00000206063C0E701232846B047411CC8D141
:10F6C0002B68002BC5D01D2B01D0162B01D12F602C
:10F6D000B1E7A38943F04003A381ADE70F69002F91
:10F6E000A9D093070E6808BF4B690F6018BF0023AD
:10F6F000A6EB07088B60B8F1000F9CDD43463A4645
:10F70000216AA66A2846B047002806DCA38943F090
:10F710004003A3814FF0FF308EE70744A8EB0008B9
:10F72000E9E700BF0100402038B50B6905460C46EB
:10F73000DBB118B183690BB9FEF7BEFF0C4B9C42DD
:10F7400009D16C68B4F90C307BB121462846BDE87C
:10F750003840FFF763BF074B9C4201D1AC68F1E72B
:10F76000054B9C4208BFEC68ECE7002038BD00BFA9
:10F77000C0070100E0070100A007010038B5074CF1
:10F78000054608461146002222601A4600F0F8F8A5
:10F79000431C02D1236803B12B6038BD6C1A0020D2
:10F7A00070B50E46B1F90E10002996B014461D46EC
:10F7B00007DA00232B60B3891A0610D44FF4806354
:10F7C0000EE06A4600F06AF80028F2DB019A02F4C3
:10F7D0007042A2F500535A425A412A60EEE7402394
:10F7E0000020236016B070BD8B8973B59D07064657
:10F7F0000C4607D504F147032360236101236361AD
:10F8000002B070BD01AB6A46FFF7CAFF009905461A
:10F810003046FDF773FB48B9B4F90C309A05EFD4C4
:10F8200023F0030343F00203A381E3E70D4BB3622C
:10F83000A389206043F08003A381009B6361019B47
:10F8400020615BB1B4F90E10304600F039F828B1F0
:10F85000A38923F0030343F00103A381A3891D437C
:10F86000A581CDE781E6000051F8043C181F002B6C
:10F87000BCBF0B58C018704738B5074C0546084642
:10F880001146002222601A4600F082F8431C02D181
:10F89000236803B12B6038BD6C1A002038B5074CC3
:10F8A0000023054608461146236000F049F8431C32
:10F8B00002D1236803B12B6038BD00BF6C1A002051
:10F8C00038B5064C002305460846236000F048F88A
:10F8D000431C02D1236803B12B6038BD6C1A002091
:10F8E0004FEA410212F5001215D211D56FF4787368
:10F8F000B3EB625212D94FEAC12343F0004343EA0B
:10F90000505311F0004F23FA02F018BF40427047E5
:10F910004FF00000704750EA013005D111F000406F
:10F9200008BF6FF0004070474FF00000704700BF05
:10F93000024B58221A604FF0FF3070476C1A0020BB
:10F94000024B58221A604FF0FF3070476C1A0020AB
:10F95000024B58221A604FF0FF3070476C1A00209B
:10F96000024B58221A600020704700BF6C1A00201A
:10F97000024B58221A604FF0FF3070476C1A00207B
:10F98000024B58221A604FF0FF3070476C1A00206B
:10F99000024B58221A604FF0FF3070476C1A00205B
:10F9A000FEE700BF4275696C742077697468205265
:10F9B000656E6573617320416476616E6365642072
:10F9C000466C657869626C6520536F667477617206
:10F9D00065205061636B6167652076657273696F3E
:10F9E0006E20342E302E3000342E302E30000000A9
:10F9F00000000004F8B500BFF8BC08BC9E46704784
:10FA0000F8B500BFF8BC08BC9E4670471400828160
:10FA10005400C28194008280D4801401C280940179
:10FA2000C283D48114829402C28194055209440095
:10FA30008200090051080C80540552014600420022
:10FA40000B0057080E8014051C00920811008B084B
:10FA50001080D4041A0092001780520842000980D6
:10FA600052000280128812801A00520051004B0A84
:10FA70004E801C005208C2009700490A4C80D200F8
:10FA800002019100510A5080D20851088B8012095E
:10FA900004001100510A50801201440042000B0082
:10FAA000578A4600020009801208C20049881200E5
:10FAB00082004B88120982018900578A1201420193
:10FAC0008B80D289D201428292090600420117003E
:10FAD0004B889209420109000C80920102010B003F
:10FAE0000E801404928054049208C2024B8894043D
:10FAF000D208020349881E005482920104000200C9
:10FB000011805209C2015700498AFFFF010300001A
:10FB1000B4FA000002030000BCFA00000401000077
:10FB20005AFA00000501000060FA0000060100001A
:10FB300064FA00000701000066FA00000B010000F3
:10FB40007EFA00000C01000088FA000004030000A7
:10FB5000C4FA000003030000C2FA00000301000021
:10FB600052FA00000B040000DAFA00000A04000058
:10FB7000D2FA00000201000046FA00000E00000068
:10FB8000F6FA0000000000000CFA0000010000007E
:10FB900010FA00000200000014FA00000101000049
:10FBA00038FA0000000100002AFA000000050000F9
:10FBB000E2FA00000804000002FB00000901000056
:10FBC00068FA00000A01000072FA00000105000056
:10FBD000E6FA000002050000EEFA00000004000052
:10FBE000FAFA000001040000C8FA00000300000057
:10FBF00018FA0000040000001AFA00000B000000D0
:10FC00001EFA00000C00000022FA00000D000000A7
:10FC100024FA00000F00000026FA00000402000091
:10FC20008EFA00000502000098FA000006020000AB
:10FC3000A2FA00000C020000A8FA00000D02000069
:10FC4000AEFA00000403010C00091408111C10197D
:10FC500018FFFFFF060008001000180020004000F9
:10FC60006000800000018001000200040008FFFF26
:10FC70000A0900000A0900003F0B00000100020011
:10FC8000080010000000000000000000A58800002F
:10FC9000ED93000071880000838800000789000050
:10FCA000C98900008D88000079880000998B0000C8
:10FCB000D9880000758800000C0A080E1018021977
:10FCC0001D1F01FF0000000000000000FD9100006A
:10FCD000636D5F6261636B74726163655F666175BA
:10FCE0006C7400696E69745F6F6B0028257329203E
:10FCF00068617320617373657274206661696C65F5
:10FD0000642061742025732E00216F6E5F6661751B
:10FD10006C74004661756C74206F6E20696E74653A
:10FD20007272757074206F722062617265206D65E9
:10FD300074616C286E6F204F532920656E7669724E
:10FD40006F6E6D656E74003D3D3D3D3D3D3D3D3DFD
:10FD50003D3D3D3D3D3D3D3D3D3D20526567697327
:10FD60007465727320696E666F726D6174696F6E0F
:10FD7000203D3D3D3D3D3D3D3D3D3D3D3D3D3D3DD0
:10FD80003D3D3D3D3D00202025733A20253038780B
:10FD9000202025733A2025303878202025733A20FA
:10FDA00025303878202025733A2025303878003DDA
:10FDB0003D3D3D3D3D3D3D3D3D3D3D3D3D3D3D3D73
:10FDC0003D3D3D3D3D3D3D3D3D3D3D3D3D3D3D3D63
:10FDD0003D3D3D3D3D3D3D3D3D3D3D3D3D3D3D3D53
:10FDE0003D3D3D3D3D3D3D3D3D3D3D3D3D00486151
:10FDF0007264206661756C74206973206361757329
:10FE00006564206279206661696C6564207665634B
:10FE1000746F72206665746368004D656D6F7279EA
:10FE2000206D616E6167656D656E74206661756CCD
:10FE30007420697320636175736564206279206939
:10FE40006E737472756374696F6E2061636365733A
:10FE5000732076696F6C6174696F6E004D656D6FAC
:10FE60007279206D616E6167656D656E7420666183
:10FE7000756C7420697320636175736564206279A1
:10FE80002064617461206163636573732076696FB8
:10FE90006C6174696F6E004D656D6F7279206D6174
:10FEA0006E6167656D656E74206661756C7420693E
:10FEB000732063617573656420627920756E737455
:10FEC00061636B696E67206572726F72004D656D5C
:10FED0006F7279206D616E6167656D656E74206605
:10FEE00061756C7420697320636175736564206249
:10FEF0007920737461636B696E67206572726F72CB
:10FF0000004D656D6F7279206D616E6167656D651D
:10FF10006E74206661756C742069732063617573FB
:10FF2000656420627920666C6F6174696E672D70FC
:10FF30006F696E74206C617A7920737461746520C6
:10FF4000707265736572766174696F6E005468656E
:10FF5000206D656D6F7279206D616E6167656D658D
:10FF60006E74206661756C74206F63637572726560
:10FF7000642061646472657373206973202530386E
:10FF80007800427573206661756C74206973206314
:10FF9000617573656420627920696E73747275632C
:10FFA00074696F6E206163636573732076696F6C2B
:10FFB0006174696F6E00427573206661756C7420A0
:10FFC000697320636175736564206279207072655E
:10FFD0006369736520646174612061636365737331
:10FFE0002076696F6C6174696F6E0042757320666C
:10FFF00061756C7420697320636175736564206238
:020000021000EC
:100000007920696D707265636973652064617461DC
:10001000206163636573732076696F6C6174696FC7
:100020006E00427573206661756C7420697320637D
:10003000617573656420627920756E737461636B9A
:10004000696E67206572726F720042757320666117
:10005000756C7420697320636175736564206279BF
:1000600020737461636B696E67206572726F7200D2
:10007000427573206661756C7420697320636175C5
:1000800073656420627920666C6F6174696E672D98
:10009000706F696E74206C617A7920737461746515
:1000A00020707265736572766174696F6E00546852
:1000B0006520627573206661756C74206F6363756B
:1000C0007272656420616464726573732069732061
:1000D00025303878005573616765206661756C74EA
:1000E000206973206361757365642062792061748F
:1000F00074656D70747320746F20657865637574B2
:100100006520616E20756E646566696E6564206940
:100110006E737472756374696F6E00557361676591
:10012000206661756C742069732063617573656402
:1001300020627920617474656D70747320746F200F
:1001400073776974636820746F20616E20696E76BE
:10015000616C69642073746174652028652E672E54
:100160002C2041524D2900557361676520666175E9
:100170006C742069732063617573656420627920F3
:10018000617474656D70747320746F20646F206186
:100190006E20657863657074696F6E207769746826
:1001A0002061206261642076616C756520696E2033
:1001B000746865204558435F52455455524E206E31
:1001C000756D626572005573616765206661756C57
:1001D000742069732063617573656420627920619E
:1001E0007474656D70747320746F206578656375C1
:1001F0007465206120636F70726F636573736F72D3
:1002000020696E737472756374696F6E00557361E3
:100210006765206661756C7420697320636175730E
:10022000656420627920696E646963617465732016
:100230007468617420616E20756E616C69676E65AB
:100240006420616363657373206661756C742068F4
:1002500061732074616B656E20706C61636500551D
:1002600073616765206661756C74206973206361D2
:100270007573656420627920496E64696361746591
:1002800073206120646976696465206279207A65EB
:10029000726F206861732074616B656E20706C6191
:1002A0006365202863616E20626520736574206F2A
:1002B0006E6C79206966204449565F305F54525015
:1002C0002069732073657429004465627567206630
:1002D00061756C7420697320636175736564206255
:1002E000792068616C7420726571756573746564DA
:1002F00020696E204E56494300446562756720664A
:1003000061756C7420697320636175736564206224
:100310007920424B505420696E737472756374690E
:100320006F6E2065786563757465640044656275F9
:1003300067206661756C74206973206361757365ED
:100340006420627920445754206D61746368206F83
:1003500063637572726564004465627567206661E7
:10036000756C7420697320636175736564206279AC
:1003700020566563746F72206665746368206F63CE
:1003800063757272656400446562756720666175A5
:100390006C742069732063617573656420627920D1
:1003A000454442475251207369676E616C20617306
:1003B000736572746564004669726D776172652059
:1003C0006E616D653A2025732C20636F6D70696CCA
:1003D0006564206F6E3A202573004552524F523AA1
:1003E00020556E61626C6520746F2067657420749F
:1003F0006865206D61696E20737461636B20696E3E
:10040000666F726D6174696F6E2C20706C656173BC
:100410006520636865636B2074686520636F6E6632
:10042000696775726174696F6E206F6620746865A4
:10043000206D61696E20737461636B004572726F29
:10044000723A204D61696E20737461636B282530A8
:1004500038782920776173206F766572666C6F77C4
:10046000000D0A003D3D3D3D3D20546872656164CC
:1004700020737461636B20696E666F726D6174695D
:100480006F6E203D3D3D3D3D002020616464723A29
:10049000202530387820202020646174613A20259E
:1004A000303878002530386C78002E656C66005343
:1004B000686F77206D6F72652063616C6C20737458
:1004C00061636B20696E666F2062792072756E3A87
:1004D0002061646472326C696E65202D652025731D
:1004E0002573202D61202D662025730044756D70C5
:1004F0002063616C6C20737461636B20686173208E
:10050000616E206572726F7200523120005230208D
:100510000052332000523220004C5220005231321F
:100520000050535200504320004175672020312075
:10053000323032360000524100222F5573657273FB
:100540002F726F7579756E2F4465736B746F702F92
:10055000495952432D323032362F2E6172647569FB
:100560006E6F2F6275696C642F756E6F7234776968
:1005700066692F4C696E6B47756172645F41726486
:1005800075696E6F2E696E6F2200FFFF1DA000005F
:1005900071A00000A1A0000045A1000001A2000080
:1005A0000000000011A3000001A3000019A3000037
:1005B000DDA30000BDA50000000000000000000059
:1005C00000000000C7BC00006BBD0000E9BC0000DB
:1005D000F5BC0000DDBC000033BD000001BD000023
:1005E000BBBC0000B5BC0000C5BC0000CDBD000018
:1005F000630401000806010010060100DE19002056
:100600001C0601002506010041726475696E6F00C9
:10061000554E4F20523420576946690043444320C9
:10062000506F7274004446552D525420506F7274AE
:1006300000000000000000000000000000000000BA
:1006400000000000000000000000000000000000AA
:1006500000FFFFFF28000020504F53495800494E2B
:100660004600696E66004E414E006E616E003000BD
:1006700030313233343536373839414243444546D8
:10068000003031323334353637383961626364656E
:100690006600002020202020202020202828282834
:1006A0002820202020202020202020202020202042
:1006B0002020208810101010101010101010101092
:1006C00010101004040404040404040404101010A2
:1006D000101010104141414141410101010101014E
:1006E00001010101010101010101010101011010DC
:1006F0001010101042424242424202020202020222
:1007000002020202020202020202020202021010AD
:100710001010200000000000000000000000000099
:1007200000000000000000000000000000000000C9
:1007300000000000000000000000000000000000B9
:1007400000000000000000000000000000000000A9
:100750000000000000000000000000000000000099
:100760000000000000000000000000000000000089
:100770000000000000000000000000000000000079
:100780000000000000000000000000000000000069
:10079000000000496E66696E697479004E614E0012
:1007A0000000000000000000000000000000000049
:1007B0000000000000000000000000000000000039
:1007C0000000000000000000000000000000000029
:1007D0000000000000000000000000000000000019
:1007E0000000000000000000000000000000000009
:1007F00000000000000000000000000000000000F9
:100800000080E03779C34143176E05B5B5B893460C
:10081000F5F93FE9034F384D321D30F94877825AD8
:100820003CBF737FDD4F1575000000000000F03FF6
:1008300000000000000024400000000000005940BB
:100840000000000000408F40000000000088C3400E
:1008500000000000006AF8400000000080842E4183
:1008600000000000D01263410000000084D79741CF
:100870000000000065CDCD41000000205FA00242D5
:10088000000000E876483742000000A2941A6D424A
:10089000000040E59C30A2420000901EC4BCD6423D
:1008A00000003426F56B0C430080E03779C34143E8
:1008B00000A0D8855734764300C84E676DC1AB435E
:1008C000003D9160E458E143408CB5781DAF15447C
:1008D00050EFE2D6E41A4B4492D54D06CFF0804457
:1008E000F64AE1C7022DB544B49DD9794378EA446C
:1008F00005000000190000007D000000232D302BB2
:100900002000686C4C0065666745464700FFFFFFA6
:0409100000000000E3
:10091C000A000000FF000000000009400A0000006F
:10092C0001120100020202014041236D000001018D
:10093C00020301002800002000000000C007010095
:10094C00E0070100A007010000000000000000000B
:10095C00000000000000000000000000000000008B
:10096C00000000000000000000000000000000007B
:10097C00000000000000000000000000000000006B
:10098C00000000000000000000000000000000005B
:10099C000000000000000000430000000000000008
:1009AC00000000000000000000000000000000003B
:1009BC0000000000000000004300000000000000E8
:1009CC00000000000000000000000000000000001B
:1009DC0000000000000000004300000000000000C8
:1009EC0000000000000000000000000000000000FB
:1009FC0000000000000000004300000000000000A8
:100A0C0000000000000000000000000000000000DA
:100A1C000000000000000000430000000000000087
:100A2C0000000000000000000000000000000000BA
:100A3C000000000000000000430000000000000067
:100A4C00000000000000000000000000000000009A
:100A5C000000000000000000430000000000000047
:100A6C00000000000000000000000000000000007A
:100A7C00000000000000000091D90000E5CD00004E
:100A8C00000000009206010007FD00006304010055
:100A9C0063040100630401006304010063040100AA
:100AAC00630401006304010063040100630401009A
:100ABC00FFFFFFFFFFFFFFFFFFFFFFFFFFFF000038
:100ACC0001004153434949000000000000000000B0
:100ADC00000000000000000000000000000000000A
:100AEC000000415343494900000000000000000091
:100AFC0000000000000000000000000000000000EA
:100B0C0000000000E540000039880000618D000005
:100B1C007D8D0000998D0000B58D00008191000045
:100B2C00C5930000759C0000559E000071BE00002E
:100B3C00C14000004D880000C18D0000CD91000027
:040B4C00619E0000A6
:040000030000764D36
:00000001FF
