:020000040800F2
:1000000068A90420017600081B700108ED7500083E
:10001000ED750008ED750008ED750008ED75000838
:100020000000000000000000000000000177000850
:10003000ED750008000000006D76000811EF000863
:100040001579000815790008157900081579000858
:100050001579000815790008157900081579000848
:100060001579000815790008157900081579000838
:100070001579000815790008157900081579000828
:100080001579000815790008157900081579000818
:100090001579000815790008157900081579000808
:1000A00015790008157900081579000815790008F8
:1000B00015790008157900081579000815790008E8
:1000C00015790008157900081579000815790008D8
:1000D00015790008157900081579000815790008C8
:1000E00015790008157900081579000815790008B8
:1000F00015790008157900081579000815790008A8
:100100001579000815790008157900081579000897
:100110001579000815790008157900081579000887
:100120001579000815790008157900081579000877
:100130001579000815790008157900081579000867
:100140001579000815790008157900081579000857
:100150001579000815790008157900081579000847
:100160001579000815790008157900081579000837
:100170001579000815790008157900081579000827
:100180001579000815790008157900081579000817
:100190001579000815790008157900081579000807
:1001A00015790008157900081579000815790008F7
:1001B00015790008157900081579000815790008E7
:1001C00015790008157900081579000815790008D7
:1001D00015790008157900081579000815790008C7
:1001E00015790008157900081579000815790008B7
:1001F00015790008157900081579000815790008A7
:100200001579000815790008157900081579000896
:100210001579000815790008157900081579000886
:100220001579000815790008157900081579000876
:040230001579000834
:10023800002902D0B0FBF1F0704708B14FF0FF3051
:1002480000F01EB80029F8D00246B0FBF1F000FB20
:1002580011217047002902D090FBF1F07047002867
:10026800C8BF6FF00040B8BF4FF0004000F008B8BA
:100278000029F4D0024690FBF1F000FB11217047F1
:10028800704700BF81F0004102E000BF83F00043E7
:1002980030B54FEA41044FEA430594EA050F08BF19
:1002A80090EA020F1FBF54EA000C55EA020C7FEADD
:1002B800645C7FEA655C00F0E2804FEA5454D4EB5A
:1002C8005555B8BF6D420CDD2C4480EA020281EA24
:1002D800030382EA000083EA010180EA020281EA5C
:1002E8000303362D88BF30BD11F0004F4FEA0131AE
:1002F8004FF4801C4CEA113102D0404261EB4101BD
:1003080013F0004F4FEA03334CEA133302D0524242
:1003180063EB430394EA050F00F0A780A4F10104FE
:10032800D5F1200E0DDB02FA0EFC22FA05F2801838
:1003380041F1000103FA0EF2801843FA05F359411E
:100348000EE0A5F120050EF1200E012A03FA0EFC9D
:1003580028BF4CF0020C43FA05F3C01851EBE371C7
:1003680001F0004507D54FF0000EDCF1000C7EEBE4
:1003780000006EEB0101B1F5801F1BD3B1F5001F22
:100388000CD349085FEA30004FEA3C0C04F1010441
:100398004FEA445212F5800F80F09A80BCF1004F6A
:1003A80008BF5FEA500C50F1000041EB045141EAEC
:1003B800050130BD5FEA4C0C404141EB0101013CB5
:1003C80028BFB1F5801FE9D291F0000F04BF0146A4
:1003D8000020B1FA81F308BF2033A3F10B03B3F176
:1003E80020020CDA0C3208DD02F1140CC2F10C0206
:1003F80001FA0CF021FA02F10CE002F11402D8BF64
:10040800C2F1200C01FA02F120FA0CFCDCBF41EA2F
:100418000C019040E41AA2BF01EB0451294330BDFE
:100428006FEA04041F3C1CDA0C340EDC04F11404DB
:10043800C4F1200220FA04F001FA02F340EA0300B2
:1004480021FA04F345EA030130BDC4F10C04C4F1F8
:10045800200220FA02F001FA04F340EA03002946D8
:1004680030BD21FA04F0294630BD94F0000F83F422
:10047800801306BF81F480110134013D4EE77FEA05
:10048800645C18BF7FEA655C29D094EA050F08BF51
:1004980090EA020F05D054EA000C04BF1946104632
:1004A80030BD91EA030F1EBF0021002030BD5FEA76
:1004B800545C05D14000494128BF41F0004130BD9E
:1004C80014F580043CBF01F5801130BD01F00045F2
:1004D80045F0FE4141F470014FF0000030BD7FEA65
:1004E800645C1ABF194610467FEA655C1CBF0B4660
:1004F800024650EA013406BF52EA033591EA030F77
:1005080041F4002130BD00BF90F0000F04BF00216E
:10051800704730B54FF4806404F132044FF00005A1
:100528004FF0000150E700BF90F0000F04BF00211A
:10053800704730B54FF4806404F1320410F0004580
:1005480048BF40424FF000013EE700BF42004FEA7B
:10055800E2014FEA31014FEA02701FBF12F07F43F8
:1005680093F07F4F81F06051704732F07F4208BFAF
:10057800704793F07F4F04BF41F40021704730B5B6
:100588004FF4607401F0004521F000411CE700BF02
:1005980050EA010208BF704730B54FF000050AE085
:1005A80050EA010208BF704730B511F0004502D586
:1005B800404261EB41014FF4806404F132045FEA88
:1005C800915C3FF4D8AE4FF003025FEADC0C18BF31
:1005D80003325FEADC0C18BF033202EBDC02C2F123
:1005E800200300FA03FC20FA02F001FA03FE40EAB5
:1005F8000E0021FA02F11444BDE600BF70B54FF0B9
:10060800FF0C4CF4E06C1CEA11541DBF1CEA135596
:1006180094EA0C0F95EA0C0F00F0DEF82C4481EAFE
:10062800030621EA4C5123EA4C5350EA013518BF1E
:1006380052EA033541F4801143F4801338D0A0FB0B
:1006480002CE4FF00005E1FB02E506F00042E0FBB8
:1006580003E54FF00006E1FB03569CF0000F18BFBE
:100668004EF0010EA4F1FF04B6F5007F64F5407466
:1006780004D25FEA4E0E6D4146EB060642EAC621F9
:1006880041EA55514FEAC52040EA5E504FEACE2E66
:10069800B4F1FD0C88BFBCF5E06F1ED8BEF1004F69
:1006A80008BF5FEA500E50F1000041EB045170BDE5
:1006B80006F0004646EA010140EA020081EA030129
:1006C800B4EB5C04C2BFD4EB0C0541EA045170BD25
:1006D80041F480114FF0000E013C00F3AB8014F19F
:1006E800360FDEBF002001F0004170BDC4F10004E8
:1006F800203C35DA0C341BDC04F11404C4F1200569
:1007080000FA05F320FA04F001FA05F240EA0200C3
:1007180001F0004221F0004110EBD37021FA04F6F9
:1007280042EB06015EEA430E08BF20EAD37070BDB3
:10073800C4F10C04C4F1200500FA04F320FA05F012
:1007480001FA04F240EA020001F0004110EBD37014
:1007580041F100015EEA430E08BF20EAD37070BD84
:10076800C4F1200500FA05F24EEA020E20FA04F35D
:1007780001FA05F243EA020321FA04F001F000410C
:1007880021FA04F220EA020000EBD3705EEA430E7D
:1007980008BF20EAD37070BD94F0000F0FD101F0AC
:1007A8000046400041EB010111F4801F08BF013CE5
:1007B800F7D041EA060195F0000F18BF704703F023
:1007C8000046520043EB030313F4801F08BF013DAA
:1007D800F7D043EA0603704794EA0C0F0CEA135566
:1007E80018BF95EA0C0F0CD050EA410618BF52EA20
:1007F8004306D1D181EA030101F000414FF0000026
:1008080070BD50EA410606BF1046194652EA430633
:1008180019D094EA0C0F02D150EA013613D195EAA7
:100828000C0F05D152EA03361CBF104619460AD1EF
:1008380081EA030101F0004141F0FE4141F47001F9
:100848004FF0000070BD41F0FE4141F4780170BDE9
:1008580070B54FF0FF0C4CF4E06C1CEA11541DBF4E
:100868001CEA135594EA0C0F95EA0C0F00F0A7F850
:10087800A4EB050481EA030E52EA03354FEA01317D
:1008880000F088804FEA03334FF0805545EA131390
:1008980043EA12634FEA022245EA111545EA106558
:1008A8004FEA00260EF000419D4208BF964244F1EF
:1008B800FD0404F5407402D25B084FEA3202B61A0E
:1008C80065EB03055B084FEA32024FF480104FF4E2
:1008D800002CB6EB020E75EB030E22BFB61A754656
:1008E80040EA0C005B084FEA3202B6EB020E75EBE9
:1008F800030E22BFB61A754640EA5C005B084FEA51
:100908003202B6EB020E75EB030E22BFB61A75461D
:1009180040EA9C005B084FEA3202B6EB020E75EB28
:10092800030E22BFB61A754640EADC0055EA060EE9
:1009380018D04FEA051545EA16754FEA06164FEA2C
:10094800C30343EA52734FEAC2025FEA1C1CC0D1D8
:1009580011F4801F0BD141EA00014FF000004FF065
:10096800004CB6E711F4801F04BF01430020B4F126
:10097800FD0C88BFBCF5E06F3FF6AFAEB5EB030CDE
:1009880004BFB6EB020C5FEA500C50F1000041EBDB
:10099800045170BD0EF0004E4EEA113114EB5C04A8
:1009A800C2BFD4EB0C0541EA045170BD41F480117B
:1009B8004FF0000E013C90E645EA060E8DE60CEA83
:1009C800135594EA0C0F08BF95EA0C0F3FF43BAFA0
:1009D80094EA0C0F0AD150EA01347FF434AF95EA57
:1009E8000C0F7FF425AF104619462CE795EA0C0F3B
:1009F80006D152EA03353FF4FDAE1046194622E708
:100A080050EA410618BF52EA43067FF4C5AE50EAE1
:100A180041047FF40DAF52EA43057FF4EBAE12E7D1
:100A28004FF0FF3C06E000BF4FF0010C02E000BFB2
:100A38004FF0010C4DF804CD4FEA410C7FEA6C5C95
:100A48004FEA430C18BF7FEA6C5C1BD001B050EA38
:100A5800410C0CBF52EA430C91EA030F02BF90EA23
:100A6800020F0020704710F1000F91EA030F58BFE2
:100A7800994208BF90422CBFD8176FEAE37040F044
:100A8800010070474FEA410C7FEA6C5C02D150EAE2
:100A9800013C07D14FEA430C7FEA6C5CD6D152EA9D
:100AA800033CD3D05DF8040B704700BF8446104662
:100AB80062468C461946634600E000BF01B5FFF761
:100AC800B7FF002848BF10F1000F01BD4DF808ED31
:100AD800FFF7F4FF0CBF012000205DF808FB00BF02
:100AE8004DF808EDFFF7EAFF34BF012000205DF85C
:100AF80008FB00BF4DF808EDFFF7E0FF94BF0120A9
:100B080000205DF808FB00BF4DF808EDFFF7CEFFA9
:100B180094BF012000205DF808FB00BF4DF808EDE8
:100B2800FFF7C4FF34BF012000205DF808FB00BFB9
:100B38004FEA410C7FEA6C5C02D150EA013C0AD1D1
:100B48004FEA430C7FEA6C5C02D152EA033C02D1C3
:100B58004FF0000070474FF0010070474FEA410224
:100B680012F5001215D211D56FF47873B3EB6252F7
:100B780012D94FEAC12343F0004343EA505311F01E
:100B8800004F23FA02F018BF404270474FF00000B0
:100B9800704750EA013005D111F0004008BF6FF0EE
:100BA800004070474FF00000704700BF4A0011D264
:100BB80012F5001211D20DD56FF47873B3EB6252AF
:100BC8000ED44FEAC12343F0004343EA505323FABB
:100BD80002F070474FF00000704750EA013002D130
:100BE8004FF0FF3070474FF0000070474FEA410266
:100BF800B2F1E04324BFB3F5001CDCF1FE5C0DD973
:100C080001F0004C4FEAC0024CEA5070B2F1004FBC
:100C180040EB830008BF20F00100704711F0804FBF
:100C280021D113F13872BCBF01F00040704741F484
:100C380080114FEA5252C2F11802C2F1200C10FA88
:100C48000CF320FA02F018BF40F001004FEAC1236C
:100C58004FEAD32303FA0CFC40EA0C0023FA02F310
:100C68004FEA4303CCE77FEA625307D150EA0133E6
:100C78001EBF4FF0FE4040F44000704701F00040B6
:100C880040F0FE4040F40000704700BF80F0004094
:100C980002E000BF81F0004142001FBF5FEA41034C
:100CA80092EA030F7FEA226C7FEA236C6AD04FEA4C
:100CB8001262D2EB1363C1BFD21841404840414091
:100CC800B8BF5B42192B88BF704710F0004F40F443
:100CD800000020F07F4018BF404211F0004F41F45F
:100CE800000121F07F4118BF494292EA030F3FD02B
:100CF800A2F1010241FA03FC10EB0C00C3F120033E
:100D080001FA03F100F0004302D5494260EB4000CC
:100D1800B0F5000F13D3B0F1807F06D340084FEA37
:100D2800310102F10102FE2A51D2B1F1004F40EB2C
:100D3800C25008BF20F0010040EA03007047490094
:100D480040EB0000013A28BFB0F5000FEDD2B0FA31
:100D580080FCACF1080CB2EB0C0200FA0CF0AABF54
:100D680000EBC25052421843BCBFD04018437047F2
:100D780092F0000F81F4000106BF80F400000132F8
:100D8800013BB5E74FEA41037FEA226C18BF7FEACF
:100D9800236C21D092EA030F04D092F0000F08BF11
:100DA8000846704790EA010F1CBF0020704712F0F8
:100DB8007F4F04D1400028BF40F00040704712F137
:100DC80000723CBF00F50000704700F0004343F09C
:100DD800FE4040F4000070477FEA226216BF0846D2
:100DE8007FEA23630146420206BF5FEA412390EA95
:100DF800010F40F4800070474FF0000304E000BF8B
:100E080010F0004348BF40425FEA000C08BF70473B
:100E180043F0964301464FF000001CE050EA0102FF
:100E280008BF70474FF000030AE000BF50EA010214
:100E380008BF704711F0004302D5404261EB410101
:100E48005FEA010C02BF84460146002043F0B64326
:100E580008BFA3F18053A3F50003BCFA8CF2083A4B
:100E6800A3EBC25310DB01FA02FC634400FA02FC54
:100E7800C2F12002BCF1004F20FA02F243EB02005B
:100E880008BF20F00100704702F1200201FA02FCBD
:100E9800C2F1200250EA4C0021FA02F243EB0200B0
:100EA80008BF20EADC7070474FF0FF3C06E000BF47
:100EB8004FF0010C02E000BF4FF0010C4DF804CDDB
:100EC8004FEA40024FEA41037FEA226C18BF7FEAEB
:100ED800236C11D001B052EA530C18BF90EA010FED
:100EE80058BFB2EB030088BFC81738BF6FEAE1707C
:100EF80018BF40F0010070477FEA226C02D15FEA18
:100F0800402C05D17FEA236CE4D15FEA412CE1D083
:100F18005DF8040B704700BF844608466146FFE74A
:100F28000FB5FFF7C9FF002848BF10F1000F0FBD2C
:100F38004DF808EDFFF7F4FF0CBF012000205DF825
:100F480008FB00BF4DF808EDFFF7EAFF34BF0120AA
:100F580000205DF808FB00BF4DF808EDFFF7E0FF43
:100F680094BF012000205DF808FB00BF4DF808ED94
:100F7800FFF7D2FF94BF012000205DF808FB00BFF7
:100F88004DF808EDFFF7C8FF34BF012000205DF8D9
:100F980008FB00BF4FEA40024FEA41037FEA226C98
:100FA80002D15FEA402C08D17FEA236C02D15FEAC4
:100FB800412C02D14FF0000070474FF001007047FC
:100FC8007BB972B90029BEBF00204FF0004106E08E
:100FD80008BF00281CBF6FF000414FF0FF30FFF73B
:100FE8004FB9ADF1080C6DE904CE002909DB002BDF
:100FF8001ADB00F0AFF8DDF804E0DDE9022304B005
:101008007047404261EB4101002B1BDB00F0A2F866
:10101800DDF804E0DDE9022304B0404261EB410160
:10102800524263EB43037047524263EB430300F0C1
:1010380091F8DDF804E0DDE9022304B0404261EBF9
:1010480041017047524263EB430300F083F8DDF837
:1010580004E0DDE9022304B0524263EB4303704726
:1010680053B94AB9002908BF00281CBF4FF0FF3107
:101078004FF0FF30FFF704B9ADF1080C6DE904CE6D
:1010880000F068F8DDF804E0DDE9022304B07047F9
:10109800D0B500220B4B06460F46FFF7AFFAFFF715
:1010A80085FD0446FFF730FA0022074BFFF7A6FA42
:1010B80002460B4630463946FFF7E8F8FFF776FD5B
:1010C8002146D0BD0000F03D0000F04110F8012B92
:1010D80011F8013B012A28BF9A42F7D0D01A70476D
:1010E800034611F8012B03F8012B002AF9D17047A8
:1010F800034613F8012B002AFBD1181A0138704750
:10110800430803F05533C01A00F03333800800F069
:10111800333018444FF0013300EB101000F00F305B
:101128005843000E704738B50022002304460D4688
:10113800FFF7D6FC28B920462946BDE83840FFF716
:10114800A7BF204605F10041FFF7A2FF404261EB2F
:10115800410138BD2DE9F04786468C460846089E71
:10116800154674461946002B40F0C1808542B2FAF4
:1011780082F245D94AB1C2F1200300FA02FC954037
:1011880094402EFA03F343EA0C0C4FEA154EA8B22A
:10119800230CBCFBFEF80EFB18CC08FB00F943EA55
:1011A8000C43994528D9EB1808F1FF3704D2994523
:1011B80002D9A8F102072B44A3EB0903A4B2B3FB9D
:1011C800FEFC0EFB1C330CFB00F044EA0344A04277
:1011D80014D92C190CF1FF3304D2A04202D9ACF176
:1011E80002032C44241A43EA07401EB1D4400023CA
:1011F80034607360BDE8F0874746DDE76346F1E792
:1012080092BB431B01214FEA154EAFB2200CB3FB32
:10121800FEFC0EFB1C330CFB07F840EA0343984521
:1012280061D9EB180CF1FF3004D2984502D9ACF122
:1012380002002B44A3EB0803A4B2B3FBFEFC0EFB95
:101248001C330CFB07F744EA0344A7424DD92C1979
:101258000CF1FF3304D2A74202D9ACF102032C44AB
:10126800E41B43EA0040C0E7C2F1200395409440E4
:1012780020FA03F12EFA03F34FEA154E9040AFB26D
:101288000343B1FBFEFC0EFB1C10190C0CFB07F80A
:1012980041EA0041884522D969180CF1FF3004D28F
:1012A800884502D9ACF102002944A1EB08019BB2A0
:1012B800B1FBFEFC0EFB1C110CFB07F743EA0143D4
:1012C8009F420ED9EB180CF1FF3104D29F4202D98C
:1012D800ACF102012B44DB1B41EA004193E7604675
:1012E800E3E76146F7E76046A4E76346B8E7834269
:1012F80006D916B9002108467CE7C6E900E0F9E7F7
:10130800B3FA83F78FB9834201D3724508D8BEEB8D
:10131800020460EB030301209C461EB9002169E723
:101328003846FAE7C6E9004CF8E7C7F1200CBB409D
:101338000EFA07F522FA0CF42EFA0CF1BA401C4307
:1013480020FA0CF3B8404FEA144901431FFA84FE0F
:10135800B3FBF9F809FB18300B0C08FB0EFA43EA4B
:1013680000439A4540D9E31808F1FF3004D29A4562
:1013780002D9A8F102002344A3EB0A0389B2B3FB04
:10138800F9F809FB183308FB0EFE41EA03418E45C4
:101398002CD9611808F1FF3304D28E4502D9A8F17F
:1013A8000203214443EA0040A1EB0E01A0FB02988E
:1013B8004145CE46434602D306D14D4504D20138B5
:1013C800B9EB020E68EB0403002EA7D0B5EB0E02B2
:1013D80061EB030101FA0CFC22FA07F3F9404CEA2D
:1013E8000303C6E9003199E74046C5E74346D9E714
:1013F8002DE9F04D012814461E468AB001F004017B
:1014080002D0042840F0B3806368002BC0F2AF809C
:101418005B4FA368BB4200F2AA8002AD002976D0D8
:10142800294604F0DFFCDDE90232B2F1004F08BFC3
:10143800002B0AD05B4262EB4202CDE90232049BE8
:1014480028465B42049304F06DFC2146284615F0BB
:1014580018F9D4E900324B4999424FF004039341FB
:101468002BDADDE90203022873F1000254DB42F2B1
:1014780010720138A0FB020143F1FF3302FB031194
:1014880018F0CFFE3CA3D3E900233F4C80FB04486F
:1014980020464146FFF7E4FD0023CDE906013A4A1C
:1014A80020464146FFF7DCFD00230892012228462A
:1014B80006A9CDE9022315F0E4F8DDE90248B8F100
:1014C800000F4FDB54EA0803049828D188BB224652
:1014D8004346684619F0BFF8DDE900AB41462046AF
:1014E80018F09FFE5B465246684619F0D9F8DDE9C8
:1014F800004854EA0803F1D12EB100230022C6E9BE
:1015080000230023B36000200AB0BDE8F08D94E802
:101518000F0085E80F009CE700200146B0E74FF078
:10152800FF336FF00042904508BF9C4201D1B8429A
:101538001BD042F21073A4FB0345144A03FB08585E
:10154800C1170023FFF78CFD4FF0FF326FF0004307
:10155800241848EB0108A24273EB0801B7D21446DD
:101568009846B4E70024A046B1E71C46FBE76FF0B5
:101578001500C9E7AFF3008000CA9A3B00000000DD
:10158800FFC99A3B08FA824B40420F00A08601002F
:101598002DE9F84F8146884600232DED028B19F876
:1015A80003605A1C202E00F07A81A6F10901042953
:1015B80040F275812B2E154632D02D2E35D00424BD
:1015C80046F02003692B4DD06E2B5DD000224FF0E2
:1015D8000A0A944613461046114614F4006E59D070
:1015E80046F02007A7F1610BBBF1050F52D8573F12
:1015F800FFB2BA4553DC46F0200604F08007782E87
:1016080040F0DC80002F00F0D98050EA010A40F059
:10161800D58044F4006E4FF0100A1FFA8EFE4DE09C
:10162800042419F802609D1CCAE74424F9E719F854
:101638000520681C42F020028A4229D0A24A93421F
:1016480017D000259FED9A8BB8F1000F02D04D44BA
:10165800C8F80050B0EE480AF0EE680ABDEC028BFC
:10166800BDE8F88F9FED948B984B13F8011B002968
:10167800DDD16306E8D518EE901A18EE102A01F1AC
:10168800004343EC182BDFE79FED8D8B904BECE785
:101698000546EAE7A6F13007FFB257452DDA44F0D0
:1016A800800E14F4807F04F400761FFA8EFE0AD0B0
:1016B800002F18BF43F0010306B9013219F805607D
:1016C8007446013589E706B1013AAAFB00060AFB10
:1016D8000161381841F1000150EA0106EED0BAF173
:1016E8000A0F0CF1010C0CBF10260F26B445E5DDDE
:1016F80044F4C07E1FFA8EFEE0E7FE2F7FF47BAF36
:10170800A70558D514F080069BD050EA010605F1CC
:10171800FF3500F0C180260540F1A9803632B1F5C9
:10172800800FC0F088806B4FB1F5000F80F0888083
:10173800BA42C0F285800343084603F00306032E2D
:1017480004D003F00606062E40F08380043341F1EE
:101758000000B0F5000F7CD30132B2F5806F80F243
:10176800988000234FF4801102F2FF3221F4801197
:101778001E4641EA025747EC186BB0EE480AF0EEF5
:10178800680A13F0FBFD0138022804D8524B2222C4
:1017980019F0F2FE1A50B0EE480AF0EE680A13F09B
:1017A800EDFD013802283FF664AF4B4B222219F0B9
:1017B800E3FE1A505DE744F4007E9BE71FFA87FAC0
:1017C800002F6ED0BEF1000F0CBF65277027BE42F8
:1017D8009BD119F805606F1C2B2E04D02D2E24D117
:1017E80044F48064A4B219F80760A6F13007092F01
:1017F8008BD8AF1C3D4640F2D34A00274FF00A0B66
:101808005745DCBF303E0BFB076719F8056001350B
:10181800A6F1300EBEF1090FF2D9660548BF7F4226
:10182800260548BF92003A446FE7A6F1300EBEF194
:10183800090FDFD969E7001802F1FF3249416EE765
:10184800460800F00100013246EAC17649083043F3
:101858006AE7B2F5806F1CDA9B08B0F5800F4FEA93
:10186800900143EA8073BFF47FAF002280E70CEB5E
:10187800020313F5A27F09DDB3F59B7F09DA00F0B7
:101888002FF8B0EE408AF0EE608A84E79FED088B6F
:1018980081E79FED098B7EE79FED058BE9E613460F
:1018A8007DE69FED038B5546CEE600BFAFF3008083
:1018B8000000000000000000000000000000F07FB1
:1018C800000000000000F87F366503083365030850
:1018D8003065030802FCFFFF140000000000000050
:1018E8002DE9FF47804616460F46002900F0A280E2
:1018F800B1FA81F4341B002E04F10A04C0F2A2806C
:10190800304612F06DFC0444304612F06FFCA4EB34
:10191800060905466946304612F090FCA9EB050316
:101928006A4640467D33394619F0C5FAA6428246D2
:101938000D4600F38380B9F13F0F00F381804FF02B
:10194800FF33A9F12000C9F1200103FA00F003FADE
:1019580009F223FA01F103FA09F3024328EA03031F
:101968000A4327EA020213430CBF01200020002D7E
:1019780000F08A80B5FA85F3E31A40F2FE7203F2AA
:101988003E43934200F38980002B23EAE376D4BFD9
:1019980001223246121BA2F23341A2F23447A2F2CC
:1019A8005344C1F1200C2AFA01F325FA04F4C7F1D3
:1019B800200E05FA0CFC25FA01F105FA0EFE43EAA1
:1019C8000C03A2F2544CA2F2544223432AFA07F41D
:1019D80025FA0CFC44EA0E0444EA0C04C7F1200C76
:1019E80014F0010F54D0A8B14FF0FF3000FA02F202
:1019F80000FA07F4144320FA0CF2B840144303F039
:101A080001022AEA000A25EA04054AEA020A5AEA11
:101A1800050A3DD0013341F10002C2F3130253EA33
:101A2800020138D0184642EA065141EC100B04B0C6
:101A3800BDE8F087B0FA80F420345BE7012096E730
:101A4800002094E7C6F10009484612F0CFFB241A9B
:101A5800484612F0CBFBA61B0546694648462E446D
:101A680012F05EFC6A46404606F17C03394619F0DE
:101A780022FA82460D464046394612F0C7FB814598
:101A88008CBF0020012072E7BAFA8AF3203373E78B
:101A9800C1F31302C6E70136C4E79FED010BC6E7A1
:101AA800000000000000F07F2DE9F84F55EC104BC6
:101AB80025F00043B8498B4215D903F1404303F59B
:101AC800801323430BD1002D00F3128296A3D3E990
:101AD800002397A1D1E90001FEF7DAFB91E0BDE808
:101AE800F84F02F039BCAD498B4200F28E80AC4A07
:101AF800934206D890A3D3E9002391A1D1E900012C
:101B0800EAE722462B4620462946FEF777FD064699
:101B18000F468DA3D3E90023FEF770FD8CA3D3E90C
:101B28000023FEF7B5FB32463B46FEF767FD8AA366
:101B3800D3E90023FEF7AAFB32463B46FEF75EFDDB
:101B480087A3D3E90023FEF7A3FB32463B46FEF703
:101B580055FD85A3D3E90023FEF798FB32463B46A3
:101B6800FEF74CFD82A3D3E90023FEF791FB324632
:101B78003B46FEF743FD80468946304639467EA3FC
:101B8800D3E90023FEF73AFD7DA3D3E90023FEF74E
:101B98007DFB32463B46FEF731FD7BA3D3E90023AC
:101BA800FEF776FB32463B46FEF728FD78A3D3E9DD
:101BB8000023FEF76BFB32463B46FEF71FFD002273
:101BC800784BFEF765FB02460B4640464946FEF752
:101BD8003FFE22462B46FEF711FD02460B4656A154
:101BE800D1E90001FEF752FB02460B462046294682
:101BF800FEF74CFB02460B4651A1D1E90001FEF766
:101C080045FB41EC100BBDE8F88F002D80F2CE802B
:101C18000022644B20462946FEF73AFB0022624B1D
:101C2800FEF7ECFC04460D4645EC104B12F0F4FBB5
:101C38002046294644A3D3E9002357EC106BFEF74E
:101C4800DDFC43A3D3E90023FEF722FB22462B4603
:101C5800FEF7D4FC40A3D3E90023FEF717FB224686
:101C68002B46FEF7CBFC3EA3D3E90023FEF710FB7F
:101C780022462B46FEF7C2FC3BA3D3E90023FEF71E
:101C880005FB22462B46FEF7B9FC39A3D3E900230E
:101C9800FEF7FEFA22462B46FEF7B0FC8046894640
:101CA8002046294634A3D3E90023FEF7A7FC34A332
:101CB800D3E90023FEF7EAFA22462B46FEF79EFCFC
:101CC80031A3D3E90023FEF7E3FA22462B46FEF7B9
:101CD80095FC2FA3D3E90023FEF7D8FA22462B461A
:101CE800FEF78CFC00222F4BFEF7D2FA02460B4679
:101CF80040464946FEF7ACFD32463B46FEF77EFCC1
:101D08000DA3D3E90023FEF7C1FA32463B46FEF79E
:101D1800BFFA02460B46FEF7BBFA02460B4604A181
:101D2800D1E900016BE700BF075C143326A6A13C8C
:101D3800182D4454FB210940075C143326A6913C16
:101D4800182D4454FB21F93F09F7FD0DE13D023FF1
:101D580088B20175E0EF493F3B8F68B52882A43F00
:101D68005544880E55C1C93F7D6FEB0312D6D43F49
:101D7800555555555555C53F82922EB1C5B8B33FF7
:101D880059018D1B6C06E63FC88A599CE52A00401C
:101D98004B2D8A1C273A0340FFFFEF3FFFFFDF3F31
:101DA8000000603C0000F03F0000E03F22462B4668
:101DB80000206749FEF76AFA0022664B0026FEF704
:101DC8001DFC04460D4645EC104B12F025FB204641
:101DD800294649A3D3E9002359EC108BFEF70EFCE2
:101DE80047A3D3E90023FEF753FA22462B46FEF712
:101DF80005FC45A3D3E90023FEF748FA22462B4603
:101E0800FEF7FCFB42A3D3E90023FEF741FA224682
:101E18002B46FEF7F3FB40A3D3E90023FEF736FA7F
:101E280022462B46FEF7EAFB3DA3D3E90023FEF743
:101E38002FFA22462B46FEF7E1FB82468B462046C8
:101E4800294639A3D3E90023FEF7D8FB38A3D3E901
:101E58000023FEF71BFA22462B46FEF7CFFB36A3DC
:101E6800D3E90023FEF714FA22462B46FEF7C6FBF9
:101E780033A3D3E90023FEF709FA22462B46FEF7DF
:101E8800BDFB0022324BFEF703FA02460B465046D2
:101E98005946FEF7DDFC42464B46FEF7AFFB32469D
:101EA80082468B464B4630464946FEF7A7FB02461C
:101EB8000B4620462946FEF7E9F904460D46324608
:101EC8004B4640464946FEF7E3F902460B46204694
:101ED8002946FEF7BDFC02460B4650465946FEF71A
:101EE800D7F932464B46FEF7D3F902460B46F3E5DF
:101EF8009FED150B87E600BF09F7FD0DE13D023F99
:101F080088B20175E0EF493F3B8F68B52882A43F4E
:101F18005544880E55C1C93F7D6FEB0312D6D43F97
:101F2800555555555555C53F82922EB1C5B8B33F45
:101F380059018D1B6C06E63FC88A599CE52A00406A
:101F48004B2D8A1C273A03400000000000000000C7
:101F58000000F03F0000E03F2DE9F04F55EC104B3A
:101F680025F00046C04B87B09E42019523D906F163
:101F7800404606F58016264318D120462946A0A3D8
:101F8800D3E90023FEF73AFB06460F4620462946CA
:101F98009DA3D3E90023FEF731FB02460B463046EA
:101FA8003946FEF775F904460D4618E007B0BDE856
:101FB800F04F02F0D1B9AD4B9E4200F28680B6F1E7
:101FC800795F11D22046294691A3D3E90023FEF771
:101FD8005FF90022A64BFEF7A1FD002875D045EC5D
:101FE800104B07B0BDE8F08F22462B462046294605
:101FF800FEF704FB06460F4687A3D3E90023FEF746
:10200800FDFA87A3D3E90023FEF742F932463B469F
:10201800FEF7F4FA84A3D3E90023FEF737F9324632
:102028003B46FEF7EBFA82A3D3E90023FEF730F92B
:1020380032463B46FEF7E2FA7FA3D3E90023FEF7D8
:1020480025F932463B46FEF7D9FA7DA3D3E90023AA
:10205800FEF71EF932463B46FEF7D0FA804689461F
:102068003046394678A3D3E90023FEF7C7FA78A3A8
:10207800D3E90023FEF70AF932463B46FEF7BEFADB
:1020880075A3D3E90023FEF703F932463B46FEF772
:10209800B5FA73A3D3E90023FEF7F8F832463B46B6
:1020A800FEF7ACFA0022724BFEF7F2F802460B4636
:1020B80040464946FEF7CCFB22462B46FEF79EFAE1
:1020C80002460B46204629466BE7224625F0004388
:1020D80000206749FEF7DAF80022664BFEF78EFA11
:1020E80004460D464CA3D3E90023FEF787FA4CA318
:1020F800D3E90023FEF7CCF822462B46FEF77EFAFA
:1021080049A3D3E90023FEF7C1F822462B46FEF780
:1021180075FA47A3D3E90023FEF7BAF822462B46FF
:10212800FEF76CFA44A3D3E90023FEF7AFF8224682
:102138002B46FEF763FA42A3D3E90023FEF7A8F87B
:1021480022462B46FEF75AFA3FA3D3E90023CDE9EE
:10215800020120462946FEF751FA3DA3D3E90023A0
:10216800FEF794F822462B46FEF748FA3AA3D3E93D
:102178000023FEF78DF822462B46FEF73FFA38A3D8
:10218800D3E90023FEF782F822462B46FEF736FAFB
:10219800374B0022FEF77CF845EC104BCDE90401E3
:1021A80012F03AF9344B9E425BEC10AB66D9DDE98C
:1021B8000423DDE90201FEF74BFB52465B46FEF7BE
:1021C8001DFA52465B46FEF763F802460B46FEF7D9
:1021D8005FF80DA3D3E90023FEF758F802460B4633
:1021E80007A1D1E90001FEF751F8019B04460D460D
:1021F800002BDFBF024601F1004314461D46EEE600
:10220800182D4454FB21F93F075C143326A6913C52
:102218009C7500883CE4377E09F7FD0DE13D023FDF
:1022280088B20175E0EF493F3B8F68B52882A43F2B
:102238005544880E55C1C93F7D6FEB0312D6D43F74
:10224800555555555555C53F82922EB1C5B8B33F22
:1022580059018D1B6C06E63FC88A599CE52A004047
:102268004B2D8A1C273A0340FFFFEF3FFFFFDF3F5C
:102278000000F03F0000E03F3233EF3F52465B463C
:1022880050465946FEF704F806460F464FF0000838
:10229800DDE90423DDE90201FEF7DAFA02460B461E
:1022A80030463946FEF7AAF9424606460F465B46CF
:1022B80040465946FEF7A2F902460B4620462946F3
:1022C800FDF7E4FF04460D4642465B465046594634
:1022D800FDF7DEFF02460B4620462946FEF7B8FA10
:1022E80002460B46FDF7D4FF02460B4612A1D1E980
:1022F8000001FDF7CBFF02460B4630463946FDF795
:10230800C5FF424604460D465B4640465946FDF722
:10231800BFFF02460B460AA1D1E90001FDF7B6FF4F
:1023280002460B4620462946FDF7B0FF02460B46FB
:1023380003A1D1E9000156E7075C143326A6913CB6
:10234800182D4454FB21E93F2DE9F84F55EC104B6B
:1023580025F00043C24AAB46934220D9C14A934272
:1023680001D80CD15CB122462B4620462946FDF700
:102378008FFF04460D4645EC104BBDE8F88FBBF1C6
:10238800000F99A3D3E9002303DD99A1D1E9000146
:10239800EDE799A1D1E90001FDF778FFE9E7B24A35
:1023A800934213D8A2F1DE7293420CD820462946F4
:1023B80093A3D3E90023FDF76BFF0022AB4BFEF795
:1023C800ADFB0028D7D14FF0FF3A28E0A84A2646AF
:1023D80025F00047934200F2BA80A2F550229342BA
:1023E80000F29C8022463B4620463946FDF750FFC6
:1023F80000229E4B4FF0000AFDF748FF04460D46A9
:1024080000224FF0804330463946FDF741FF02462F
:102418000B4620462946FEF71BFA04460D4622467F
:102428002B4620462946FEF7E9F802460B46804629
:102438008946FEF7E3F806460F4673A3D3E900235F
:10244800FEF7DCF872A3D3E90023FDF721FF32463B
:102458003B46FEF7D3F870A3D3E90023FDF718FF36
:1024680032463B46FEF7CAF86DA3D3E90023FDF7D1
:102478000FFF32463B46FEF7C1F86BA3D3E90023B2
:10248800FDF706FF32463B46FEF7B8F868A3D3E9E6
:102498000023FDF7FDFE42464B46FEF7AFF88046A7
:1024A80089463046394664A3D3E90023FEF7A6F8E7
:1024B80063A3D3E90023FDF7E9FE32463B46FEF766
:1024C8009DF861A3D3E90023FDF7E0FE32463B46C1
:1024D800FEF794F85EA3D3E90023FDF7D7FE324652
:1024E8003B46FEF78BF85CA3D3E90023FDF7CEFE4D
:1024F80032463B46FEF782F802460B4640464946BE
:10250800FDF7C6FE22462B46FEF778F8BAF1FF3FE4
:1025180002460B4646D1204629463DE70022534B4A
:1025280020463946FDF7B2FE04460D4600224F4BC1
:10253800304639464FF0010AFDF7AAFE02460B461F
:1025480020462946FEF784F904460D4667E7494ABE
:1025580093421CD20022484B20463946FDF796FE8E
:10256800002204460D46444B304639464FF0020AD5
:10257800FEF744F800223D4BFDF78AFE02460B4663
:1025880020462946FEF764F904460D4647E72246E9
:102598003B4600203949FEF75BF94FF0030A044631
:1025A8000D463CE7364B374E03EBCA0306EBCA062B
:1025B800D3E90023FDF76AFE22462B46FDF766FEA7
:1025C80002460B46D6E90001FDF760FEBBF1000F9D
:1025D80004460D46BFBF024601F1004314461D469E
:1025E800C9E600BFAFF30080075C143326A6913C10
:1025F800182D4454FB21F93F182D4454FB21F9BFF1
:102608009C7500883CE4377E11DA22E33AAD903FAE
:10261800EB0D76244B7BA93F513DD0A0660DB13F11
:102628006E204CC5CD45B73FFF8300922449C23F79
:102638000D5555555555D53F2F6C6A2C44B4A2BF3E
:102648009AFDDE522DDEAD3F6D9A74AFF2B0B33F06
:10265800711623FEC671BC3FC4EB98999999C93F7E
:10266800FFFF0F440000F07FFFFFDB3F0000F03F5B
:10267800FFFFF23F008003400000F83F0000F0BF7A
:1026880058D3010878D301082DE9F84357EC116BAA
:10269800734227F00042DFF8D8813546334342EAD7
:1026A800D373434551EC100B09D8444221F0004341
:1026B8008E468146044343EAD474444504D93246DD
:1026C8003B46FDF7E5FD15E007F1404404F58014AD
:1026D800344303D1BDE8F843FFF736BEBC1753EACD
:1026E800090904F0020444EAD17417D1022C05D078
:1026F800032C0AD041EC100BBDE8F88346A3D3E9BC
:10270800002347A1D1E90001DBE743A3D3E9002374
:1027180045A1D1E90001FDF7B9FDEBE715430DD15E
:10272800BEF1000F3CA3D3E9002303DA40A1D1E9AD
:102738000001F0E740A1D1E90001C2E7424524D1F8
:10274800934218D1022C34A3D3E900230BD0032CD5
:102758000DD0012C03D03AA1D1E90001B1E73AA18B
:10276800D1E90001D7E73AA1D1E90001A9E73AA1E7
:10277800D1E90001CFE7022CC0D0032CC5D0012C31
:102788004FF0000044D00021B4E74345C8D09B1A5D
:10279800B3F1747F4FEA235216DB31A3D3E9002348
:1027A80025A1D1E90001FDF773FD012C21D0022CF0
:1027B80023D0002C9ED02CA3D3E90023FDF766FD7F
:1027C80017A3D3E90023A6E7002F01DA3C320DDB7B
:1027D80032463B46FEF73CF8024621F0004343EC04
:1027E800102BFFF7B1FD51EC100BDEE700200021A4
:1027F800DBE701F1004319467CE71BA3D3E900237B
:10280800FDF744FD02460B4605A1D1E9000182E728
:102818004FF000416EE700BF59F3F8C21F6EA501E3
:10282800182D4454FB210940182D4454FB2109C09C
:10283800182D4454FB21F9BF182D4454FB21F93FAE
:10284800182D4454FB21E93F182D4454FB21E9BFBE
:10285800D221337F7CD90240D221337F7CD902C078
:10286800075C143326A6913C075C143326A6A13CCA
:102878000000F07F000000007FB58DED000B019B8C
:10288800254A23F00043934206D89FED211B07B049
:102898005DF804EB01F06CBD204A934204D907B0FF
:1028A8005DF804EB01F058BD02A801F08DF900F0C5
:1028B800030001280BD0022819D0F8B99DED041B9C
:1028C8009DED020B01F054FD53EC102B0AE09DED39
:1028D800041B9DED020B02F067F951EC100B024648
:1028E80001F1004343EC102B07B05DF804FB9DEDAC
:1028F800041B9DED020B01F03BFDEEE79DED041B73
:102908009DED020B012002F04FF9DDE7AFF30080E7
:102918000000000000000000FB21E93FFFFFEF7FFF
:102928002DE9FF4755EC104B25F00042B049EE0F5A
:102938008A4236D9AF498A4218D82046294696A3F2
:10294800D3E90023FEF7EAF8074620BB20462946CC
:1029580093A3D3E90023FEF7C3F8002800F0A28070
:10296800384604B0BDE8F04701F0C6BCC5F3130310
:102978002246234307D02B4620462946FDF788FCEC
:1029880004460D4602E0002E40F0038145EC104B52
:1029980004B0BDE8F087002004B0BDE8F04701F0BE
:1029A800BBBC954B9A4240F2A980944B9A4279D885
:1029B800934B20462946F70003EBC603C6F1010AEC
:1029C800D3E90023FDF762FC8E4B804689463B44E1
:1029D800AAEB060A93ED007B8DED007BDDE9002371
:1029E80040464946FDF752FC04460D4622462B4612
:1029F80020462946FDF702FE06460F466AA3D3E99C
:102A08000023FDF7FBFD6AA3D3E90023FDF73EFC95
:102A180032463B46FDF7F2FD67A3D3E90023FDF7F5
:102A280037FC32463B46FDF7E9FD65A3D3E90023B1
:102A3800FDF72CFC32463B46FDF7E0FD62A3D3E9E7
:102A48000023FDF725FC32463B46FDF7D7FD02463D
:102A58000B4620462946FDF719FC02460B4606465A
:102A68000F4620462946FDF7C9FDCDE90201BAF116
:102A7800000F5CD100224FF0804330463946FDF705
:102A880005FC02460B46DDE90201FDF7E1FE2246A0
:102A98002B46FDF7FBFB02460B4600205A49FDF783
:102AA800F5FB6DE7594B2046294603EBC60648A3BC
:102AB800D3E90023FDF7A2FDD6E90023FDF7E8FBE3
:102AC800FEF74CF88246FDF72FFD06460F4642A357
:102AD800D3E90023FDF792FD02460B46204629461E
:102AE800FDF7D4FB80468946304639463CA3D3E9F6
:102AF8000023FDF783FDCDE900016FE7444B9A42BF
:102B080010D82046294638A3D3E90023FDF7C0FB97
:102B180000223D4BFEF702F838B100223A4B20461E
:102B280029462BE74FF0000A60E782465EE7324607
:102B38003B4600204FF08041FDF7A8FB02460B46BC
:102B4800DDE90201FDF784FE02460B46DDE90001DE
:102B5800FDF79CFB42464B46FDF798FB0B460246A9
:102B680029490020FDF792FB0B466FF47F7106465A
:102B78008A4503DB344603EB0A5507E70AF57A7AF8
:102B88003046002203EB0A514FF0B873FDF736FDCB
:102B9800F6E600240025F9E6EF39FAFE422E8640D3
:102BA80051302DD5104987C0D0A4BE726937663E12
:102BB800F16BD2C541BDBB3E2CDE25AF6A56113F35
:102BC80093BDBE166CC1663F3E5555555555C53F1C
:102BD800FE822B654715F73F0000E0FE422EE63FD8
:102BE800763C7935EF39EA3D9C7500883CE4377EC0
:102BF800412E8640FFFFEF7F422ED63FB1A2F03F25
:102C0800A8D3010898D301080000F03FB8D3010801
:102C1800FFFFEF3D00000000B0EE401AF0EE601A32
:102C28009FED010B00F034BA0000000000000040E6
:102C380051EC100BB1F5801F2DE9F04F0D4687B010
:102C480023DA21F00043034305D1012007B0BDE892
:102C5800F04F01F071BB002904DA07B0BDE8F04F6E
:102C680001F07ABBC64B0022FDF7C8FC6FF03503B4
:102C78000D46C44A95420ADD02460B46FDF708FB9D
:102C880041EC100B07B0BDE8F08F0023F1E72C15DD
:102C9800C5F31305A4F2FF341C4405F5152303F608
:102CA800647303F4801383F07F5204EB1354B64B20
:102CB80082F4401242EA05010022FDF7E7FAAB1C54
:102CC80082468B46C3F313030022022B53DC0023F6
:102CD800FDF7FCFED0B1002C00F020812046FDF766
:102CE80023FC06460F4690A3D3E90023FDF786FC94
:102CF80004460D46304639468DA3D3E90023FDF737
:102D08007DFC02460B4620462946B7E78AA3D3E94D
:102D1800002350465946FDF771FC02460B46002039
:102D28009A49FDF7B3FA06460F4652465B465046A7
:102D38005946FDF763FC02460B4630463946FDF717
:102D48005DFC06460F4614B932463B46A0E02046D5
:102D5800FDF7EAFB8046894673A3D3E90023FDF714
:102D68004DFC04460D464046494671A3D3E900236D
:102D7800FDF744FCA5E04FF08043A5F5C226FDF71A
:102D880087FA02460B4650465946C5F5D725FDF742
:102D98005FFDA6F27A465135CDE90001204635435C
:102DA800FDF7C2FBDDE90023CDE902011046194613
:102DB800FDF724FC02460B46CDE90423FDF71EFC73
:102DC800804689465EA3D3E90023FDF717FC5EA37E
:102DD800D3E90023FDF75CFA42464B46FDF70EFCAB
:102DE8005BA3D3E90023FDF753FA42464B46FDF7B0
:102DF80005FC59A3D3E90023FDF74AFADDE90423CA
:102E0800FDF7FCFB56A3D3E90023CDE904014046B6
:102E18004946FDF7F3FB54A3D3E90023FDF738FA3D
:102E280042464B46FDF7EAFB51A3D3E90023FDF7E1
:102E38002FFA42464B46FDF7E1FB02460B46DDE919
:102E48000401FDF725FA002D8046894648DD002259
:102E58004E4B50465946FDF7D1FB52465B46FDF7AF
:102E6800CDFB02460B4606460F4640464946FDF74F
:102E78000FFADDE90023FDF7C1FB8046894664B9F6
:102E880002460B4630463946FDF700FA02460B4625
:102E980050465946FDF7FAF9F2E623A3D3E9002391
:102EA800DDE90201FDF7AAFB04460D4620A3D3E99C
:102EB8000023DDE90201FDF7A1FB42464B46FDF781
:102EC800E7F902460B4630463946FDF7DFF9524628
:102ED8005B46FDF7DBF902460B4620462946D9E753
:102EE80002460B4650465946FDF7D0F9DDE9002366
:102EF800FDF784FB06460F46002C3FF425AF0AA3D6
:102F0800D3E90023DDE90201FDF778FB04460D460D
:102F180007A3D3E90023DDE9020129E79FED160B9A
:102F2800B0E600BFAFF300800000E0FE422EE63FAF
:102F3800763C7935EF39EA3D555555555555D53FC8
:102F480044523EDF12F1C23FDE03CB966446C73FD0
:102F5800599322942449D23F935555555555E53FE9
:102F68009FC678D0099AC33FAF788E1DC571CC3FF4
:102F780004FA97999999D93F0000000000000000D1
:102F880000005043FFFFEF7F0000F03F0000E03FEC
:102F98002DE9F84355EC104BB5F5801F2B4626DA82
:102FA80025F00042224304D10120BDE8F84301F096
:102FB800C3B9002D03DABDE8F84301F0CDB900220A
:102FC800314B20462946FDF719FB6FF035020446C0
:102FD8000D460B462D498B420BDD22462B462046DB
:102FE8002946FDF755F941EC100BBDE8F88300229E
:102FF800F0E71815C3F31308A0F2FF3010444FEAA6
:10300800D07900EBD070FDF78FFAC9F57F730646CB
:103018000F46033348EA035545EC104BFFF708FE0B
:103028003046394612A3D3E9002359EC108BFDF73B
:10303800E5FA04460D46404649460FA3D3E9002366
:10304800FDF7DCFA02460B4620462946FDF720F933
:1030580004460D463046394609A3D3E90023FDF757
:10306800CDFA02460B4620462946BAE7AFF3008060
:10307800362BF111F3FE593D0EE526157BCBDB3FD0
:1030880000609F501344D33F00005043FFFFEF7F81
:103098002DE9F04F91B08DED001BDDE9007B55EC7B
:1030A800104B2BF0004252EA070111D1231985F485
:1030B800002252419942864B934180F0D1802046AC
:1030C8002946DDE90023FDF7E3F804460D4618E03C
:1030D80025F000487F4BA946A44698451DD815D130
:1030E800002CECD14245EAD826D1002FE7D17A4B03
:1030F800984540F2B880BBF1000FC0F22C85DDE99D
:10310800004545EC104B11B0BDE8F08F9A4204D849
:10311800C64612D1002F00F09C8009F1404909F5FC
:10312800801959EA0C09CAD1FA198BF400235B41BA
:103138009145674A9A41C0E7C646B9F1000F2BDAB4
:10314800664B9A422DD9002F00F0BA8002262046FD
:1031580025F00041BCF1000F00F0AA824FEAD973B4
:1031680003F1FF3A5AEA060C00F0BC82B2F1844F30
:1031780040F2CF805A4CA242574A40F2D78290453B
:1031880000F2CA82BBF1000F80F2CA82002011B09F
:10319800BDE8F04F01F0C0B8002F00F08180002694
:1031A800D5E74D4B9A421AD8002FF8D1BBF1804F82
:1031B8007DD04C4B3E469B45C9D1204625F0004169
:1031C800BCF1000F40F09D80424B984540F0C78409
:1031D800012E04460D4694D101F1004591E71315DF
:1031E800A3F2FF33142B1DDDC3F1340327FA03F6D2
:1031F80006FA03F3BB4228D106F00106C6F102061F
:10320800002FA4D1BBF1804FA1D1374B98459ED850
:10321800364B98456ED922462B4620462946FDF75F
:10322800EDF952E7002F40F03C82C3F1140342FA53
:1032380003F606FA03F393422D4B1DD19A421DD093
:1032480006F00106C6F10206DCE7002FA7D13E46CC
:10325800D8E708F1404303F5801323437FF447AFD1
:103268000024234D4DE7BBF1000F80F27484DDE9A3
:10327800004303F1004544E79A42E8D1BBF1000F4F
:10328800BFF63FAF0022002320462946FDF71EFC6B
:1032980078B14FEAD97011B0BDE8F04F01F04CB8E1
:1032A800134B9A42EAD0BBF1804F40F0F0813E4682
:1032B800ABE722462B4600200D49FDF7C9FA04E783
:1032C800BBF1804F02D0074B022674E702269CE729
:1032D8000000F0FF0000F07FFFFFEF3FFFFF3F43DC
:1032E8000000F0430000E03FFFFFEF5F0000501ECA
:1032F8000000F03F5CEA080C204625F0004100F091
:1033080036844FEAD97303F1FF3A56EA0A0300F00C
:10331800E981CF4B002209EA03032BB9CD4BFDF716
:103328006DF96FF034028E464FEA2E53CEF3130E2A
:10333800A3F2FF334EF07F55134445F440150C9328
:10334800C54B9E4508DDC54B9E4540F3A6820C9BA8
:10335800A5F5801501330C930024E30029466D1070
:103368000D93BF4B45F0005503EBC40305F500254D
:1033780093ED007BCDE90A0153EC172B8DED087B0B
:10338800FCF784FF80468946DDE90A23DDE9080168
:10339800FCF77EFF02460B460020B249FDF758FABB
:1033A80002460B46CDE90E0140464946FDF726F98F
:1033B800CDE90601DDE90623CDE904230023002237
:1033C800049305EB844314461D46204629469DED8B
:1033D800047B53EC172B8DED027BFDF70FF90246AA
:1033E8000B4640464946FCF751FF80468946204631
:1033F8002946DDE90823FCF749FF02460B46DDE9CB
:103408000A01FCF743FFDDE90223FDF7F7F802465E
:103418000B4640464946FCF739FFDDE90E23FDF728
:10342800EDF8DDE90623CDE9080110461946FDF758
:10343800E5F88046894674A3D3E90023FDF7DEF852
:1034480073A3D3E90023FCF723FF42464B46FDF75D
:10345800D5F871A3D3E90023FCF71AFF42464B467F
:10346800FDF7CCF86EA3D3E90023FCF711FF424621
:103478004B46FDF7C3F86CA3D3E90023FCF708FF1C
:1034880042464B46FDF7BAF869A3D3E90023FCF797
:10349800FFFE04460D4642464B4640464946FDF768
:1034A800ADF802460B4620462946FDF7A7F8044624
:1034B8000D46DDE90223DDE90601FCF7E9FEDDE959
:1034C8000823FDF79BF822462B46FCF7E1FE04464D
:1034D8000D46DDE9022310461946FDF78FF802462E
:1034E8000B46CDE90A2300225F4BFCF7D1FE2246AA
:1034F8002B46FCF7CDFE002089468046DDE90223F5
:10350800FDF77CF80022584BCDE9020140464946B8
:10351800FCF7BCFEDDE90A23FCF7B8FE02460B46C1
:1035280020462946FCF7B2FEDDE90623FDF766F8DA
:1035380004460D4640464946DDE90823FDF75EF896
:1035480002460B4620462946FCF7A2FE04460D46D5
:1035580002460B46DDE90201FCF79AFE0020894687
:10356800804635A3D3E90023FDF748F8DDE90223B7
:10357800CDE9060140464946FCF788FE02460B465F
:1035880020462946FCF782FE2DA3D3E90023FDF748
:1035980035F804460D46404649462BA3D3E9002397
:1035A800FDF72CF802460B4620462946FCF770FE2C
:1035B8000D9A2E4B1344D3E90023FCF769FECDE99D
:1035C80008010C98FCF7B0FF0D9A294B04460D46EC
:1035D800134493ED007BDDE90601DDE908238DED59
:1035E800027BFCF755FEDDE90223FCF751FE22467B
:1035F8002B46FCF74DFE002022462B468046894686
:10360800FCF744FE36E000BFEF4E454A287ECA3F2D
:1036180065DBC9934A86CD3F01411DA96074D13F3E
:103628004D268F515555D53FFFAB6FDBB66DDB3F50
:10363800033333333333E33F000000E009C7EE3F81
:10364800FD033ADC09C7EE3FF5015B14E02F3EBEEF
:103658000000F07F000040438E98030079B60B000D
:10366800F8D301080000F03F00000840D8D3010853
:10367800E8D30108DDE90223FCF708FEDDE90623AB
:10368800FCF704FE02460B46DDE90801B9E0B44B3D
:103698009B452ED145EC104B11B0BDE8F04F10F012
:1036A800BBBEBCF1000F1DD1204625F00041664687
:1036B80029F0404CAB4B9C451DD1BBF1000F05DAFE
:1036C80002460B460020A749FDF7C2F8B9F1000FE2
:1036D800BFF6FBAC08F1404808F5801858EA060820
:1036E8007FF476AD45EC104B11B0BDE8F04F00F01B
:1036F80033BE3E462BE5B8F1000F7FF42FADBBF18A
:10370800000F80F23482B9F1000F03DA731E5842B9
:103718005841C0E54046BEE5BBF1000F3FF736AD66
:10372800002011B0BDE8F04F00F0E6BD904505D28D
:10373800BBF1000F03EA0600F3DA28E5894A904551
:1037480006D9BBF1000F03EA06003FF720ADE8E712
:103758000022844BFCF79AFD04460D4672A3D3E978
:103768000023FCF74BFF72A3D3E90023CDE9020144
:1037780020462946FCF742FF00227B4BCDE9040195
:1037880020462946FCF73AFF02460B466AA1D1E9D2
:103798000001FCF77BFD22462B46FCF72FFF024673
:1037A8000B4600206E49FCF771FD8046894622468B
:1037B8002B4620462946FCF721FF02460B46404689
:1037C8004946FCF71BFF5EA3D3E90023FCF716FF6D
:1037D80002460B46DDE90401FCF758FD02460B469C
:1037E80004460D46DDE90201FCF752FD002089463A
:1037F8008046DDE90223FCF749FD02460B462046D8
:103808002946013EFCF742FD04460D4656EA0A06E3
:1038180045D09FED4D7B00265B463246B246DDE93A
:1038280000018DED027BFCF731FD42464B46FCF76B
:10383800E5FEDDE90023CDE9040120462946FCF731
:10384800DDFE02460B46DDE90401FCF721FD5B467F
:103858003246CDE9000140464946FCF7CFFE0B460B
:10386800024680468946DDE90001FCF711FD3F4B21
:1038780004460D4699428B4634DD01F13F4303F57A
:10388800E00303430ED000220023DDE90201FDF727
:1038980027F9801B18BF012079E401245DE59FED1D
:1038A8002C7BB8E72CA3D3E90023DDE90001FCF762
:1038B800EFFC06460F4642464B4620462946FCF793
:1038C800E5FC02460B4630463946FDF727F930B38A
:1038D80000220023DDE90201FDF702F9003818BFD4
:1038E800012054E421F00043214CA34244D9214B48
:1038F8000B44034309D000220023DDE90201FDF750
:10390800EFF8003818BF01200BE742464B46FCF79A
:10391800BDFCDDE90023FDF7F7F80028EBD140F204
:1039280009432DE0AFF30080000000604715F73F22
:1039380044DF5DF80BAE543E555555555555D53FAA
:10394800FE822B654715F73F000000000000F03F9E
:10395800000000000000F0BFFE822B654715973C71
:103968000000E03F0000F03F0000D03FFFFF8F4025
:10397800FFCB904000346F3F8F4A934225D91B15E7
:10398800A3F2FE334FF4801A8C48BBF1000F4AFAB9
:1039980003FA4FF00002DA44CAF30A51A1F2FF31E8
:1039A80040FA01F0C1F1140100EA0A03CAF3130A4C
:1039B80040464AF4801A4AFA01FA4946B8BFCAF1A1
:1039C800000AFCF763FC80468946002440464946C5
:1039D800DDE90023FCF75CFC0D46204666A3D3E92D
:1039E8000023FCF70BFE424606460F464B46204690
:1039F8002946FCF74BFC02460B46DDE90001FCF7C3
:103A080045FC5FA3D3E90023FCF7F8FD804689460F
:103A1800204629465CA3D3E90023FCF7EFFD0246C4
:103A28000B4640464946FCF733FC04460D46024621
:103A38000B4630463946FCF72BFC32468046894611
:103A48003B46FCF723FC02460B4620462946FCF77A
:103A58001DFC424606460F464B4640464946FCF783
:103A6800CDFD04460D464AA3D3E90023FCF7C6FD65
:103A780049A3D3E90023FCF709FC22462B46FCF7AF
:103A8800BDFD47A3D3E90023FCF702FC22462B46E1
:103A9800FCF7B4FD44A3D3E90023FCF7F7FB224667
:103AA8002B46FCF7ABFD42A3D3E90023FCF7F0FB60
:103AB80022462B46FCF7A2FD02460B4640464946E5
:103AC800FCF7E4FB04460D4602460B4640464946D1
:103AD800FCF794FD00224FF08043CDE90001204619
:103AE8002946FCF7D3FB02460B46DDE90001FCF74B
:103AF800AFFE324604460D463B4640464946FCF773
:103B08007DFD32463B46FCF7C3FB02460B4620468A
:103B18002946FCF7BBFB42464B46FCF7B7FB0B4676
:103B2800024627490020FCF7B1FB41EC100B10EED0
:103B3800903A03EB0A53B3F5801F08DA504611F0A8
:103B4800BFFB51EC100BDDE90223FFF768BB51EC1A
:103B5800100B1946F7E700240025FFF7D2BA184BD7
:103B680098453FF4B7ADB8F1000F7FF4CAAB012E0A
:103B78007FF4ABAAFFF7C5BA00000000432EE63F6A
:103B8800EF39FAFE422EE63F396CA80C615C20BE84
:103B9800D0A4BE726937663EF16BD2C541BDBB3E4B
:103BA8002CDE25AF6A56113F93BDBE166CC1663F29
:103BB8003E5555555555C53F0000E03F0000F0FF04
:103BC8000000F03F000000002DE9F04F5BEC10AB67
:103BD8002BF00048C44B8DB004469845CDF810B082
:103BE80007D80022002380ED000BC0E9022300253E
:103BF80028E0BE4B984578D8049B5046BC4D5946A2
:103C0800002BABA3D3E9002338DDFCF73FFBA84525
:103C180006460F461AD0A8A3D3E90023FCF736FBC3
:103C280002460B468046894630463946FCF72EFB4D
:103C3800A1A3D3E900230125FCF728FBC4E90089E7
:103C4800C4E9020128460DB0BDE8F08F9CA3D3E972
:103C58000023FCF71BFB06460F469BA3D3E9002372
:103C6800FCF714FB02460B46804689463046394627
:103C7800FCF70CFB94A3D3E90023DCE7FCF708FB73
:103C8800A84506460F4618D08BA3D3E90023FCF7B6
:103C9800FFFA02460B468046894630463946FCF70D
:103CA800F5FA85A3D3E90023FCF7F2FA4FF0FF35C4
:103CB800C4E90089C4E90201C4E781A3D3E9002368
:103CC800FCF7E6FA06460F467FA3D3E90023FCF784
:103CD800DFFA02460B468046894630463946FCF7ED
:103CE800D5FA79A3D3E90023DEE7824B984500F2A1
:103CF800CE802BF00047504675A3D3E90023394600
:103D0800FCF77CFC00227C4BFCF7C2FAFCF726FF90
:103D18000546FCF709FC02460B46CDE9022364A3DD
:103D2800D3E90023FCF76AFC02460B4650463946A5
:103D3800FCF7ACFA82468B465FA3D3E90023DDE9A2
:103D48000201FCF75BFC02460B4606460F4650464E
:103D58005946FCF79BFA1F2D05DC6A1E674B53F882
:103D68002230434508D14FEA28530593C1F30A533B
:103D7800C3EB1853102B02DCC4E9000139E050A34F
:103D8800D3E90023DDE90201FCF738FC06460F46BB
:103D980002460B4650465946FCF778FA02460B464F
:103DA8008046894650465946FCF770FA32463B46EB
:103DB800FCF76CFA06460F4643A3D3E90023DDE976
:103DC8000201FCF71BFC32463B46FCF75FFA024651
:103DD8000B4606460F4640464946FCF757FA059AF1
:103DE800C1F30A53D31A312B20DCC246CB46C4E9AF
:103DF8000001D4E900895046594642464B46FCF733
:103E080045FA3B463246FCF741FA049B002BC4E9CD
:103E18000201BFF617AF09F10043C4F80080A060A3
:103E2800636001F10043E3606D420BE72AA3D3E925
:103E38000023DDE90201FCF7E1FB06460F460246D6
:103E48000B4640464946FCF721FA82468B46024615
:103E58000B4640464946FCF719FA32463B46FCF702
:103E680015FA06460F461EA3D3E90023DDE9020131
:103E7800FCF7C4FB32463B46FCF708FA06460F46F9
:103E880002460B4650465946FCF700FA74E71C4BAD
:103E9800984537D952465B4650465946FCF7F6F9DD
:103EA800C4E90201C4E90001A1E600BFAFF3008044
:103EB80000004054FB21F93F3163621A61B4D03DE0
:103EC8000000601A61B4D03D7370032E8A19A33BB9
:103ED80083C8C96D305FE43F0000002E8A19A33BF8
:103EE800C14920259A837B39FB21E93F7BD90240D0
:103EF800FB21F93FFB2139410000E03F24E00108A4
:103F0800FFFFEF7F4FEA285550460DF13009A5F223
:103F18001645A8EB05514FF003080F46FCF71EFEA7
:103F2800FCF702FB02460B4650463946CDE906230C
:103F3800FCF7ACF90022204BFCF760FB0F46064665
:103F4800FCF70CFEFCF7F0FA02460B463046394601
:103F580000260027CDE90823FCF798F90022164B24
:103F6800FCF74CFBCDE90A0132463B46C24608F154
:103F7800FF3879E90201FCF7A9FD0028F4D10F4BBD
:103F88002A46214606A8019302230093534600F0CF
:103F9800AFFA049B0546002BBFF654AED4E90021C6
:103FA80001F10043C4E90023D4E9022101F10043EF
:103FB800C4E9022338E700BF00007041A4E001080B
:103FC8007FB58DED000B019B254A23F000439342FA
:103FD80007D800209FED201B07B05DF804EB00F028
:103FE800E3BD204A934204D907B05DF804EB00F022
:103FF800B3B902A8FFF7E8FD00F00300012810D0CC
:10400800022815D008BB01209DED041B9DED020B75
:1040180000F0CAFD53EC102B43EC102B07B05DF8F1
:1040280004FB9DED041B9DED020B00F0A1F9F1E7E7
:104038009DED041B9DED020B012000F0B5FD51EC38
:10404800100B024601F10043E6E79DED041B9DEDD0
:10405800020B00F08DF9F2E70000000000000000FC
:10406800FB21E93FFFFFEF7F7FB58DED000B019B43
:10407800154A23F00043934207D801209FED101BF7
:1040880007B05DF804EB00F047BE104A934204D92C
:1040980007B05DF804EB00F05FB902A8FFF794FDE4
:1040A800400000F002009DED041BC0F101009DEDF1
:1040B800020B00F031FE07B05DF804FBAFF300809F
:1040C8000000000000000000FB21E93FFFFFEF7F38
:1040D80010EE103A33F0004210B52DED028B06D1E8
:1040E8000120BDEC028BBDE8104011F06DB9002B2A
:1040F80005DABDEC028BBDE8104011F073B9B3F1DD
:10410800FF4F06DB30EE008AB0EE480ABDEC028BAA
:1041180010BDB3F5000F6049BBBFDFED607A6FF0EB
:104128001802002260EE277AB8BF17EE903AF7EE31
:10413800007ADC15C3F316037F3C1944144401F4D8
:10414800000282F07E5204EBD15403F10F011A43AE
:1041580007EE102A524A0A4037EE678AB2BBB5EE1C
:10416800408AF1EE10FA0FD1002C00F08C8007EE97
:10417800904A9FED4C0A9FED4C7AF8EEE77A27EECD
:10418800808A07EE878ABFE741A1D1E90001FCF7E1
:104198002DFDB6EE007A07EE900A07EEC87A68EEB3
:1041A800087A27EE277A14B938EE478AACE707EE83
:1041B800904ADFED3C6AF8EEE77A07EEE67A37EEEA
:1041C800488A9FED397A17EE878A9DE7F0EE007AE4
:1041D8009FED365ADFED364A364A78EE277A1A448A
:1041E800C3F5571388EE276A07EE904A03F5227342
:1041F8001343F8EEE76ADFED307A002B66EE065AD5
:1042080025EEA57A07EE275ADFED2C7A45EE077AD8
:104218009FED2B5A07EE875ADFED2A7A47EE274A99
:10422800DFED297A44EE877A67EE877A45EE257ABC
:104238001ADDB6EE007A28EE077A27EE087A77EECE
:10424800877A67EE867A14B937EE677AACE79FED1E
:10425800156A46EE867A37EE677A37EE488ADFEDDA
:10426800127A16EEA78A4FE778EE677A67EE867AB3
:1042780014B938EE678A47E79FED0A7A46EEC77A9F
:1042880037EEC88AEBE79FED118A3DE7AFF3008070
:10429800555555555555D53F20FB4A000000004C53
:1042A800F0FF7F00D1F717378071313F25333A3E51
:1042B800298E633E305CCFFF9788173E2549923E92
:1042C800ABAA2A3F4FD01C3ECDCCCC3E000000000C
:1042D80008B5FEF7ADFC06A3D3E9002351EC100B9B
:1042E800FCF7B6FA41EC100B08BD00BFAFF3008035
:1042F800EF39FAFE422EE63F10B19FED030B7047EF
:104308009FED030B704700BF000000000000008015
:10431800000000000000000010B19FED030B704783
:104328009FED030B704700BF000000000000F0FF86
:10433800000000000000F07F10B19FED030B7047F4
:104348009FED030B704700BF000000000000F0FF66
:10435800000000000000F07F08B511F00FF89FED95
:10436800020B08BDAFF30080000000000000F87FDA
:104378002DE9F74F59EC108B29F00046B6F1795F1B
:104388008DED001BC0F0888042464B4640464946AA
:10439800FCF734F904460D4600224F4BFCF72EF982
:1043A80082468B46204629463DA3D3E90023FCF7E5
:1043B80025F93DA3D3E90023FBF76AFF22462B46E4
:1043C800FCF71CF93AA3D3E90023FBF75FFF224669
:1043D8002B46FCF713F938A3D3E90023FBF758FF62
:1043E80022462B46FCF70AF935A3D3E90023FBF74D
:1043F8004DFF22462B46FCF701F933A3D3E90023EE
:10440800FBF746FF22462B46FCF7F8F822462B46D8
:10441800FCF7F4F804460D4640464946DDE900231A
:10442800FCF7ECF80B46024629462046FBF72EFF20
:104438002A4B804689469E4210D802460B46504673
:104448005946FBF723FF02460B4600202449FBF799
:104458001DFF41EC100B03B0BDE8F08F214B002489
:1044680000201F499E42224694BFA6F500151E4D06
:104478002B46FBF70BFF224606460F462B465046B7
:104488005946FBF703FF42464B46FBF7FFFE024641
:104498000B4630463946DAE79FED0D0BDBE700BFE8
:1044A800D43888BEE9FAA8BDC4B1B4BD9EEE213E99
:1044B800AD529C804F7E923E9015CB19A001FA3EDA
:1044C8007751C1166CC1563F4C5555555555A53FAA
:1044D800000000000000F03F0000E03F3233D33F0F
:1044E8000000F03F0000E93F0000D23F000000005C
:1044F8002DE9F04F2DED028BADF51B7D12F1140F58
:104508004FF000050993A8BFD41EBD4BB8BF0024C7
:10451800019122AEA6990A9053F821300493099B81
:1045280003F1FF330693A4BF182394FBF3F46FF051
:10453800170304FB033303EB020B049B069A03EBFC
:104548000208A71AA79B9FEDAA8B03EB870945458D
:1045580013DD22AA099B0DF5E47A4FF0000802EB5F
:10456800C305049B984530DCDDF828902F460026CB
:104578009FED9F7B8DED027B1BE0EF4207D459F83E
:104588002500FBF7D1FF0135E6E80201DFE751EC32
:10459800180BF8E7D7E90023F9E802010136FCF720
:1045A8002DF802460B46DDE90201FBF771FECDE965
:1045B8000201069B083F9E42ECDD08F10108083520
:1045C8009DED027BAAEC027BCBE7049B0EAADDF8EB
:1045D800109002EB83030C93A79B03EB84030B93CC
:1045E8004FEAC9030DF1380A4F460D939AABD046EE
:1045F80003EBC90313ED287B72AB03EBC9068DED02
:10460800027B002FA6F1080677DC58469DED020BC9
:1046180010F056FE00224FF07F5355EC104B204609
:104628002946FBF7EBFF41EC100B11F0D1FB002200
:10463800744B51EC100BFBF7E1FF02460B4620468A
:104648002946FBF723FE0D460446FCF787FA089037
:10465800FBF76AFF02460B4620462946FBF716FE83
:10466800BBF1000F06460F466BDD09F1FF310EABBB
:10467800CBF11800089C53F8213043FA00F2144497
:1046880082409B1A0EAA089442F82130CBF11702F7
:1046980013410293029B002B62DD089B00226FF0FE
:1046A8007F40013314460893914500F3B780BBF16E
:1046B800000F07DDBBF1010F00F0C980BBF1020F4D
:1046C80000F0D080029B022B4AD132463B460020A4
:1046D8004D49FBF7DBFD06460F46002C40D05846F7
:1046E8009FED450B10F0ECFD3046394653EC102B8E
:1046F800FBF7CCFD06460F4632E00022434B013F54
:10470800DDE90201FBF77AFFFCF728FAFBF70CFF5B
:1047180000223F4B04460D46FBF770FF02460B464E
:10472800DDE90201FBF7B2FDFCF718FA294648F863
:10473800040B2046D6E90023FBF7AAFDCDE90201C8
:104748005FE706D109F1FF330EAA52F82330DB15D3
:104758009FE700222F4BFCF7D7F9002843D102909E
:104768000022002330463946FCF7B0F9002800F053
:10477800CB8009F1FF33002204998B427ADA002AB0
:1047880000F0958009F1FF390EABABF1180B53F827
:104798002930002BF6D058464E464FF0000ADFF875
:1047A8006CB09FED150B10F08BFD09F1010372AA97
:1047B8004FEAC30802EBC30755EC104B002E80F2FA
:1047C800DB804C46002CC0F20981134B4FF0000AE5
:1047D8004FF0000B00261F4672ABA9EB040503EB54
:1047E800C4030693EEE00223029356E7AFF300807A
:1047F8000000000000000000000000000000F03F82
:1048080064E50108000020400000F03F0000703E11
:10481800000070410000E03F08D40108514651F8FB
:10482800043B54B96BB10132C3F18073914541F82F
:10483800043C0ADD0B680AF10801C31A41F8043C7C
:10484800012301328A461C462EE701242FE709F18D
:10485800FF320EAB53F82230C3F316030EA941F80A
:1048680022302FE709F1FF320EAB53F82230C3F3A1
:104878001503F3E70EA951F82310013B0A437BE720
:10488800013453F8042D002AFAD00D9B22AA09F10D
:1048980001074C4403F51A730DEB0305099B4B44C0
:1048A800983D02EBC306BC4204DAA14698E60C9B8D
:1048B8000124E6E70B9B4FF0000853F82700FBF7AD
:1048C80033FEDDF828909FEDAC7BE6E80201B246A6
:1048D8008DED027B069B984505DD01379DED027B3A
:1048E800A5EC027BDFE77AE90223F9E80201FBF78E
:1048F80085FE02460B4608F10108DDE90201FBF7D7
:10490800C7FCCDE90201E5E7CBF1000047EC106BED
:1049180010F0D6FC00229A4B55EC104B2046294645
:10492800FCF7F2F800B30022964B20462946FBF725
:1049380065FE0BF1180BFCF711F90646FBF7F4FDC1
:1049480000228F4BFBF75AFE0B46024629462046AB
:10495800FBF79CFCFCF702F90EAB43F8290009F1C0
:10496800010943F8296016E720462946FCF7F6F8BE
:104978000EAB43F829000EE70EAB53F82600013EB4
:10498800FBF7D2FD22462B46FBF738FE52465B4624
:1049980067E9020120462946FBF730FE04460D462A
:1049A8000CE706990136F1E802230691F7E80201BF
:1049B800FBF724FE02460B4650465946FBF768FCB7
:1049C80082468B46049B9E4201DCB542E9DA4AAB3B
:1049D800013C03EBC505C5E900ABF3E6A69B022B3A
:1049E8000BDC002B38DC5AD0089B03F007000DF5D0
:1049F8001B7DBDEC028BBDE8F08FA69B032BF3D18A
:104A080008F51A73CA460DEB0304A4F5A4742546E9
:104A1800BAF1000FA5F1080567DC4D46012DA4F198
:104A2800080400F383804AAB0020002103EB08044C
:104A3800B9F1010F00F39880029BDDE94A78DDE9BE
:104A48004C56002B40F0A080019BC3E90078C3E9D5
:104A58000256C3E90401C7E74AAB4C4600200021CF
:104A68009844002C32DA029B002B35D0024601F123
:104A78000043019C4CADC4E90023012402460B46C7
:104A8800DDE94A01FBF702FCA14528DA029B13B1D4
:104A980001F100431946019BC3E90201A4E74AABAF
:104AA800002000219844B9F1000F08DA029B13B1E5
:104AB80001F100431946019BC3E9000194E778E935
:104AC800022309F1FF39FBF7E3FBECE778E902235E
:104AD800013CFBF7DDFBC4E702460B46C9E7F5E8F6
:104AE80002230134FBF7D4FBCEE795ED007B0AF1F6
:104AF800FF3A8DED047B95ED027BDDE9040153EC73
:104B0800172B8DED067BFBF7C3FB02460B460646CB
:104B18000F46DDE90401FBF7B9FBDDE90623FBF7E6
:104B2800B7FBC5E90067C5E9020171E794ED007BB1
:104B3800D4E902AB013D52465B4651EC170B8DEDB3
:104B4800047BFBF7A5FB02460B4606460F46DDE94C
:104B58000401FBF79BFB52465B46FBF799FBC4E954
:104B68000067C4E9020159E774E9022309F1FF3932
:104B7800FBF78EFB5CE700BF0000000000000000B0
:104B8800000070410000703E019B08F10044019A4A
:104B98001F605C609D6006F100431061D36001F105
:104BA8000043536120E700BF2DE9F04F5BEC10ABE9
:104BB8002BF0004385B08046B3F1795F8DED001B83
:104BC80004D205B0BDE8F04F16F0D5BC52465B469E
:104BD80050465946FBF712FD04460D4602460B4661
:104BE80050465946FBF70AFD06460F462046294619
:104BF8003CA3D3E90023FBF701FD3CA3D3E9002341
:104C0800FBF744FB22462B46FBF7F8FC39A3D3E914
:104C18000023FBF73DFB22462B46FBF7EFFC37A3AF
:104C2800D3E90023FBF732FB22462B46FBF7E6FCD1
:104C380034A3D3E90023FBF72BFBCDE90201B8F13C
:104C4800000F17D102460B4620462946FBF7D6FC33
:104C58002EA3D3E90023FBF719FB32463B46FBF7AB
:104C6800CDFC52465B46FBF713FB41EC100B05B03D
:104C7800BDE8F08F00221A4BDDE90001FBF7BEFC0E
:104C88008046894630463946DDE90223FBF7B6FC03
:104C980002460B4640464946FBF7F8FA22462B46A1
:104CA800FBF7ACFCDDE90023FBF7F0FA04460D4600
:104CB8003046394608A3D3E90023FBF79FFC024698
:104CC8000B4620462946FBF7E1FA02460B465046BA
:104CD8005946FBF7DBFAC8E7495555555555C5BF41
:104CE8000000E03F7CD5CF5A3AD9E53DEB9C2B8AB2
:104CF800E6E55A3E7DFEB157E31DC73ED561C119B1
:104D0800A0012A3FA6F810111111813F49555555A8
:104D18005555C53F000000002DE9F04F5BEC10AB86
:104D28002BF00047D84B89B006469F42CDF808B013
:104D380059EC118B59D850465946FBF70FFF0546D9
:104D4800002878D1731C51460B433B430CD1524683
:104D58003B460020CD49FBF77BFD82468B464BEC5A
:104D680010AB09B0BDE8F08F012EF8D042464B4693
:104D780050465946FBF78CFA02460B460F46002070
:104D8800C349FBF765FD2E462C46CDE90001DDE958
:104D98000023304652461D4639465B46FBF776FAF5
:104DA80002460B4640464946FBF770FA32462B4608
:104DB800FBF724FC324682468B462B463046394662
:104DC800FBF71CFC0022B14BFBF762FA02460B46CC
:104DD80050465946FBF75CFADDE90023FBF70EFC69
:104DE80022462B46FBF754FAB7E7AA4B9F4222D933
:104DF800029B002B05DA0BF100439B4609F10043A7
:104E0800994652465B4682A1D1E90001FBF73EFA7A
:104E180004460D4642464B464FF000084FF0000945
:104E28007DA1D1E90001FBF731FA22462B46FBF7B9
:104E38002FFA82468B4652465B4650465946FBF748
:104E4800DDFB02460B46CDE90023FBF7D7FB044602
:104E58000D4650465946DDE90023FBF7CFFB70A30A
:104E6800D3E90023CDE9040120462946FBF7C6FB18
:104E78006DA3D3E90023FBF70BFA22462B46FBF779
:104E8800BDFB6BA3D3E90023FBF702FA22462B46AE
:104E9800FBF7B4FB68A3D3E90023FBF7F9F9224633
:104EA8002B46FBF7ABFB66A3D3E90023FBF7F0F92E
:104EB80022462B46FBF7A2FB63A3D3E90023FBF7AB
:104EC800E7F9DDE90023FBF799FB61A3D3E90023A8
:104ED800CDE9060120462946FBF790FB5EA3D3E9FE
:104EE8000023FBF7D5F922462B46FBF787FB5CA38B
:104EF800D3E90023FBF7CCF922462B46FBF77EFBD0
:104F080059A3D3E90023FBF7C3F922462B46FBF745
:104F180075FB57A3D3E90023FBF7BAF922462B46C2
:104F2800FBF76CFB54A3D3E90023FBF7B1F9024666
:104F38000B46DDE90601FBF7ABF9DDE90423FBF7D6
:104F48005DFB42464B46FBF7A3F9DDE90023FBF77F
:104F580055FB42464B46FBF79BF904460D4648A3D2
:104F6800D3E90023DDE90401FBF748FB22462B4681
:104F7800FBF78EF90B460246CDE90001504659462B
:104F8800FBF786F9434B04460D469F4240F2848066
:104F98003046FBF7C9FA2246804689462B4620460A
:104FA8002946FBF72BFB06460F4642464B46204652
:104FB8002946FBF76DF902460B4630463946FBF7A2
:104FC80047FCDDE90023FBF761F902460B46504632
:104FD8005946FBF75BF902460B46FBF759F90246BF
:104FE8000B4640464946FBF751F9029B04460D46DD
:104FF8004FEAA37A0AF0020ACAF10100FBF794FA11
:1050080002460B4620462946FBF7F8FAA5E600BFFC
:10501800182D4454FB21E93F075C143326A6813C34
:10502800D47ABF74702AFB3EE9A7F0320FB8123F5A
:1050380068108D1AF726303F1583E0FEC8DB573F0E
:1050480093846EE9E326823FFE41B31BBAA1AB3FCE
:10505800735360DBCB75F3BEA69237A0887E143FEE
:105068000165F2F2D844433F280356C9226D6D3FCB
:1050780037D60684F464963F7AFE10111111C13FA9
:10508800635555555555D53FFFFF2F3E0000F03F5E
:105098000000F0BF2794E53F012E33D04FF0000801
:1050A800894602460B46002018494446CDE9028944
:1050B800FBF7CEFB52460F465B4606460D4640467A
:1050C8004946FBF7E3F802460B46DDE90001FBF72A
:1050D800DDF842463B46FBF791FA424682468B464C
:1050E8003B4640464946FBF789FA0022084BFBF746
:1050F800CFF802460B4650465946FBF7C9F83246E8
:105108003B466BE682468B4629E600BF0000F0BFAF
:105118000000F03F30B5104A136803F07043136085
:10512800C9B10E49956911F8103001EB40014C786E
:10513800012101FA03F0284304F1100501FA05F5ED
:10514800284390618B408C40106801FA03F3A1401A
:105158000B430343136030BD0014024214E60108F8
:1051680038B5304B304C1B78002B4CD02F4A236875
:105178002F4DD35C2F4ADB0012781341072B0BD835
:10518800DFE803F00416232E363E3E3E2A4A236803
:10519800136803F0704313602B6801332B60682297
:1051A8002368013393FBF2F102FB1133236038BD0E
:1051B80017232068296891FBF3F203FB1211B1FA57
:1051C80081F14909FFF7A6FFE6E70F232068296860
:1051D80091FBF3F3C3EB0313CB1A59425941F1E79F
:1051E80005232068296891FBF3F303EB8303F3E7B6
:1051F80003232068296891FBF3F303EB4303EBE7F0
:1052080001212068DEE7206822680C492368D21053
:10521800895C03F00703194101F00101FFF77AFFE8
:10522800BDE700BFFC1F002014170020C01100209C
:10523800101700204C0300200014024228120020FE
:1052480030B5284B85B002AD044693E8030085E8E5
:105258000300254802698168136823F0040313607A
:105268000B684FF4003202219847204B0220D3F8F4
:10527800A82042F00202C3F8A820D3F8A82002F020
:1052880002020092009AD3F8A82042F48012C3F8D0
:10529800A820D3F8A83003F480130193019B09F0E8
:1052A80035FF09F055FF34B92146284610F0E5FDD1
:1052B800002005B030BD0121284610F0DEFD052C88
:1052C800F6D0023CE4B2022C96BF094B3020185DA0
:1052D80009F012FF09F024FF0446002009F016FF28
:1052E8002046E6E7A0D00108BCB80108000C024639
:1052F80000E6010803460A4A30B500F108051446DD
:1053080018685968083303C4AB422246F7D1002213
:10531800186820601B792371024B1A7030BD00BFDA
:1053280028120020FC1F00200146682208B5034807
:1053380015F0C3FF0122024B1A7008BDC0110020EE
:10534800FC1F0020014B1870704700BF4C03002061
:1053580030B585B0154CA56820462B6898472B6B4F
:105368006268D3B1204698470A210023104AA0FB5F
:105378000101FBF775FE0F4B009001930023CDF858
:1053880008D00393A368009962681268914206D90D
:10539800094811F0AAF905B030BD5068E4E769463C
:1053A800DB69024898470028F5D0F1E7B8B9010849
:1053B80040420F0069510008DCE501080148836894
:1053C8005B681847B8B901082423094A0949891AAA
:1053D800B1FBF3F1031E08DD994206D3013B1BB272
:1053E80003EBC30302EB830070470020704700BF44
:1053F8000CB7010840BC010813B507480469836865
:1054080001A95B68984720B9236801985840C0F300
:10541800403002B010BD00BFE4B701082DE9F041EB
:10542800ADF51A7D02A9032001F00CFA014630B14E
:10543800614811F05AF90DF51A7DBDE8F081102385
:10544800029807AA11F0E1FC014608B15B48F0E7B1
:105458009DF82330012B05D142F24132BDF82810C6
:10546800914203D0564811F040F900230022554ECE
:105478003260554A1168BA2907BF544CD2E901581D
:105488004AF2503848F698651ABF514F514C2F19B7
:105498001BB19DF82A305A073BD40D2100234E48F2
:1054A8008DF814100490ADF81630026983680193E2
:1054B800136823F400531360019B484A1B689847FC
:1054C8004FF4FA60002114F0ACFE04A8FFF794FF33
:1054D800D8B9FFF73DFF0820FFF734FF04A8FFF70E
:1054E8008BFF38B34146384610F0DEFC00216422B9
:1054F8000CA80B9115F008FF0BA8FFF715FF00216A
:10550800642014F08EFEFFF759FF9DF82A301B0720
:105518001AD49DF82A40099D14F0020418D0304886
:10552800304B816898474FF0FF314FF0FF3014F04F
:1055380078FEF8E72946204610F0B6FCCEE74FF48F
:105548007A70002114F06DFE3368002BF7D0E0E785
:1055580021464FF40F720BA815F0D6FE224B4FF0E0
:1055680001620C93214BCDE904440D93204BCDE906
:1055780097250E9301231F498DF840308DF8103080
:1055880003AA04AB0BA8069402F096FB044610B1DC
:10559800014619484DE7039818498C3002F05EFB24
:1055A800014618B9164811F0A0F844E722460398B6
:1055B80002F0E4FB3FE700BF3DF101085FF101089D
:1055C8007DF101080064034000000D0810000D087B
:1055D800D0F1010820950208E4B701082000010075
:1055E80074110020110010085B720108857201080F
:1055F800997201089CEC010894F101084E250308F2
:10560800B2F101087FB50BAB05930393054B02225A
:10561800029300231846CDE9003300F087FE07B057
:105628005DF804FBB82303082DE9F04F91B000930F
:1056380002F004030293C2F3C20301338407054650
:105648000E46DDF868800392059340F0BB81041D87
:1056580030B1072909D86FF01B0011B0BDE8F08FF1
:1056680001F007063444C6F10806009B4FF0000914
:105678004FF0040A591E4FF0FF334F460193CB46B3
:105688005346CDF810900DB1009820600598002879
:1056980000F3E8809848009A824203D397488242F0
:1056A800C0F0E080039AA4EB050E92074FEA9E0033
:1056B80000F103810F2F00F2B180002D00F0058169
:1056C80007F140020DEB020C019A0CF8200C0CF8C3
:1056D800102C049801300490E7E07A285DD84B2814
:1056E8000ED8472859D829282DD8252852D054D83B
:1056F80020287AD02338D0F1000B4BEB000B74E054
:105708004C382E2849D8DFE800F070484848484807
:105718004848484848484B484848484848484859ED
:10572800484B4B595959704B6D487048184B18489D
:1057380048827F4B48484B487F0000204FF0000BC1
:105748004FF0040A38E001222A38C0B202FA00F009
:1057580010EA0E0F49D110F0625C2FD110EA020B4B
:1057680043D06046013C5444B4FBFAF40AFB04F409
:10577800002D61D0A3EB050CA444B4453FF66BAFF4
:10578800002868D1042B47D158F8043B2360042330
:1057980004342AE0019A013A01924FF0000B24E008
:1057A80011F8010C6C2834D1002011F8023C834612
:1057B8006C2BC5D14FF0080A5346D3E708F1070808
:1057C80028F00708073424F00704F8E802AB35B1DD
:1057D80006982044B0423FF63EAFC4E900AB4FF014
:1057E800000B08344FF0080A534611F8010F00283F
:1057F80078D0BBF1000F7FF470AF2528F5D14FF0BA
:10580800010B019B013301934FF0040AECE7584662
:1058180094E700208346A5E7082B02D06FF0150017
:105828001BE708F1070828F00708B8EC027B84EDAD
:10583800007B08230834D8E768B9042B02D108F1A3
:105848000408A4E7082BE9D108F1070828F007089D
:1058580008F10808EDE705980138059058F8040B99
:10586800009010E7039A900720D54FF0010CA4EBA5
:10587800050E4FEA9E00BEF5007FCFD20F2FCDD880
:10588800F5B107F140020DEB020E019AC0B20EF815
:10589800200C0EF8102CBCF1000F3FF41AAF60F08A
:1058A8007F000EF8200C09F101090137C5F1080243
:1058B8004FF6DA7E0434069297E74FF0000CDAE7E9
:1058C800BCF1000F01D00136EFE7029A0236002A38
:1058D800EBD10098CDE90631FBF70AFCDDE906318A
:1058E8000644E2E7631BB3F5806F97D245B9A6F18A
:1058F8000804E018B1E600BF94B501086465030820
:10590800029A9B0828602B709DF81030C2B1EB708A
:1059180085F80290B9F1000F05D0002208A8C5F15A
:10592800010C97420ED14FF0000AC5F101030DF1A9
:10593800200801930DF1300B574512D1601B8CE6FE
:105948006B70E5E710F8013B190608D50CEB040E5F
:10595800B64503F07F033FF67EAE04F8013B013203
:10596800DFE7B9F1000F03D098F90020002A17DB10
:10597800029BD3B11AF80B2004F8012B0022019BDB
:1059880018191044B0423FF666AE98F80000009926
:1059980004F8010B2046039215F08FFC039A144477
:1059A8000AF1010A08F10108C6E798F8002055F83D
:1059B80022300093029B009845F82230FBF798FBB1
:1059C800421CDCE76FF00D0047E600BF2DE9F04F01
:1059D8009BB0DDF890B00993CBF3C003044616469C
:1059E800884690F802A00B9341B9457800780AEBF5
:1059F80080002044454516D8A0EB0408E3780A93B4
:105A0800BAF1000F02D01BF0010F15D10A9B002B31
:105A180039D11EB141462046099AB0474546284625
:105A28001BB0BDE8F08F471C3846FBF761FB01301F
:105A3800384408F10108DDE7227863680692089384
:105A4800069B92000C9204EB8301002E40F0E2804A
:105A58000F460026454601EB0A08474522D017F8AD
:105A6800013B069154F82300FBF742FB259B06995E
:105A7800013033B1269B9E423EBF259B23F816007A
:105A880001360544E9E71BF0020FC2D023781F4610
:105A980006939B000C93636804EB87010893002E20
:105AA80051D145461BF0050F01EB0A070CBF4FF01B
:105AB800020A4FF0010A0A9B07EB43090BF00203A5
:105AC80006934F45ABD017F8021B17F8013C54F862
:105AD8002380904B984502D38F4B984514D30B9B4A
:105AE800FBB1089810F0A8FDD8B1089B0491039366
:105AF8008A4B02220293002389491846CDE90033D4
:105B0800FFF780FD023DDCE70B9B23B1089810F0FE
:105B180093FD0028E9D11BF0010F05D1A5EB0A057B
:105B2800CFE7069B002BCCD04046FBF7E1FA259B3C
:105B38003BB1269B9E423FBF259A431C22F8163054
:105B480001360544BDE7BAF1000F67D01BF0040722
:105B580067D057464FF0000916A85246079115F02E
:105B6800ACFB079901EB0A0307930A9B0A9A5B00AF
:105B78000E93079B03EB42030D930BF002030F9365
:105B88000D9B079A93424ED163781BF0020F18BF02
:105B9800002103EB090208BF79081BF0010FD2B2FC
:105BA80040F08A801BF0040F14BF38460020627052
:105BB800A070E1702046099A0C990893B047051E19
:105BC800FFF62DAF069B39462370089B099A637030
:105BD8000A9B84F802A0E37016A8B047071EC0F21B
:105BE80095800C9BA8EB0A01C91A0E9B099A079885
:105BF800C91AB0470028C0F28B804FF000082F4424
:105C08003D180DF1480BC14558D80021099A08469E
:105C1800B04704E7D146002712A89EE75746D14669
:105C2800A0E7B9469EE7079B13F8021B13F8015C2F
:105C3800079354F82520374B9A4202D3364B9A42A1
:105C480017D30B9B23B1089810F0F6FC002897D1C6
:105C58000F9BCBB907F168037A1C0DEB03001AAB55
:105C6800023753FA82F200F8101CFFB202F8105CF7
:105C780086E70B9B2BB1089810F0DEFC00287FF418
:105C88007FAF1BF0010F0AD009F1680309F1010287
:105C98000DEB030909F8205C5FFA82F970E71BF045
:105CA800040F3FF46DAF07F168037A1C0DEB03078F
:105CB80007F8105CD7B263E7002078E718F80B30D4
:105CC80054F823A08DF84730259BEBB1269B9845C7
:105CD8001AD2259B33F818700121099A0DF1470053
:105CE800B047002814DB054427B95046FBF700FAF3
:105CF800471CBFB239465046099AB047002807DB0F
:105D0800054408F101087EE70027E5E73D4686E6F9
:105D1800054684E694B5010864650308B8230308BA
:105D2800DCBF010870B5224B82689A4215DDD0E9C4
:105D38000016013392FBF3F3012976F100054FEACF
:105D4800E37422DAC91844EB0604C0E900141949BF
:105D580001FB03238360012070BD002AFBDAB2F146
:105D6800004F1EBF14499B1AB3FBF1F3D0E9004161
:105D780008BF032300294FEAE3760FDA01F1004553
:105D88009C42B5410ADA0020E6E7CD439D426FF018
:105D98000045A5EB0605A541D4DAF4E7E41A61EB62
:105DA8000601C0E90041044901FB03228260D2E7F1
:105DB800FFC99A3B003665C400CA9A3B30B5044611
:105DC800EFF31185102383F31288BFF36F8F044B11
:105DD8000FCB84E80F0085F31188BFF36F8F30BDB8
:105DE8003812002001281FB50C4605D004281DD004
:105DF8006FF0150004B010BD14F02BFC42F21072C5
:105E08000023FBF72DF9104BC4E900015A43A260A7
:105E18006846FFF7D3FF6946204610F032FC18B9F0
:105E28000A4B0FCB84E80F000020E3E714F011FCC5
:105E380042F210720023FBF713F9034BC4E9000187
:105E48005A43A260F0E700BFA086010090D0010885
:105E580001287FB50D462ED18A68184B9A422AD858
:105E680014F0F7FB42F210720023FBF7F9F86C46C6
:105E7800134B404202FB03F361EB4101CDE9000102
:105E880020460293FFF74EFF2946204610F0F9FB03
:105E9800EFF31186102383F31288BFF36F8F94E812
:105EA8000F00084D85E80F0086F31188BFF36F8F48
:105EB800002004B070BD6FF01500FAE7FFC99A3BE7
:105EC8006079FEFF38120020014B1860704700BF50
:105ED800B800002070B50446044E4518AC4200D105
:105EE80070BD336814F8010B9847F7E7B800002035
:105EF80080B505460E46174698460AF0FBFF03464E
:105F080015F03AFB0446DFF81890424649F800308D
:105F180039463046A84754F8090001F08DFB00BF08
:105F280010000000034A0020536823F00203536066
:105F3800704700BF004004E030B5456885B01B4C91
:105F4800204613F0B6FC034660B9194A1949CDE951
:105F580001020090012210F0D9FD6FF012042046D2
:105F680005B030BDA3681B6883B120462946984711
:105F7800041E0EDA104B0122029300230D49184625
:105F8800CDE90033039410F0C1FDE8E76FF0570442
:105F9800F0E700F027F8094B1A6A42F001021A628A
:105FA8001A6AD207FCD50024D9E700BF0CB701084C
:105FB80094240308A4C00108B32403080008024677
:105FC8007FB50BAB05930393054B02220293002385
:105FD8001846CDE9003300F0A9F907B05DF804FBD5
:105FE8001625030810B5EFF31184102383F31288E4
:105FF800BFF36F8F084803683BB9084A916A41F0BC
:1060080001019162916AC907FCD50133036084F3E9
:106018001188BFF36F8F10BD1817002000080246C3
:1060280030B585B0EFF31184102383F31288BFF3E2
:106038006F8F11490B689BB9104D2B7853B9104AD3
:106048001846CDE90132009302220E49FFF7B8FF46
:1060580001232B7084F31188BFF36F8F05B030BD17
:10606800012B08BF084803F1FF3302BF826A22F000
:10607800010282620B60EDE718170020FD1F002067
:10608800162503089CC001080008024607B503F05E
:10609800B7FB0E4B0E4A1A600E4BD3F8942042F011
:1060A8000402C3F89420D3F8943003F00403019356
:1060B800019B094BDA6A42F00102DA629A6822F01F
:1060C80002029A6003B05DF804FB00BF18030020C9
:1060D80000093D00000C0246000802462DE9F84F71
:1060E800814630480F4610F02BFD064670B92E4CFD
:1060F8000546A0464FF0010ADFF8B0B05C4507D36B
:10610800B9F1000F02D04FF0010AFDB9BDE8F88FD0
:10611800237B83B12368DB680BB12046984763680B
:1061280083F806A023681B6943B9636804222046E4
:10613800196810F02AFD01361034DFE72046984729
:106148000028F2D00AFA06F31D43F4E7A94695FAA7
:10615800A5F4B4FA84F40AFA04F3260108EB04144B
:106168006FEA030B25EA0305237B63B158F8063071
:106178001B698BB94644736804222046196809EAEA
:106188000B0910F002FD002DE1D11FB164200021A0
:1061980014F047F84D46B8E7204698470028F2D152
:1061A800E8E700BF24170020B4C00108C4C00108F4
:1061B800014B53F8200070475CD4010808B503462A
:1061C80008462BB1044A136000F014FB002008BDF8
:1061D8006FF01500FBE700BFBC00002000230C4A4D
:1061E80010B513700B4A4FF47A7113600A4A0B48C2
:1061F8001360FFF7E3FF0A4B0A4918468B4200D3A6
:1062080010BD1A1A5C681211013222711033F5E7B9
:10621800FE1F00201C17002020170020396B0108E2
:10622800B4C00108C4C0010870B50B4D297841B944
:106238000120FFF753FF094C094EB44202D3012352
:106248002B7070BD63685B791BB1236820469B681F
:1062580098471034F1E700BFFE1F0020B4C00108C2
:10626800C4C00108014B1868704700BF2017002000
:1062780010B50446064810F063FC3CB1054BD3E862
:10628800EF1F0139C3E8E21F002AF8D110BD00BF93
:106298001C1700202017002070B50A4B05461B6804
:1062A8009847094C094EA860B44200D370BD636892
:1062B8005B7923B12368294620461B689847103428
:1062C800F2E700BFBC000020B4C00108C4C0010848
:1062D800044A054B9B1AB1EBD30F34BF52F8310077
:1062E80000207047B4BF0108B4C00108054B064937
:1062F800C91AB2EBD10F3ABF03EBC20318790020D9
:10630800704700BFB4BF0108B4C00108054B064A76
:10631800D21AB0EBD20F3ABF03EBC00318790020B2
:10632800704700BFB4BF0108B4C001082DE9F04FA1
:1063380087B004AF0446D7E90EA90E46934698469F
:106348003D6BBAF1000F1ED0C7F80490CDF800904D
:106358001021534600207A6BFFF766F9B0F5006FFD
:10636800014611D340F2FF730393194B02220293A3
:10637800002318491846CDE9003310F076FC0C3795
:10638800BD46BDE8F08F514604F007040BF0070B3B
:10639800E40044EA8B1444EA412444EA05541735DE
:1063A8000D4425F00705ADEB050D04ADBAF1000F5E
:1063B80007D0CDF8009053467A6B05F11000FFF72F
:1063C80033F9434622463146284610F0FEFBD6E70D
:1063D800602503084CC001082DE9F04FC1F34A2697
:1063E80091B00D469046079008930C0D002E56D09C
:1063F80000274FF0040B4FF00A0A0BAB01933A4603
:106408000DAB31464046CDF808B0CDF800A0CDE937
:106418000D770F97FFF7DAFAB0F5006FB14603462C
:1064280012D340F2FF730493D8F804300222039386
:106438001F4B3846CDE901731E493B46009710F0C3
:1064480014FC11B0BDE8F08FC0F30A0604F1170080
:10645800184420F007008008099310F092FB66F3B7
:106468005325044680B1099B00F11001CDE90E3790
:106478000BABCDE900A30D91404649460E4ACDF835
:1064880008B00DABFFF7A2FA66F353252A4620465B
:10649800089B079911B0BDE8F04F10F096BB04F1C6
:1064A800170020F00700800810F06BFB0446EBE7AC
:1064B800982503084CC00108A56B0108406820B165
:1064C800034BC01A40F3CF0070474FF0FF307047BE
:1064D800B4BF01080EB403B503AB53F8042B01464F
:1064E8000448019301F024FA02B05DF804EB03B00C
:1064F800704700BFED6C0108CA0605D48B064CBF77
:1065080002490349FFF7E6BF704700BFD8250308D3
:10651800D72503082DE9F04F87B09DF8446004465D
:106528000D4690469946002E00F0A280159B03F078
:10653800020A03F001030493159B03F0080B03F40C
:106548008073059310F01FFB024600283DD02046BB
:106558009449FFF7BFFF0746BAF1000F09D0159B12
:1065680013F0440F33D12A4620468F49FFF7B2FF74
:106578000744049B53B18D4B204653F826208C4B7F
:106588008C49002A08BF1A46FFF7A4FF059B002B79
:1065980049D0BBF1000F64D1B8F1000F66D0424674
:1065A80020468549FFF796FF0546129B3D44002B80
:1065B8006DD1149B002B73D1159BDB0700F1EB8089
:1065C80020461599FFF798FFD8E00746C4E77B4BAC
:1065D80018680028CCD07A4B4FF47A7A1B684FF0B1
:1065E8003C0CB5FBF3F5B5FBF0F14FF4616300FB30
:1065F80011550AFB05F5B1FBF3F2B5FBF0FE03FB01
:10660800121100FB1E55B1FBFCF30AFB05F5B5FBA7
:10661800F0F50CFB131120460091CDE901E569491D
:10662800FFF758FFA4E7BBF1000F1DD0664B2046CB
:1066380053F826206549FFF74DFF0546B8F1000FCE
:1066480005D0424620465C49FFF744FF0544B9F1AE
:10665800000FAAD04A4620465D49FFF73BFF054494
:10666800A3E74FF00009E1E75D46E7E745469CE709
:10667800B9F1010F129B06D1002B66D1149B002B98
:106688007CD000250CE0002BF8D052485EE0524840
:10669800129B224651490FF09EFF149B002B6AD093
:1066A800DFF84481DFF84491149F2046102F159994
:1066B80028BF10274FF0000BFFF71EFF5D4547DC92
:1066C800139B494620461A78FFF704FF4FF0010B49
:1066D8001BF0070F03D141462046FFF7FBFE5F453D
:1066E8003DD9139B4946204613F80B20FFF7F2FECD
:1066F8000BF1010BBBF1100FEAD14FF0000A204655
:106708003749FFF7E7FE5246DFF8E4B0139B20460F
:106718009A5CA2F120015F2928BF2E225946FFF773
:10672800D9FE0AF1010ABAF1100F1DD01AF0070FAD
:1067380003D141462046FFF7CDFE57455246E5D8DE
:1067480041462046FFF7C6FEEBE7234835469FE75C
:1067580041462046FFF7BEFE0BF1010BAEE720468F
:106768002049FFF7B7FEC3E7139B3B441393149BE1
:10677800DB1B149398D1002E7FF41EAF6268A168CA
:10678800D2E90023206810F09FFA002263681A609B
:1067980007B0BDE8F08F2046054A0649FFF79AFE84
:1067A8000EE700BFDF250308E32503086CD40108C2
:1067B800DA250308082603080B2603082C170020EF
:1067C80028170020EC25030880D401080F260308A9
:1067D80015260308096D0108ED6C010839790008D0
:1067E8002426030820260308222603081A2603085D
:1067F8002626030800210123064A904206D8064AA5
:1068080001B901231360054B186070470121400846
:106818005B00F2E740420F00281700202C170020E9
:10682800F8B50D460446064F4618B44201D128462D
:10683800F8BD14F8011BBB6801485B689847F4E78A
:1068480094B9010870B5104B0D461C68B4B10F4BD4
:10685800196800238B4202DB6FF0010070BD2246ED
:1068680012F8106B864202D014460133F2E7E06852
:1068780013F01FF828B100202C60EFE76FF00C0030
:10688800ECE76FF01200E9E7C8000020C8D401085F
:106898002DE9F04FD0F808A01E468FB0DAF80C307A
:1068A80007460D46904698470368202B0FD9274B7B
:1068B8000293002301221846CDE90033244910F041
:1068C800E3FA6FF0150528460FB0BDE8F08FB8F170
:1068D800000F01DA1F4BEBE748EA06045A1E144082
:1068E8000BD003931C4B012202930023184918462E
:1068F800CDE9003310F0C8FAE3E72946202206A8BC
:1069080014F002FD2546B442DDD2A6EB0409B9F124
:10691800200F28BF4FF0200908EB040BDAF80450C9
:106928004B465946384606AAA847051E0CDA0B4BB3
:10693800012202930023CDE9037B1846CDE90033F9
:10694800034910F0A1FABEE74C44DCE75B260308D4
:1069580004C00108812603089E260308D0260308E0
:106968002DE9F0470E46154610F02AFB7C2816D86C
:10697800EFF31181102383F31288BFF36F8F1D4A41
:106988001D4B02EBC00EDEF804709F4209D1CEF811
:10699800046042F8305081F31188BFF36F8FBDE86F
:1069A800F087DFF85C80154C474516D01423434325
:1069B80004EB0309D9F810C003EBCC0304EB030A7A
:1069C800CAF8047052F83070E7500CF10103C9F8A6
:1069D8001030CEF8048042F830901423584322181F
:1069E800136900EBC300271801337E60255013613B
:1069F800D1E700BF6003002071700108480700203C
:106A0800CB6F01082DE9F0410F46904610F0D8FAF7
:106A18007C2862D8EFF31186102383F31288BFF322
:106A28006F8F142343432E4CE2181569A5B92D4BDB
:106A380003EBC0025168B94207D153F83010414501
:106A480003D12949516043F8305086F31188BFF3C8
:106A58006F8F0020BDE8F0815268974202D1E35859
:106A680098452CD0012DF0D0142303FB0043DA689D
:106A7800BA42EAD19B684345E7D101221421002795
:106A8800414301EBC20163185F60013D6750AA42B0
:106A980003F1080315DB14234343012D04EB030220
:106AA8001561D2D10F49576801EBC0056F60E558F1
:106AB80041F8305000215160E1501161C5E70022D2
:106AC800DCE7196853E9027C43F8081C596801326D
:106AD80043E90117C3F804C0D9E76FF01500B9E717
:106AE8004807002060030020717001082DE9F04775
:106AF80080460D468CB0002966D000248B680122A0
:106B080005934B68204604930B683B4903933B4B22
:106B1800CDE900440293234610F067FA6B6901221D
:106B280005932B6920460493EB6833490393344B50
:106B38000094CDE90143234610F057FAEB6901228E
:106B48000393304B2046CDE901432B49234600945B
:106B580010F04BFA2F462646DFF8B8A0DFF89890D9
:106B6800FB6A01220A93E31C0993BB6A494608930E
:106B7800A31C07937B6A10370693631C05933B6934
:106B8800CDE9016ACDE90343002300961846043491
:106B980010F02BFA102CE3D12B6E012203931A4B21
:106BA8001549CDE9016300230096184610F01DFA37
:106BB800AB6901220393154B0F49CDE9016300230B
:106BC8000096184610F011FAB8F1010F0DD1EFF345
:106BD8000583103B03930E4B42460293002306495C
:106BE8001846CDE9003310F000FA294640460CB0AB
:106BF800BDE8F04708F098BE64C00108FD26030808
:106C08002C2703085B270308AD270308BC270308C4
:106C1800EA2703086A27030830BFFFF7FDBF00BF54
:106C28002DE9F04105460B4EDFF83080324606EB81
:106C38000807CC1B2046084914F03FFBA019424620
:106C48000021083C14F060FBC5F8B84007F10800C3
:106C5800BDE8F0810800000088D00108300000007D
:106C68002DE9F04F9B4653688FB006934B699146C8
:106C7800DBF81C2082468846079310F090FA0AAB8E
:106C880004464A4641465046D9F8005010F0CDFA1D
:106C98000AAB074668B1D24B012202930023D149BF
:106CA8001846CDE9003310F0BBF938460FB0BDE8FF
:106CB800F08F9DF8342002F00F02032A01BF28202C
:106CC800BDF83620D8F8BC10424307BFD8F830606A
:106CD8008A58D8F82C600A9A009316444B464146C5
:106CE8005046CDE9016B09AA01F0DCFE074658B110
:106CF800BD4B012202930023BA491846CDE900335F
:106D0800039610F08DF9D0E79DF818106219322912
:106D18006CD8322900F2728101A353F821F000BF28
:106D2800B36C0008036E0008FB6D00087F6E000856
:106D38000570000805700008057000080570000857
:106D48000570000805700008C36E0008057000088B
:106D58000570000805700008057000080570000837
:106D68000570000805700008057000080570000827
:106D780005700008E56F0008E56F0008DB6F000884
:106D88000570000805700008057000080570000807
:106D9800036E0008036E0008C36E00080570000843
:106DA80005700008057000080570000805700008E7
:106DB8000570000805700008FB6D000805700008E4
:106DC8002F6E000805700008416E0008876E0008E5
:106DD800876E0008876E0008876E00086F6F0008CE
:106DE8006F6F00086F6F00086F6F00086C2940F024
:106DF80005816359099A13441CE06FF07C4EDDF855
:106E080024C06159ACEB0203080203EBA01303F1A1
:106E180000700138704580F08380C3F3970301F058
:106E28007F410B4306E06259704B134043F0D07327
:106E380043F47043635138E709986159A0EB020C99
:106E480041F31E03634413F1804F0FD50590684B3F
:106E5800CDE903620293002301221846CDE90033ED
:106E6800604910F0DDF86FF007071EE723F00043D4
:106E780001F00041D5E7099B9A1A6359BBE76059AD
:106E88000309C0F30B0603F470433343099E06FA63
:106E980083F3A1F12D06012E0CD92C29554A08BFE0
:106EA8001B14C3F30B0102401B010A4303F47023B4
:106EB8001343BFE79B1A2E29F0E740F6FE78605B84
:106EC80051884FEA902E4FEA0E6308EA410803F012
:106ED800807343EA0803DFF82081DDF824C008EA5C
:106EE800003843EA08038EEA51386FEA08088EEA48
:106EF800D12E6FEA0E0E08F0010843EAC8536FF06E
:106F08007E480EF0010E43EA8E5343F31803ACEBB0
:106F1800020E734403F1FF1E0EF57F4EC64502D3E1
:106F2800CDF814C093E7C3F3093C00F47840C3F3E9
:106F380000664CEA000040EA8620605301F45041A4
:106F4800C3F34A00014383F40000C0F3C05083F444
:106F580080037040C3F3805341EA4031734041EAF3
:106F6800C3235380A1E634F805C050884FEA0C3398
:106F78004FEA4C0606F400669BB2334396783343D7
:106F8800060906F4E0663343099E06FA83F3A1F185
:106F98003106012E1AD9302908BF1B145E08C3F325
:106FA800033106F480662CF4816C31432CF0070C15
:106FB80041EA0C0C00F40F40D9B21B01084303F45A
:106FC800E043184324F805C050806EE69B1A322926
:106FD800E2E76359079A1A4413462BE7099B29E706
:106FE800FD270308FCBF0108202803080F0000F054
:106FF8003A28030800F0E0FF00F03F00054B03913A
:107008000293002301221846CDE90033024910F00B
:1070180007F828E76A280308FCBF0108054B9A69A6
:107028009B689A421FBF044A536843F080535360D9
:10703800704700BF301E002000ED00E0F0B50024CE
:10704800414B85B00293074623460E46012220464F
:10705800CDE900443D490FF0F3FF3D4B9B6ADD0647
:107068006FD53C4B2046CDE90143012223463749E1
:1070780000940FF0E5FF1120354B9B6A1C070AD5D9
:10708800354B01220293002330491846CDE90033DD
:107098000FF0D6FF12202E4DAB6A99071FD500249A
:1070A8002E4B0122029320462346CDE9004427496E
:1070B8000FF0C6FF6B6BAA6A12060FD50393284B15
:1070C8000122CDE9014320462346204900940FF0D0
:1070D800B7FF1FB1AB6A23F08003AB6213201C4BD0
:1070E8009B6ADD070AD51F4B01220293002317492B
:1070F8001846CDE900330FF0A3FF1420144B9B6A08
:107108009C060AD5184B0122029300230F49184602
:10711800CDE900330FF094FF15200D4B9A6AD10684
:1071280058BF9A6A9A6A920642BF5A6A22F4005273
:107138005A629A6A42F0FF029A620023337005B0DD
:10714800F0BD102098E700BF8628030864C0010836
:1071580000ED00E09C280308CF280308E228030874
:10716800FA280308102903082F290308F0B500247A
:10717800434B85B00293074623460E46012220461C
:10718800CDE900443F490FF05BFF3F4B9B6ADB04AE
:1071980065D53E4B2046CDE90143012223463949B6
:1071A80000940FF04DFF1720374B9B6A1D050AD539
:1071B800374B01220293002332491846CDE90033A8
:1071C8000FF03EFF1820304DAB6A9C051FD50024F8
:1071D800304B012220460293CDE900442346294939
:1071E8000FF02EFFAB6BAA6A10040FD503932A4B3E
:1071F8000122CDE9014320462346224900940FF09D
:107208001FFF1FB1AB6A23F40043AB6219201E4B6A
:107218009B6A59050AD5214B01220293002319497B
:107228001846CDE900330FF00BFF1A20164A936A6F
:1072380013F4807315D01A4B0122029300231149CD
:107248001846CDE900330FF0FBFE1B200E4A936A67
:1072580043F47F4393620023337005B0F0BD1620DA
:10726800A2E7926A9204F1D50E4A1846CDE9013296
:107278000449012200930FF0E3FE1C20E6E700BF5B
:107288005E29030864C0010800ED00E074290308C2
:10729800CF280308852903089E290308B329030872
:1072A800CE2903082F2903081FB500243E4B3F4968
:1072B8000293012223462046CDE900440FF0C0FE88
:1072C8003B4B9B6A99016DD53A4B2046CDE901436A
:1072D80001222346354900940FF0B2FE1E20344B9C
:1072E8009B6ADA010AD5344B0122029300232F4905
:1072F8001846CDE900330FF0A3FE1F202C4B9B6AE4
:10730800DB020AD52D4B0122029300232749184698
:10731800CDE900330FF094FE2020254B9B6A1C0317
:107328000AD5274B01220293002320491846CDE9AC
:1073380000330FF085FE21201D4B9B6A59030AD5A7
:10734800204B01220293002318491846CDE9003347
:107358000FF076FE2220164B9B6A9A030AD51A4B29
:1073680001220293002311491846CDE900330FF09A
:1073780067FE23200E4B9B6ADB030AD5134B0122C1
:107388000293002309491846CDE900330FF058FE4F
:107398002420074A936A6FEA03436FEA1343936210
:1073A80004B010BD1D209AE7E629030864C001084F
:1073B80000ED00E0FE290308112A03082B2A030820
:1073C800552A0308732A0308982A0308B22A0308CF
:1073D8002DE9F041714B06465F68A2B00023C7F360
:1073E800080483F31188BFF36F8F02F07F40B0F178
:1073F8007F4F0CD102F00C00082819D1684A1846B2
:10740800CDE901326749012200930FF019FE0025EA
:107418002E464FF00008E31E8DF81F80092B00F25E
:10742800A480DFE803F00B989C94A2A2A2A2A2A0D9
:10743800120746BF0E461D460125EAE75A4B0122B0
:10744800CDE90183002357491846544FCDF80080F1
:107458000FF0F6FD8DF81F80FC6A14F0020405D0C9
:10746800524BCDE90183CDF8008006E0FB6A002B82
:107478000BDA4F4B0094CDE9014300230122184653
:1074880048490FF0DDFD002439E0FB6A5B00FAD5BE
:10749800484B0122CDE90143204623464149009447
:1074A8000FF0CEFD7B69B26943F480737B61BFF353
:1074B8004F8FBFF36F8F7B6932F8022C23F48073F0
:1074C8007B61BFF34F8FBFF36F8F4DF602739A4204
:1074D80008D0BB6ADBB263B301200DF11F01FFF7CF
:1074E800ADFD36E0336820460393334B0094CDE975
:1074F8000143012223462B490FF0A2FD34689DF871
:107508001F309BB96822314608A813F0D6FE0F9B9E
:10751800002D3ED0C3F3080222B96FEA53236FEA65
:1075280043230F93204608A9FFF7E0FA22B0BDE8ED
:10753800F081BB6A13F47F4F05D001200DF11F01C4
:10754800FFF714FE05E0BB6AB3F5803F9BD3FFF756
:10755800ABFE0446D3E700200DF11F01BFE7002072
:107568000DF11F01ECE7154B7BE7154A17F4F87F7F
:10757800144B18BF1346103CCDE90334124B0122BB
:107588000293002307491846CDE900330FF058FD50
:1075980079E723F4FF7323F00103C2E700ED00E06D
:1075A8000B2B030864C00108362B03084D2B030876
:1075B8006E2B03087C2B03089B2B0308B72B0308AF
:1075C800F22A0308DD2A0308DB2B0308044B5A6957
:1075D80042F010025A615A6922F008025A61704753
:1075E80000ED00E0EFF30880EFF3098101B5724682
:1075F800FFF7EEFE01BD00BF0C4880F308880020AD
:107608000B490870102080F311880A484FF4006174
:10761800401880F30988EFF314800221084380F3AF
:107628001488BFF36F8F00F0CBF8000068A904201E
:107638000020002028200420084B9B6883420BD19F
:10764800EFF3058343B1064B5A6842F080525A6003
:107658005A6A22F400425A6209F052BC301E0020D5
:1076680000ED00E021498A6882F805E14FF030001A
:107678001044EFF3098C80E8F01F1EF0100F03D1BF
:1076880002F1C40080EC108A102080F31288BFF346
:107698006F8F174F4FF000668A698A603E60D2F894
:1076A800B800144C206092F905E1D2F8BC00002320
:1076B800C2F8BC3080F311881EF0100F03D00023ED
:1076C800E1EE103A03E002F1C40090EC108AEFF307
:1076D800148323F0040383F31488BFF36F8F02F13C
:1076E800300090E8F01F8CF309887047301E0020A6
:1076F80004ED00E05C1700201EF0040F0CBFEFF350
:107708000880EFF30980816911F8021C0229FFD073
:1077180001B572460FF079FC01BD00BF0028ACBF6F
:1077280000F16040064B4FEA0111C9B2ABBF00F54A
:10773800614000F00F0080F800131954704700BF33
:1077480014ED00E040B2002807DB01234109034A99
:1077580000F01F00834042F82130704700E100E04C
:1077680040B200280CDB01220649430900F01F0043
:107778008240203341F82320BFF34F8FBFF36F8F30
:10778800704700BF00E100E0054B420953F8222092
:10779800012300F01F0003FA00F01040704700BFFB
:1077A80000E100E0044B054A23F07F039360BFF338
:1077B8004F8FBFF36F8F70470000000800ED00E0A7
:1077C80008B5FFF7EFFF104BD3F8882022F47002BA
:1077D800C3F88820D3F8882042F4A002C3F8882090
:1077E8004FF04042C3F83422BFF34F8FBFF36F8F7F
:1077F8000023E1EE103A08F083F909F0A1FD00F04A
:1078080079F808F0C1F900BF00ED00E042F8203C2B
:10781800009B0D4942F81C3C019B21F0010142F8F4
:10782800183C029B42F8081C42F8143C4FF0807345
:1078380042F8043C0023C0F8BC304FF47D43203AA2
:107848000265C0F804317047F95E0008104B9B6868
:1078580083421AD1EFF30580B8B9EFF311811022F2
:1078680082F31288BFF36F8F1A7B22F002021A7319
:10787800EFF3148323F0040383F31488BFF36F8FAB
:1078880081F31188BFF36F8F70476FF01500704751
:10789800301E00200E461546002300B5E1EE103AD2
:1078A800EFF3148323F0040383F31488BFF36F8F7B
:1078B800BFF36F8F0A4BD0F8B8209860094B1A6055
:1078C8002C4686F309880020034B98472046002160
:1078D80000220023014C204799700108F95E000836
:1078E800301E00205C1700201022014B1A617047DF
:1078F80000ED00E0002310210348C21801337D2B5E
:1079080082F80013F9D1704700E100E008B5EFF301
:107918000583064A103B02EBC30152F8330049685D
:107928008847BDE80840FFF779BB00BF6003002027
:10793800F0B587B007460E46144600211022684667
:107948001D4613F0E1FC02238DF80230054B2A4650
:1079580021466846CDE9047601930BF09BF807B001
:10796800F0BD00BFC770010808B502480AF088FEDC
:10797800FEE700BF5FEF010808B5024B1B68984798
:10798800002008BD70170020034B044A1860937844
:1079980043F002039370704770170020CC0000205A
:1079A80008B505480EF0A1FE002383F31188BFF344
:1079B8006F8F0423184602DFEE2B03081FB5044619
:1079C80069460120FEF70EFA031E0ADA13F0D4FD09
:1079D800074A5B4213504FF0FF314FF0FF3004B0BD
:1079E80010BDDDE90001002CF9D0C4E90001F6E77B
:1079F8001400000008B50649064821F00701C1F146
:107A0800005202F540220EF08EFD002008BD00BF96
:107A180037390520741700204FF0FF324FF0FF333D
:107A2800014808F033BA00BFDC000020014808F024
:107A3800A5BA00BFDC00002038B50546FFF7ECFF0B
:107A48002A46082107480EF0BAFC044628B925B191
:107A580013F092FD0C22044B1A50FFF7E7FF204663
:107A680038BD00BF741700201400000038B5044664
:107A78000D46FFF7D1FF21462B46082207480EF096
:107A88001AFD044628B925B113F076FD0C22044BE3
:107A98001A50FFF7CBFF204638BD00BF74170020EF
:107AA8001400000010B50446FFF7B6FF214603484E
:107AB8000EF024FCBDE81040FFF7B8BF7417002093
:107AC80070B5A0FB01543CB92846FFF7B5FF064640
:107AD80040B90026304670BD13F04EFD0C22044B11
:107AE8001A50F6E72A46214613F00EFCF2E700BFCB
:107AF80014000000F7B506460D460D488AB28368A3
:107B080031461B689847002810DA00240CE02F1B28
:107B1800042F28BF042707F0C3FA3A46019001A9A9
:107B2800301913F0CAFB3C44A542F0D803B0F0BDAD
:107B380004B9010810B503460548826814688AB27A
:107B48001946A0470028B4BF6FF00400002010BDFC
:107B580004B90108014808F011BA00BFF00000207C
:107B68002DE9F04385B00646884604AF00231A463F
:107B780001F004F9041E0FDA184B03940293002352
:107B880001221846CDE9003315490FF0ABFA20461B
:107B98000437BD46BDE8F08324F00303DA1D22F064
:107BA8000702ADEB020DA5080DF110094A46414642
:107BB800304601F0E3F8041E4FF000030BDA094ADF
:107BC80003940292DCE759F8243098470134AC4218
:107BD800F9DB0024DBE71C46F9E700BFF72B0308B5
:107BE8003CC00108142C030838B505464FF0FF3394
:107BF8004FF0FF32084808F049F9084B1C682CB1CF
:107C08000F222946201D13F057F818B9FFF7A2FFD5
:107C1800204638BD2468F2E7F000002080170020D5
:107C2800F8B506460F464FF0FF334FF0FF320948CC
:107C380008F02CF9084B1D6825B92C46FFF78AFF78
:107C48002046F8BD39462846B04704460028F5D1F5
:107C58002D68F1E7F0000020801700202DE9F041A1
:107C68000E46044690B100250768AF4211D10024A2
:107C780009E00835BD4206D231462868F9F726FAE8
:107C88000028F6D16C682046BDE8F081084D094F00
:107C9800F0E76368314653F8350003EBC508F9F798
:107CA80015FA10B9D8F80440EDE70135DDE700BF53
:107CB80008C1010888D001082DE9FF41054608469A
:107CC80014460F469846FFF78FFF20604FF0FF32AB
:107CD8004FF0FF33244808F0D9F8266856B1D6F893
:107CE80094506B1CC6F89430FFF734FF284604B054
:107CF800BDE8F08100230022C4211C4807F0BAFF28
:107D08000346206050B91A4A1A49CDE90102009089
:107D180001220FF0E7F96FF00B05E5E7014642464F
:107D2800284600F047F9051E05DA21680F4811F0CA
:107D38006FFE2660D8E720680F223946043012F01B
:107D4800CDFF2368DE742268D2F894300133C2F87C
:107D580094302368084A1E60516811B9C2E900339B
:107D6800C2E70B605360BFE7F000002074110020E9
:107D7800352C03083CC00108801700207FB5044655
:107D88000D4616460FF0BEF900280CDA0B4B03908F
:107D98000293002301221846CDE9003308490FF069
:107DA800A1F904B070BD3046A84720460FF0ADF9E0
:107DB8000028F6DA034B0390EAE700BF5E2C0308BD
:107DC8003CC00108802C03087FB50BAB05930393D7
:107DD800054B0122029300231846CDE90033FEF734
:107DE800A5FA07B05DF804FBAB2C03082DE9F04FAA
:107DF8009B46282300F14C0603FB0266756907467B
:107E08008846144687B08DB301EB8209D6F820A0C6
:107E1800C9F85050037DB268022B05D0012B0BD155
:107E280003F5801313403BB97368082B23D0FB6814
:107E3800316943B9C9F814309BF80130002B59D087
:107E48006FF00D0613E038469847C9F8140000286B
:107E5800F2D0B0FBFAF30AFB130018B19BF801301B
:107E6800002B47D00023444484F844300026304691
:107E780007B0BDE8F08F9BF80130002B3AD0002303
:107E88004444C9F81430EFE7D8F880102944C8F8FA
:107E980080101D4673687269082B05D1002113F004
:107EA80033FA01234444DFE7B36892469B07D6F8C8
:107EB80010B008D5F6690021324613F025FA35448A
:107EC800B344AAEB060A59463846BB6898470646A3
:107ED80038B95246294638467B68984706460028EE
:107EE800DFD0D9F81410114811F092FD0023C9F819
:107EF8001430BCE7002300225146CDE900230B488B
:107F08002A4607F0C5FE0346C9F814000028BBD16D
:107F1800074ACDE904A4CDE90132064901220395B7
:107F28000093FFF751FF6FF00B06A0E774110020D4
:107F3800AB2C03083CC001082DE9F0414FF00008C4
:107F48000A4F00F1430600F1140500F1440416F845
:107F5800013F2BB13846296811F05AFDC5F8008059
:107F68000435A542F3D1BDE8F08100BF74110020AB
:107F7800014600220023014807F07CBE741100204E
:107F880010B5D0F82C3204467BB1D1F88030D1F846
:107F9800B820A3EBC203C1F88030D0F82C120448F3
:107FA80011F036FD0023C4F82C32002010BD00BFAC
:107FB800741100202DE9F04F002799B011ABBA4297
:107FC80008BF1A460E4604464FF001080A92394681
:107FD800C4223046CDE9117713978DF8448013F009
:107FE80093F92368C4F82C724BB32046984705468A
:107FF80028B3BD4B0390CDE901733B46009701229E
:108008001846BA490FF0BBF8002731462046FFF75B
:10801800B7FFD6F88810B64811F0FAFCC6E9217700
:10802800002D00F048843046FFF786FFD6F8901000
:10803800AF4811F0EDFCC6E9237700F03CBC002105
:1080480020460FF095F8054650B1AA4B029300233D
:108058000122CDE900331846A4490FF090F820E03A
:1080680004F118083422414620460FF07FF80546EF
:1080780008B1A14BEAE704224046A04912F0A8FD46
:10808800074698B19E4B012203939E4B2846CDE9A3
:10809800015310230093434694490FF070F86FF092
:1080A8000705994B0395029300231AE1238D23F0CA
:1080B8000202012A1FFA82F808D00393934B012287
:1080C800CDE90103034600908849E6E7B4F8463055
:1080D800282B07D003938E4B4246CDE9010300902D
:1080E8000346F1E7B4F84850C6F8B850ED00284602
:1080F800FFF73EFF0346C4F82C0258B9854A03959A
:10810800CDE901024246009078490FF038F86FF047
:108118000B05C6E7D6F880300C212B44C6F8803012
:1081280038463B46D6F8B8209A423ED82046A16B3E
:108138000FF020F88046C6F8BC00002840D0002385
:1081480086F8C03004F14C034FF4F0720021184651
:10815800B4F84A900B9313F0D7F84FF0000E4FF095
:10816800FF3AF0464FF0280BD6F8B830734501D9DE
:10817800032F56D1D4F868313BB1D4F8403123B13C
:10818800D4F81831002B40F09F8000276FF00705C6
:10819800614B0122029338463B46CDE900775349AB
:1081A8000EF0EDFF5D4B039525E7D4F82C2202F87D
:1081B8003310D4F82C2202EBC30250600133B1E72C
:1081C80028224FF00109D6F8B83086F8C09002FB93
:1081D80003FA5046FFF7CCFE0346C6F8BC0038B990
:1081E8004F4ACDF80CA0CDE9010200904A468BE732
:1081F8002046A16B0EF0BCFF054638B1494BCDE9CE
:1082080001834A464346CDF8008024E7524620467B
:10821800D6F8BC100EF0AAFF0546002892D0424BB3
:10822800EDE7D6F8BC500BFB0E556B68022B1ED140
:10823800238D012B16D1AA4604F58A7CBAE80F00D3
:10824800ACE80F00BAE80F00ACE80F0005229AE886
:1082580003008CE80300D4F82C3203F80820D5F882
:1082680018A001370EF1010E08F108087CE70B2B66
:1082780002D1238D032BDDE7032BF3D1F14511D177
:108288000FCD04F5B27CACE80F000FCDACE80F00C1
:10829800072295E803008CE80300D4F82C3203F891
:1082A8000820DEE7D645DDD10FCD04F59E7CACE88D
:1082B8000F000FCDACE80F0095E803008CE8030031
:1082C8000622D4F82C32EAE7314620460A9A0EF004
:1082D8001FFF00230546002800F06081134A039021
:1082E8000292CDE900338AE6E12C03083CC001087C
:1082F80074110020062D0308242D0308913103086A
:108308003E2D030808260308342E0308602D0308B1
:108318007D2D03089C2D03085A2E03088F2E030871
:10832800C52D0308F22D0308152E0308BB2E0308DC
:108338002823D4F82C9203FB0BF319F83B00D6F84A
:10834800BC104FEACB020C2801EB03080C92CB5867
:10835800316B2AD101EB030AD8F804305046A949F9
:108368000D93F8F7B3FE0D9B0746012B0BD0083B86
:10837800082B18D8082B16D8DFE803F07715151541
:108388001515623E6600D8F80830580768D4D90732
:1083980062D450469C49F8F799FE002858D0002F1F
:1083A80018BF02272BE0002F63D00BF1010BD6F882
:1083B800B8305B45BCD8224623464FF0000C196DF7
:1083C800002900F0F580D3F860E0BEF1000F00F05E
:1083D800EF80D96E208DDF6D0139032801EA07018E
:1083E80040F0E080986D814240F2DA80874BCDF80A
:1083F8000CC0029300237DE0002818BF0A2708BF9D
:108408000427D8F808309A07CFD5D8F814000028E0
:10841800CBD0A7F1080102292DD8D8F82430042B95
:1084280001D1830727D07A4BCDE903AB0293002310
:1084380001221846CDE9003376490EF0A0FE4EE041
:10844800002818BF0927DAE7002818BF0827D6E749
:10845800002F18BF0B27D2E7002F18BF0127CEE740
:10846800B7FA87F77F09BF00CBE7002818BF0327B3
:10847800C5E70427C5E728220C9B09F803700B9B66
:1084880002FB07390A9B5B685BB9D9F804307BB9F2
:1084980008F1280358F8041B984549F8041BF9D13A
:1084A80083E740460C9198470C990028EDD07CE76B
:1084B800D8F80800D9F8082080EA020313F0070367
:1084C80010D0554BCDE90302029300230122184630
:1084D800CDE905A7CDE900334E490EF050FE6FF007
:1084E80007051AE0032F0DD0C9B2022918D84B4A44
:1084F8000397029201221846CDE9003345490EF050
:108508003EFEECE7464A1846CDE9013241490122D0
:1085180000930EF034FE6FF08505424B0395C2E5DB
:10852800B4F828E0D8F80C20BEF1030FD9F80CC035
:10853800D8F81000D9F810100C9209D1A2EB0C0E43
:10854800421A964504D0384ACDE903A702926FE74C
:1085580081420F4628BF0746D8F814300C9A1844B1
:10856800D9F814301944D8F82030C9F81070884266
:108578002CBFC7EB0007C7EB0107944594BFC9F8A8
:108588000CC0C9F80C20D9F82020C9F814709342FF
:108598002CBFC9F82030C9F8202006E7834606E733
:1085A800401A98657F1A0EEB0100DF651866996618
:1085B8000CF1010CBCF10C0F03F128037FF4FFAEA2
:1085C80000230B930B9BCDE90C33013319460B9316
:1085D80013460C9F013F0E970C2972D10B9B283232
:1085E8000C2BEFD12821D6F8B830AB4200F2B2807C
:1085F800D4F80C7217F4801700F0D480024B039360
:108608000A4BF6E6E62E0308F42E0308D52F0308D6
:108618000A2F03083CC00108292F0308602F03080C
:10862800742F03088A300308A32F03087730030840
:108638000D9F042F40D0042900F08980278D032F37
:1086480037D1576DBF0734D5DF6FB80731D5976E6F
:10865800D2F85880D3F8900008EB0709D3F8807057
:1086680007EB000AD14507D80EEB080B0BF1FF3BCF
:10867800DA4507D9D1451CD10CEB070B0BF1FF3BB1
:10868800D94516D8F04408F1FF336744CDE904937F
:10869800013F0C9BCDE907A70393B34B06910293C7
:1086A800002301221846CDE90033B0490EF067FDDA
:1086B80015E70D9803281FD1013128338CE70421D1
:1086C8002833176D002FF7D0D2F860E0BEF1000F05
:1086D800F2D09F6F002FEFD0D3F888C0BCF1000F05
:1086E800EAD00E9F012FA3D8042930D0278D032F5D
:1086F80002D1576DB807A7D40329E0D0D2F85C900F
:10870800976ED3F884A0D3F890004F440AEB000882
:10871800474507D80EEB090B0BF1FF3BD84507D9A6
:108728004745C9D10CEB0A0B0BF1FF3B5F45C3D89A
:10873800D4440CF1FF33CE44CDE907830EF1FF3367
:10874800CDE904730C9B06910393894BA7E7052198
:108758002833B6E7D6F8BC30D4F82C2201FB053C08
:10876800DCF8043012F835E0092B02EBC50001D023
:10877800042B0BD1DCF81C7012F837300C2B1FBF00
:1087880001FB03435A6D42F480125A65BEF10C0F87
:1087980006D001FB0E43DCF81020DB6DD31A4360D2
:1087A800013520E7314620460A9A0EF0C3FC0546FB
:1087B80010B1704B03901EE4D4F82831D4F838B1C6
:1087C8001B09C6F88400D4F824A10B9305D0814670
:1087D8000B9B09F101094B4519DCD6F884304FEAA7
:1087E800C3084046FFF7C4FB0346C6F8880080BBB1
:1087F8006FF00B020392604ACDE901325B49012216
:1088080000930EF0BCFC6FF00B05FFF7FDBBDA44DC
:10881800514620460EF0ACFC8046002840F03181DD
:108828005A46204614A90EF0A1FC8046002840F0C4
:1088380028819DF85C2002F00F0101390129C7D871
:108848001209012A02BFD6F884200132C6F8842012
:10885800BEE74246002112F057FDD6F88030434467
:10886800C6F88030D4F838310D93D4E949231B0970
:108878000C920F9327D10A9B1B78002B40F0B380F2
:10888800D4F80001C3080728C6F88C3000F2C2806B
:108898000A9B5B7813B930460EF067FC0A9B1B7A7B
:1088A800002B3FF4B1ABD6F88810344811F0B0F87B
:1088B8000023C6E9213323690BB12046984728468F
:1088C80019B0BDE8F08F4FF00009CA460F9B0AF1B6
:1088D800010A5345CFDDDDE90C3213441946204621
:1088E8000C930EF045FC002840F0C98020460D9AF4
:1088F80014A90EF03BFC002840F0C1809DF85C30C4
:10890800BDF85EB003F00F02013A012ADED81B0958
:10891800012BDBD1BBF1000FD8D04FEAC903149962
:108928000E93F36AD6F888200B4442F8393028228F
:10893800D6F8BC3002FB0B33D3F80C800B930A9BA0
:108948005B780BB30A9B5B68D3B9238D0E9A012B16
:1089580018BF4FF00008D6F888301344159A4244DF
:108968005A6009F10109B1E7F82F03083CC0010872
:1089780035300308AD300308CC30030874110020EB
:108988000B9898470028E0D05A46314620460EF00A
:1089980006FC0346B0B90B9B204619690EF0EAFBAA
:1089A800034678B9394A3A49CDE90102CDF80CB005
:1089B800012200900EF0E3FB6FF08505354B03951F
:1089C800FFF771BB228D1599012A08BF4FF00008E7
:1089D800D6F888200E9818BFC8F100084144024410
:1089E8000B445360BDE7314620460A9A00F0D2F89E
:1089F800804600283FF444AF274B0390029300239E
:108A080001221846CDE9003321490EF0B8FB45464E
:108A1800FFF7FABA20F00700D6F82480FFF7A8FA83
:108A28000346C6F89000D0B10A9B08F108085A78A6
:108A3800D6F88C309F42BFF42BAF58F8081C9AB96F
:108A480058F8080CD6F8903043F83700D6F890302C
:108A580058F8042C03EBC7035A600137E4E76FF0BA
:108A68000B0203920D4AC7E620460EF0C5FB011E15
:108A7800E6DD20460EF07EFB0028E3D1E0E7054660
:108A88009CE7074BCDF80C80B8E700BFFE30030821
:108A98003CC0010815310308343103084B31030881
:108AA800643103082DE9F04198465B688AB01B0AD7
:108AB8000F46DDE91046154604D12B6000200AB0A8
:108AC800BDE8F081E289002A3AD131461046FFF725
:108AD800C5F804462860C8B9CDE90860079007A919
:108AE8002848FFF79DF8099A079B2A6072B107F199
:108AF800940252F8041F8B42E0D0E9B9263447F8B3
:108B08002430D3F894200132C3F894202B68002B2A
:108B1800D4D1129A184692691B490592D8F80020B8
:108B28000093CDE90362194ACDE9013201220EF022
:108B380053FB6FF03C00C2E70134082CD9D1BDE7E4
:108B48004FF6F1739A4201D16368B6E7B0F848303E
:108B5800934208D9B2F57F4F05D20EF020FB636827
:108B680018442860AAE70A4BCDE9032202930023A0
:108B780001221846CDE9003303490EF02DFB6FF0B2
:108B880007009CE7C97101083CC00108953103083A
:108B9800E43103082DE9F04F002405460E46A046AF
:108BA8004FF0280A8FB0CDE90B4408920D94D6F8FF
:108BB800B800A0421AD8B8F1000F41D106F110044C
:108BC80006F1400754F8040F30B1E16B0EF090FC49
:108BD800E16B20680EF094FCA742F3D1089B5A6819
:108BE80072B34FF000094FF0280AA5E0D6F8BC1080
:108BF8000AFB041BDBF80420042A14D0092A5FD1DD
:108C0800DBF82420082A1FD04E4BCDE90324029319
:108C1800002301221846CDE900334B490EF0DCFA57
:108C28006FF007080CE0494B0122029300234649E4
:108C38001846CDE9003303940EF0CEFA6FF085089C
:108C480040460FB0BDE8F08FDBF81C20DBF814902D
:108C5800824202D219F007070FD00823CDE9059305
:108C68003B4BCDE903420293002301221846CDE98C
:108C7800003335490EF0B0FAD2E70AFB02118968D1
:108C88008B071DD5D5F82C1211F832100C290BD1F1
:108C9800304B0392CDE9017301223B4638462A49FD
:108CA80000970EF099FABBE7314628460EF077FA9E
:108CB8004FEAD903C1460993099B9F4202D1C8468E
:108CC800013474E7DBF82410DBF81020284601FB98
:108CD8000721AB68984780460028B1D12846DBF8C1
:108CE80024206B680BA9984780460028A8D15B46CA
:108CF800314628460BAAFDF7B3FF0137B9F1000F3B
:108D080008BF8146D8E7D6F8BC70089B0AFB0977EC
:108D18005A683846904768B1EC681CB128463969EA
:108D2800A0470446796920460EF0E2FB204679699F
:108D38000EF0E6FB09F10109D6F8B8209145E2D317
:108D48007EE700BF313203083CC001085F320308E8
:108D580085320308CB3203087FB50BAB0593039329
:108D6800054B0122029300231846CDE90033FDF795
:108D7800DDFA07B05DF804FB1D4D0308F0B50F469A
:108D88001646054687B0002842D041B1D0E91C24D8
:108D98001444EEB19C420AD96FF00B0032E0846FA4
:108DA800B2B19C42F8D8C16B2246304607E0416B0D
:108DB800304612F082FAD5E91C02A96B304412F051
:108DC8007CFA002368692A6DA5080244AB4201D1E8
:108DD800204617E056F82310814215D2CDE9043118
:108DE8000D480E4B0E4A0293002F08BF024600237F
:108DF800039218460122CDE900330A49FFF7ACFF78
:108E08006FF00D0007B0F0BD9142E7D20133DDE706
:108E18006FF01500F6E700BF4D4D03081D4D030820
:108E2800454D03083CC00108F8B505460024104E1E
:108E3800104F01232A7852FA84F2D1B203FA01F0D2
:108E4800F36830EA030303D0336930EA030308D137
:108E5800F060306157F832301BB107EBC20251683D
:108E680098476A780134E3B29A42E2D2F8BD00BF6B
:108E78000020024688170020014B1954704700BF94
:108E88004D030020034670B1B0FA80F2C2F11F0210
:108E9800D2B206498856064AD2F880100B43C2F867
:108EA8008030FEF74FBCFF22F3E700BF4D030020E0
:108EB80000200246034AD2F8803023EA0003C2F8B1
:108EC8008030704700200246032921D8DFE801F0EE
:108ED800020C10190F4B1A6822EA00021A605A682D
:108EE80022EA00025A6070470A4B1A680243F5E703
:108EF800084B5A6802435A601A6822EA00021A604C
:108F08007047044B1A6802431A605A681043586045
:108F1800704700BF0020024630B5B0B1B0FA80F308
:108F2800C3F11F03DBB20B4850F833408C4204D125
:108F380000EBC3056D68954205D044B940F833107D
:108F480000EBC3004260002030BDFF23EBE76FF069
:108F58000F00F9E78817002060B1B0FA80F3C3F179
:108F68001F03DBB20021044A42F8331002EBC302AC
:108F780051607047FF23F5E788170020C300074AB0
:108F8800C0F38100183052F8202003F018000F2396
:108F98008340134023FA00F0704700BF00200246C8
:108FA800F0B50C7985B014F0200303D03C4B029344
:108FB800002304E00A78092A0CD03A4A029218469B
:108FC8000122CDE9003338490EF01AFA6FF0150086
:108FD80005B0F0BD4A78042A01D0344AEEE7456866
:108FE8004988286804F01F04D9B143F6FF729142FA
:108FF80021D02F4F05F1160636F8022F3A4392B2C8
:1090080091420FD00133082BF6D12A4B029300234B
:1090180001221846CDE9003323490EF0F1F9264B19
:10902800C5E70B4695F928203AB1013AD2B2012A90
:1090380027D9224BEAE70723F4E701222049A24077
:10904800092C42EA846288BF42F0007288421FD02D
:1090580032F07F4117D1C2F384610A25C2F340641C
:1090680005FB14110725D20D02F0040214308458B0
:1090780001EB41018D4024EA050403FA01F1214383
:1090880081500020A4E792FAA2F1B1FA81F1E4E755
:1090980041694B4003EA02234B404361F1E700BFBB
:1090A800B94D0308E14D0308B4BF0108F64D0308A4
:1090B80000C0FFFF104E0308694E0308334E030833
:1090C8000010024630B53B4B87B01A68D1060BD565
:1090D80010221A60384B01220293002337491846A0
:1090E800CDE900330EF08CF9324B1A68520744D59B
:1090F800334C1A6CD4F8A4302546991CC4F8A41033
:109108001A8094F8B53094F8B4200133DBB29A424F
:1091180084F8B53031D1002384F8B530636FA3B338
:10912800D4F88C30B4F898203BB1264804F1740187
:109138009847012813D0022821D0B4F89830B4F801
:1091480094209A421BD90133A4F89830D4F8883077
:1091580053B91B4807B0BDE830400EF061B9D4F8E8
:10916800A830C4F8A430F1E7D5E8EF3F5A1EC5E8A7
:10917800E12F0029F8D1012BEBDC07B030BDD4F882
:10918800883013B1104811F0B8FAD4F8A0305B68F1
:109198001A684FF6FF73A4F8B630D3690593059B98
:1091A80043F00103D361094807B0BDE8304006F039
:1091B80067BF00BF008002427F4E0308B4BF0108AA
:1091C8000000002000BA0108080000205800002014
:1091D80070B50546436886B01E6830460EF05DF9E6
:1091E8006B681C68314B9C422CD1A36823F0004368
:1091F80023F03F0343F00043A360A368002BFCDB8C
:109208006B682B4899688368DB68002B49D1294B28
:1092180001220293002328491846CDE900330EF0B5
:10922800EFF8059B43B9254A1846CDE90132224992
:10923800012200930EF0E4F8304606B0BDE8704015
:109248000EF012B940F282411D4A13681268C3F346
:109258000B038B4221D042F20103B3EB124F1CD017
:1092680020460EF001F9A36823F0706343F0106301
:10927800A360BFF35F8FD4F8C820124BD2B2134358
:10928800C4F8C830BFF35F8FD4F8C430204643F029
:109298008073C4F8C4300EF000F9A2680A4B13407A
:1092A800A8E705AA98470028BBDAB0E700100246ED
:1092B8000CB70108F84E0308B4BF0108124F0308A1
:1092C800004004E000110203C0FFFE7F2DE9F04FCB
:1092D800D0F8048006460769D8F8005087B0DFF850
:1092E8003C91484610F0E5FA034668B9434A4449B8
:1092F800CDE90102009001220EF082F86FF012040D
:10930800204607B0BDE8F08F4FF6FF73D9F808A0E4
:10931800C7F8A060A7F8B6307468DAF80030D4F857
:1093280000B0A16893B148469847024670B9E3680F
:10933800012B29D83349344B344A8B4518BF1A4678
:109348001368216923F470130B4313600021D8F8C4
:10935800140005AA0FF0B4FA041E07DB059B0022CF
:109368001979186803F09AFF041E18DAA21C16D09F
:10937800274B01220293002321491846CDE90033E7
:1093880003940EF03DF8BBE7A168DAF8183008310D
:10939800002BDBD0484698470028CBD0D6E71D4A9B
:1093A800136943F080431361AB6823F0204323F033
:1093B8003F03AB60AB6823F0104323F03F0343F057
:1093C8008053AB602B68DB04FCD5D8F8043003B1BC
:1093D80098473046FFF7FCFE0F4B9D42EB6814BFE1
:1093E80023F47E6323F45C63EB60BB6C1BB907F169
:1093F800400006F045FE002482E700BF94240308DD
:10940800B4BF0108008002420813024608830242E2
:10941800264F030800080246001002460CB7010850
:109428002DE9F04F03698DB0403306460D4607938A
:109438004FF0FF324FF0FF33079806F05BFE73687A
:1094480034691F68AB68C4F8A430D5F80480404676
:10945800C4F8B080F7F754FE002384F8B40084F809
:10946800B530B8F1000F0BD1A64BCDF80080CDE98F
:109478000183434601221846A3490DF0C1FF0CE0C1
:10948800102813DD10220392A04A1846CDE90132B4
:109498009D49012200930DF0B3FF6FF01504079862
:1094A80006F0EEFD20460DB0BDE8F08F726810683A
:1094B80092F92BC02832634506DB17D1944B0293EF
:1094C8000023CDE90033D5E752F8041F95F810E0E2
:1094D800BEEBD14F33D15FFA81F8B8F1FF0FC1F37A
:1094E800042BC1F3423AC1F302492AD14FF00008D4
:1094F80073681A6808933369D3F8B0C002F130036F
:109508000993BCF1000F35D194F8B4302A685B0098
:1095180012B1928902FB0333EA689A4280F096807E
:10952800CDE903237B4B0122029300237649184699
:10953800CDE900330DF064FF6FF00B04AFE70133A2
:10954800B9E750F8083023FA0BF30AEA0303994500
:10955800CCD00DF0A2FF73680AFA0BFA1A6809FA60
:109568000BF952F8083023EA0A0343EA090342F8E0
:109578000830BBE79CFAACF10123B1FA81F103FA98
:1095880001FA09294AEA8163089988BF43F0007300
:1095980091F9291001292ED1D06933F07F4B0B9016
:1095A8002ED1C3F3846081400B985FFA88F9084391
:1095B8005949D061594851F82910824201F01F0ECB
:1095C80028D04FF01F0B0998890901F00C01405869
:1095D8000BFA0EFBC3F3846303FA0EF320EA0B00C5
:1095E8001843099B58504E49136B51F8291023F022
:1095F8000F030B4313632CEA0A0C08F1010880E7F8
:1096080093FAA3F1B1FA81F1012001F01F0100FAE8
:1096180001F1C9E70F20916A00FA0EF021EA000172
:10962800BBF1000F0DD1C3F3846303FA0EF30B43B0
:109638003A493B488B628B6A50F8290003438B6296
:10964800D9E793FAA3F3B3FA83F3EEE7726895F8D0
:1096580011801068B8F1000F64D1304B984203694B
:109668001ABF23F4806323F0030323F0010303618B
:10967800AB7C13B13046FFF7ABFD38460DF0F4FE76
:1096880010233B607B6804F1740643F004037B609D
:109698002F460FCF0FC63B683360002626672B681E
:1096A800002B00F089800FCB04F1880585E80F00B6
:1096B8006567A4F8986000287ED0D4E8EF3FC4E836
:1096C800E26F002AF9D1D4F88800642263304FF0A1
:1096D800000346F10001F7F7C3FC0022CDE90001C1
:1096E800002304F1080007F0FDFF4FF0FF324FF0B0
:1096F800FF3304F1580006F0FDFC00B12067246F29
:10970800CDE600BF444F0308B4BF0108594F030812
:10971800824F0308954F03082CD601080010024613
:10972800ECD50108B8F10A0F44D8254B25499842D1
:10973800036928D023F4806323F0030343F0010373
:10974800036192F92A3051F82890022B90D1012315
:10975800026903FA08F81C4B134003F58033B8EB91
:10976800134F04D1036903F4F073994580D00DF0C9
:1097780094FE0269154B08F1FF38134043EA084389
:1097880043EA090373E743F00103036192F92A30BE
:1097980051F82890022B7FF46BAF03690DF07DFE22
:1097A8000122036902FA08F223F4FE7343EA09036B
:1097B80013435CE7064B82E620460DF031FE94E742
:1097C80000100246C0D501080000FF031FFE00FC80
:1097D800BA4F030841180DD2084B9862D96219682C
:1097E800002021F4E0610A431A601A6842F400621A
:1097F8001A6070476FF08A00704700BF001403407A
:10980800074B1A6822F004021A605A68D207FCD47F
:109818000222DA601A6842F001021A60704700BF3B
:1098280000040340044B1A6822F001021A601A6807
:10983800D207FCD4704700BF000403402DE9F04F65
:109848001F465D889B8801351D44FB8887B01D44F1
:10985800109B88469246BDF84490002B00F0C480C7
:10986800B9F57A7F80F0C080836805A99B6A98471C
:10987800002840F0BC80B9F1000F0AD15D4B109A66
:109888009A4239D840F26B395B4B9A4288BF4FF401
:109898004879059B0093109B5D43009BB3FBF5F54E
:1098A800BAF808309D4238BF1D46109B03FB05FBE4
:1098B8006FF0004301933B89AB4220DA0198B8F876
:1098C8000630B8F804205B08934228BF1346A8F86E
:1098D8000030BAF80020934203D93A889A4228BF48
:1098E8001A466FF00043984208BF6FF08500A8F849
:1098F800002007B0BDE8F08F40F2EE29C9E7009BD1
:10990800B3FBFBF00BFB10333BBB4FF47A7600FB49
:1099180009F2B2FBF6F281B27B88BAF80660B7F8B2
:1099280004E08A1A92B20EEB0304B2420393BAF827
:1099380004C0BAF80230A4B2029612D9FE88964240
:1099480028BF16464A1E921B92B294420BD20E1B97
:10995800FA88013EB6B2B24210D2109B01359B4440
:10996800A9E7029EEEE70CEB0304A4B2944232D9B5
:10997800091B029A01398EB2B242EED8B3EB540FEA
:109988004FEA540203D2039B934228BF1346E21ABC
:1099980092B2964521D27246A4EB0E039BB24FF4C5
:1099A8007A7104FB0114B4FBF0F40199A14534BFAA
:1099B800A4EB0900A9EB04008142CED9A8F8023033
:1099C800A8F80420A8F80660A8F8085000283FF472
:1099D80076AF0190C1E71446D0E7944582BFA4EB67
:1099E8000C0362469BB2DAE76FF0150081E76FF06F
:1099F80004007EE700350C0020A1070030B50D46B5
:109A080087B0144600220023204606F07BF960B197
:109A18002B680122CDE90343054B06490293002335
:109A28001846CDE900330DF0A1FD07B030BD00BFE9
:109A380006500308C4BF01082DE9F043054691B05C
:109A48001E46DDE9183017460C46D5F80890F1B1E6
:109A58000A684979C90706D5B2F1005F1CD31D21F0
:109A68000820234B05E0B2F5006F15D30B21032026
:109A7800204BCDE90331204BCDE9050202930023A9
:109A880001221846CDE900331C490DF06FFD6FF037
:109A9800150011B0BDE8F083E3B90DF124081946AB
:109AA8000122404610F0F9F9154BCDF804800093D7
:109AB8003A46334621462846D9F81490C847002824
:109AC800E7D14FF0FF324FF0FF33404606F012FB6C
:109AD8000F98DEE7CDE91830D9F814E03A46334656
:109AE80021462846F44611B0BDE8F043604700BF60
:109AF80029500308325003083B500308C4BF01082B
:109B08006D75010870B586688AB0F9B1F3B11D7A30
:109B18001C6815F0010F5D681CD0B4F1005F02D21B
:109B2800B5F1005F20D31D210823124ACDE907357E
:109B3800CDE90534104BCDE903210293002301221E
:109B48001846CDE900330D490DF010FD6FF01500F2
:109B58000AB070BDB4F5006F02D2B5F5006F03D33B
:109B68000B210323064AE1E7B469A4460AB0BDE81D
:109B7800704060472950030868500308C4BF0108B3
:109B88003250030810B41346826894690A46A44602
:109B980001495DF8044B6047059A000873B51446FF
:109BA8001E4682683032074D8368AC4203F13A039F
:109BB80005D8CDE90046FFF741FE02B070BD6FF051
:109BC8001500FAE740420F0073B514461E46826836
:109BD8004832074D8368AC4203F1520305D8CDE9FA
:109BE8000046FFF72BFE02B070BD6FF01500FAE7D4
:109BF80000127A001FB5002304460A46CDE9013356
:109C0800ADF80C304368596843688A429B681CD396
:109C18009A421AD8104B9A4214D840F26B330F4923
:109C28008A4288BF4FF44873204601A9FFF7B6FF60
:109C3800002805DB32280BDC204601A90DF0A6FC24
:109C480004B010BD40F2EE23EEE76FF08500F7E7B1
:109C58006FF02100F4E700BF00350C0020A10700D9
:109C68001FB5002304460A46CDE90133ADF80C3090
:109C78004368596843688A429B681CD39A421AD839
:109C8800104B9A4214D840F26B330F498A4288BF6E
:109C98004FF44873204601A9FFF796FF002805DB1B
:109CA80032280BDC204601A90DF083FC04B010BD5E
:109CB80040F2EE23EEE76FF08500F7E76FF0210042
:109CC800F4E700BF00350C0020A1070030B5436859
:109CD80087B09B690D461B689847044658B1074BE7
:109CE800CDE903500293002301221846CDE9003341
:109CF80003490DF089FC204607B030BDB550030874
:109D0800CCBF010830B5436887B09B690D465B68D6
:109D18009847044658B1074BCDE9035002930023F6
:109D280001221846CDE9003303490DF06DFC2046A9
:109D380007B030BDD8500308CCBF01082DE9F04F5B
:109D4800054690469DB00493436848228B460AA86E
:109D58000021D3F81C9011F0D7FA4146284607AAEB
:109D6800FFF7B4FFF0B9DFF864A1079E730619D0B6
:109D7800C6F3052606EBC6010BEBC10189B2082321
:109D8800284608AA05910DF02BFC059968B14B4BA4
:109D9800039002930023CDE9003301221846484975
:109DA8000DF032FC1DB0BDE8F08F9DF82630C3F3EE
:109DB80003008DF82C009DF8230003F00F0287069E
:109DC80042BF9DF82D4044F002048DF82D409C06BA
:109DD80042BF9DF82D4044F004048DF82D40DF0665
:109DE80042BF9DF82D3043F008038DF82D3004064E
:109DF80048BF9DF82D309DF8274044BF43F010031D
:109E08008DF82D30400604F07F0424D5089BC3F359
:109E18001C030A939DF82D3043F001038DF82D3073
:109E28001AF80230402B3ED89DF82D7017F0020723
:109E380017D1B3B103330831284603F4FE730CAAD3
:109E480089B20DF0CDFB60B11E4B0390CDE90173D3
:109E580000973B46A1E7BDF82230C3F38A030A9373
:109E6800DEE79DF82D3022B2D9074CBFD9F808306B
:109E7800D9F80430E4001C4453F83230626813B156
:109E880028460AA99847324628460499FFF73AFF18
:109E9800002887D14146284607AAFFF717FF002860
:109EA8003FF463AF7EE7084B012202930023044985
:109EB8001846CDE900330DF0A7FBE4E7FC50030892
:109EC800CCBF0108235103084851030881550308F2
:109ED8002DE9F341054606694FF0FF3210364FF081
:109EE800FF3330460DF09FFB1821284601AAFFF7E3
:109EF800EDFE044648BB019A182122F010022846BC
:109F08000192FFF7FFFE0446F8B905F0C9F81821D9
:109F1800074601AA2846FFF7D9FE0446A8B9DFF884
:109F28004C80019B1B0710D505F0BAF8C01B4045B3
:109F380012D9019A182142F0100228460192FFF71F
:109F4800E1FE041E08BF6FF00A0430460DF06DFBF9
:109F5800204602B0BDE8F0811821284601AAFFF783
:109F6800B5FE0028DDD00446EFE700BF0024F4006A
:109F780070B50469054623790E462BBB10344FF0A3
:109F8800FF324FF0FF3320460DF04DFBF388328847
:109F9800013B013A03F07F0343EA4263B288318907
:109FA800013A120202F47F421343094A013902EAD4
:109FB800014228461C211A43FFF7A4FE0546204605
:109FC8000DF033FB284670BD6FF00F05FAE700BFB0
:109FD8000000FF012DE9F04FD0F81080054698F8F1
:109FE8000460D0F804A087B0002E78D1DAF8000019
:109FF800A8B18368D8F800101B689847044670B168
:10A00800384B0390CDE90163012233463046364987
:10A0180000960DF0F9FA204607B0BDE8F08F2E69DA
:10A028004FF0FF3210364FF0FF3330460DF0FBFA99
:10A038001821284605AAFFF749FE0446A8B130466C
:10A048000DF0F3FA294B0122029300232649184602
:10A05800CDE9003303940DF0D7FADAF800000028B0
:10A06800D9D083685B689847D5E7059A182122F00C
:10A07800010228460592FFF745FE04460028DED176
:10A0880010F0E7FA05AA0746894628461821FFF77F
:10A098001DFE04460028D2D140F2E93B059BDB07B0
:10A0A80008D430460DF0C1FA002CCBD1012388F832
:10A0B8000430B0E710F0CDFAC01B61EB0901584538
:10A0C80071F1000108DA1821284605AAFFF7FEFDFC
:10A0D8000028E3D00446E4E76FF00A04E1E76FF0F4
:10A0E800770498E759510308CCBF01088351030846
:10A0F8002DE9F041072980460D46066986B010D93A
:10A108002E4B03910293002301221846CDE9003318
:10A118002B490DF079FA6FF08504204606B0BDE8AA
:10A12800F0813379002B46D106F110074FF0FF324A
:10A138004FF0FF3338460DF076FA1821404604AA4E
:10A14800FFF7C4FD0446002831D11021404605AA76
:10A15800FFF7BCFD044650BB049BE80745BF43F02E
:10A168008003049323F08003059B58BF0493049A4B
:10A1780044BF43F010030593A9074CBF42F02002E7
:10A1880022F020026B074CBF42F4407222F4407266
:10A19800182140460492FFF7B5FD044638B910214E
:10A1A8004046059AFFF7AEFD044600B935603846CB
:10A1B8000DF03BFAB1E76FF00F04AEE7A6510308C4
:10A1C800CCBF01082DE9F04186B0502105AA04460C
:10A1D8004568FFF77BFD00283ED1214F214EDFF86F
:10A1E8008880059A12F0990236D050212046FFF750
:10A1F80089FD88BB059BD80705D5A823A42220463E
:10A20800E98EFFF79BFD059BD90605D5B823B42237
:10A218002046298FFFF792FD059B1A0708D50023D2
:10A22800012231461846CDE9003302970DF0ECF9CA
:10A23800059B1B0609D50023012231461846CDE9A6
:10A248000033CDF808800DF0DFF95021204605AA2B
:10A25800FFF73CFD0028C4D006B0BDE8F08100BF80
:10A26800BF510308CCBF0108D55103082DE9F04FB1
:10A278008DB0502108AA04460769FFF727FD00287A
:10A2880040F0A5806E4E089A324000F0A080502120
:10A298002046FFF737FD002840F09980089B13F00F
:10A2A800607F36D0D4F8108063682046D8E902ABC6
:10A2B80009AA0DF11F01D3F81C900DF055FA40BB07
:10A2C8009DF81F50BAF1000F04D05B46294620467E
:10A2D800099AD047032D1CD14FF0FF32D4212046D4
:10A2E800FFF710FD0546A0B9824608F1240899F841
:10A2F8000C309D426ED3182120460AAAFFF7E6FCCF
:10A3080038B90A9A182122F0010220460A92FFF76A
:10A31800F9FC089BDD0427D5D4F80480D4F810A0F4
:10A32800D8F81C90F421204609AAFFF7CFFCD8B929
:10A33800099DA80618D0B8F83C10C5F3042501EB10
:10A34800C501082320460AAA89B20DF049F9002858
:10A3580057D03C4B03900293002301221846CDE9C5
:10A36800003339490DF050F9089B19040DD5374BC6
:10A3780001220293002334491846CDE900330DF039
:10A3880043F907F1240005F07BFE089B9A0009D5E4
:10A398002F4B0122029300232B491846CDE90033A5
:10A3A8000DF032F9089B9B0309D52A4B0122029331
:10A3B800002325491846CDE900330DF025F9502131
:10A3C800204608AAFFF782FC00283FF45CAF0DB0D6
:10A3D800BDE8F08FD9F80030EA0053F835B0BBF18A
:10A3E800000F0CD043F835A0D9F800306FF0710198
:10A3F800134420465A68D847404605F041FE0135C7
:10A4080075E72A46F82120469DF82FB0FFF77AFC19
:10A4180005460028A8D1D9F800100FFA8BF001EBF7
:10A42800CB035A6851F830B0059241F830500AF120
:10A43800240005F025FE29462046059AD84771E7ED
:10A448000090823BEB510308CCBF0108115203086E
:10A4580026520308415203082DE9F04F0746994652
:10A468000569436808798FB00F28D3F81CB00793A3
:10A47800034628BF0F2316468D4A884612F803A0C4
:10A4880000234A79CDE90C339101C2F3400401F06D
:10A49800400141EA44118DF8331000F00F01C2F376
:10A4A800C00461F07F0141EA0411C2F3800441EA6B
:10A4B80044110F2A8DF836100FD903927D4A184699
:10A4C800CDE901327C49012200930DF09DF86FF02F
:10A4D800850420460FB0BDE8F08F2B6813F0040305
:10A4E8000CD112F00C0F09D0744A1846CDE901328C
:10A4F8007149012200930DF087F8E8E7BAF1400F9F
:10A508000FD94023CDE903A36D4B01220293002309
:10A5180069491846CDE900330DF076F86FF0150457
:10A52800D7E712F004030DD00F2811D9654B03901B
:10A538000293002301221846CDE900335E490DF04D
:10A5480063F8EBE7082803D95F4A03900292F1E722
:10A558002B79002B00F0A380442138460BAAFFF783
:10A56800B5FB04460028B4D10B9B1A0600F19A806B
:10A5780005F12403089332464B46089805F0BAFDC6
:10A588000446002840F091803C354FF0FF334FF0EF
:10A59800FF3228460DF047F89BF80C30A34237DC11
:10A5A8004FF0FF3698F80530D8F80020DB074BBF8E
:10A5B8000C9BBDF8323062F31C0362F38C034CBF72
:10A5C8000C93ADF8323006EBC603DB009BB209935F
:10A5D800079B3846D98F099B0CAA194489B20823CE
:10A5E8008DF837600DF004F80446D0B1374B03906E
:10A5F80002930023CDE90033012218462E490DF0BD
:10A6080003F828460DF011F8089805F039FD60E7C1
:10A61800DBF80020264652F83420002AC2D0013444
:10A62800BCE798F8059019F002091BD1BAF1000FA0
:10A6380018D0079A0999D28F0AF1030308321144F6
:10A64800384603F4FE7308F1080289B20CF0D0FF13
:10A65800044638B11E4B0390CDE90193CDF8009024
:10A668004B46C9E7DBF80030189AD02143F836206A
:10A67800DBF80030F2001344199A38465A60012278
:10A68800B240FFF73FFB044628B10022DBF8003058
:10A6980043F83620B5E728460CF0C7FF19E76FF0F6
:10A6A800720416E76FF0710413E76FF00A0410E7FD
:10A6B800815503085C520308CCBF01087F52030888
:10A6C800AA520308DA520308FC5203081E5303086F
:10A6D800485303082DE9F04F0024894619685B6840
:10A6E8009246334AD0F804B00669C3F30A0302EA73
:10A6F800014243F000431343DBF81C8087B0103657
:10A70800059305464FF0FF334FF0FF3230460CF00B
:10A718008AFF98F80D30A3420FDC264B02220293E1
:10A72800002325491846CDE900330CF06DFF30466B
:10A738000CF07BFF6FF01B0536E0D8F8042052F8C8
:10A74800347087B10134E6E730460CF06EFFD8F874
:10A758000430254643F83490D8F8043003EBC4039A
:10A76800C3F804A020E09DF8172004F0010301338A
:10A7780063F3C5028DF81720BBF83210284601EBA9
:10A788008401042305AA89B20CF032FF054600288B
:10A79800DAD00A4B0122CDE9017338463B46064917
:10A7A800039500970CF030FF284607B0BDE8F08FFE
:10A7B8000000FF079C530308CCBF0108705303082F
:10A7C8002DE9F04F1C7AD0F804B089B0012C064668
:10A7D80092469C46DBF81C50059110D9434B012248
:10A7E8000293002342491846CDE9003303940CF044
:10A7F8000BFF6FF08506304609B0BDE8F08F002CDE
:10A8080046D00024CDF81B40069BDCF800208DF8CC
:10A818001F4062F31C030693DCF80430079A0769AB
:10A8280023F0604302F0005243F000431343103713
:10A8380007934FF0FF324FF0FF3338460CF0F3FE2A
:10A84800AB7B9C420FDB2B4B02220293002328494F
:10A858001846CDE900330CF0D7FE38460CF0E5FE7B
:10A868006FF01B06C7E7AA6852F83480B8F1000FEA
:10A8780013D00134E5E738460CF0D7FEAB68059AEB
:10A88800264643F83420AB684B44C3F804A02AE0BA
:10A8980009B0BDE8F04FFFF71DBF9DF81B20BBF8BE
:10A8A800341004F00103013363F3471201EBC401D0
:10A8B80030468DF81B20082306AA89B20CF098FEB2
:10A8C8004FEAC40906460028D5D00B4B0122CDE932
:10A8D80001834046434606490396CDF800800CF0B4
:10A8E80093FE002E87DB6B7B1E4484E7BC53030872
:10A8F800CCBF0108E0530308705303082DE9F04367
:10A90800D0F804900C1E0546D9F81C60076985B07C
:10A918000DDA314B01220293002330491846CDE964
:10A92800003303940CF070FE05B0BDE8F0831037D7
:10A938004FF0FF334FF0FF3238460CF074FE737B54
:10A94800A3422BDCB27BE31A9A424FF0000410DCDE
:10A958000393214BCDE90143234600940122184675
:10A968001E490CF051FE384605B0BDE8F0430CF026
:10A978005CBEB268284642F83340B26802EBC302B4
:10A988005460B9F83410082201EBC30189B20CF005
:10A9980037FE0028E7D0124B0390DBE74FF00008A2
:10A9A8007368042243F834807368284603EBC403B1
:10A9B800C3F80480B9F8321001EB840189B20CF0B5
:10A9C8001FFE0028CFD0074B0390CDE90183CDF8B7
:10A9D80000804346C2E700BF00540308CCBF01080B
:10A9E8001B540308475403082DE9FF4707694568C6
:10A9F8003B790646D5F81C80002B4DD04FF47A726F
:10AA080000230CF014FE044678B1254B0122029372
:10AA1800002324491846CDE900330CF0F5FD6FF00A
:10AA28000404204604B0BDE8F087286888B183682C
:10AA38005B689847054660B11B4B0390CDE901431D
:10AA4800204623460094012216490CF0DDFD2C46D1
:10AA5800E7E70025A94630460CF0BFFE243707F883
:10AA6800205C98F80C309D42DBD2D8F80030EA0020
:10AA780053F835A0BAF1000F0CD043F83590D8F848
:10AA880000306FF07201134430465A68D047384698
:10AA980005F0F6FA0135E4E76FF07704C1E700BF87
:10AAA80073540308CCBF01088D5403080023F0B584
:10AAB80046688DB00546CDE90633CDE90933F76917
:10AAC8000469ADF82030ADF82C3004F110000FF017
:10AAD800F7F804F13C000FF0F3F83A7B114604F163
:10AAE80024000FF0DAF9306870B10EF0E2FE034688
:10AAF80050B9644A6449CDE90102009001220CF082
:10AB080083FD6FF012041DE02846FFF7E1F90446C3
:10AB180028B15E4B02930023CDE900330BE04FF4DC
:10AB28007A72002328460CF082FD70B1584BCDE9AB
:10AB38000143234600940122184653490CF064FD52
:10AB48006FF0040420460DB0F0BD28460CF045FE19
:10AB58001821284605AAFFF7B9F804460028F1D1BC
:10AB6800059A182122F4697228460592FFF7CAF857
:10AB780004460028E6D11021284605AAFFF7A6F8C2
:10AB880004460028DED1059A102122F0100228463A
:10AB98000592FFF7B7F804460028D3D1802128464C
:10ABA80005AAFFF793F804460028CBD1059A80211F
:10ABB80042F02B0228460592FFF7A4F80446002825
:10ABC800C0D1F268338A284606A9FEF7E7FF163097
:10ABD80001D1304BABE77269738A284609A9FEF7A1
:10ABE800F3FF163001D12C4B94E7284606A90CF048
:10ABF800CDFC044658B1294B039002930023CDE9BC
:10AC080000330122184620490CF0FEFC79E728465B
:10AC180009A90CF0CEFC30B1214B0390CDE90143DA
:10AC280000942346EDE71F4A542128460592FFF772
:10AC380069F80446002885D19922582128460592AA
:10AC4800FFF760F8044600287FF47CAF03225C21FC
:10AC580028460592FFF756F8044600287FF472AF9D
:10AC68004FF0FF32E02128460592FFF74BF80446E3
:10AC780000287FF467AF0146326C28460CF0C0FC10
:10AC880004465FE7D2540308CCBF0108B854030850
:10AC980073540308EC5403080E5503083A55030887
:10ACA8005855030899908203D02848D02DD8A82851
:10ACB80047D011D884284ED0A0F188039BB21C2B12
:10ACC80055D801222A499A400A4244D1082B3AD041
:10ACD8001C2B08BF90207047B82836D00AD8B42853
:10ACE80035D044D8AC2836D04FF6FF73B02808BF0B
:10ACF80018467047CC282CD039D8BC282BD04FF612
:10AD0800FF73C82808BF18467047E02826D007D820
:10AD1800D82825D0DC2825D0D42808BFD0207047D3
:10AD2800F42821D007D8E42820D04FF6FF73F02864
:10AD380008BF18467047F82808BFE8207047CC209D
:10AD4800704794207047842070479C207047982053
:10AD58007047C82070474FF6FF707047DC20704777
:10AD6800D4207047D8207047E4207047E02070470F
:10AD7800010011012DE9F041436886B05E6C05467B
:10AD88000021706905AA0DF09BFD041E07DB059BD9
:10AD980000221979186802F081FA041E0EDA3C4B79
:10ADA80003940293002301221846CDE90033394960
:10ADB8000CF00BFE204606B0BDE8F0816B685F6CB6
:10ADC800354C20460EF075FD00285AD0BB68F9684E
:10ADD800012BD4F8088018D9D8F8183008318BB16D
:10ADE800204600229847041E0FDA2C4B01220293BA
:10ADF800002328491846CDE900330CF0E6FD284B1E
:10AE08000394CEE76FF05704EFE7D8F80030F968FD
:10AE1800002B39D020489847041EF0DB3B7E33B125
:10AE280028460CF0DAFC3B7E1E4A5B081360284675
:10AE38000CF0D3FC8021284605AAFEF747FF0446FC
:10AE48000028B7D1059A802142F0016242F44022DD
:10AE580028460592FEF756FF04460028AAD14FF06F
:10AE68008072C0212846FEF74DFF04460028A1D174
:10AE78002846FFF71BFE044600289BD133699847F4
:10AE880098E76FF01204BAE76FF05704B7E700BF0E
:10AE98009A550308D4BF01080CB70108B855030830
:10AEA800E255030800A5004070B5436886B00D461A
:10AEB8005E6C1C4C20460EF0FCFC00282FD0B268BB
:10AEC800A368012AF168DB681BD908316BB9164BF6
:10AED8000293002301221846CDE9003313490CF0F0
:10AEE80074FD6FF0040006B070BD204605AA9847AF
:10AEF8000028ECDB0E4A059B116859B900202B602D
:10AF0800F1E70BB90B4BE3E7204605AA9847002861
:10AF1800F0DAF7E712685200B3FBF2F3EEE76FF0EE
:10AF28001200E0E70CB7010803560308D4BF010874
:10AF380000A500402F5603080D4A0E49936813F4E4
:10AF4800000308D0936813F400030CD1D2F8F4205E
:10AF580051F8230070479068000207D4D2F8F43003
:10AF6800C3F30333F4E793681B0FF1E79268EFE745
:10AF7800000C024604DF010838B5324B0D4618684C
:10AF88000B881446C3F30B030F2B2CD813B96FF09F
:10AF980085003BE0013B0E2BF9D801A252F823F0C3
:10AFA80017B00008E5AF000897AF0008EBAF00083E
:10AFB80097AF00082FB0000823B0000829B0000898
:10AFC80009B0000809B0000809B0000809B0000875
:10AFD80033B0000817B0000817B000084FF400405D
:10AFE8000EE019480CE0882B0AD003F67473C3F3FB
:10AFF8000B031C2BCBD8154A22FA03F3DB07C6D563
:10B0080020602B68B3F5805F14D2002038BDFFF7AD
:10B0180093FF502358434008F2E7FFF78DFFEFE70F
:10B028000B4B1868ECE70B48EAE7FFF785FF50235E
:10B038005843E5E7C3F313330133B0FBF3F0206063
:10B04800E3E700BF180300200024F40011011111E8
:10B0580004DF0108006CDC0237B5A24CE36903F099
:10B068000C03082B00F036819F4A42FA03F3D807F5
:10B0780000F13281FFF760FF236A9C4A03F00F0357
:10B08800D35C20FA03F59A4BDA6842F44032DA606E
:10B09800DA681104FCD59748854201D204F082FB96
:10B0A800904C236823F480232360236843F480337F
:10B0B800236023689A03FCD5D4F8943043F0040342
:10B0C800C4F89430D4F8943003F004030193019B3E
:10B0D800FAF788FFD4F8F03023F0180343F0100390
:10B0E800C4F8F030D4F8F03043F00103C4F8F0307D
:10B0F8007C4CD4F8F0309B07FBD5D4F8F03043F003
:10B108008003C4F8F030D4F8F0301805FBD5FAF70E
:10B1180087FFA36843F40003A360A36823F0704388
:10B1280043F08043A360236843F04003236023680F
:10B1380043F008032360236843F001032360694B4D
:10B148001A685107FCD51A6842F480521A601A68C6
:10B158009204FCD5DA6902F00C020C2A1AD11A689A
:10B16800540507D41A6842F480721A605D4A13685D
:10B178005805FCD55B4BDA6922F0030242F0010264
:10B18800DA61DA6902F00C02042AFAD11A6A22F0AA
:10B198000F021A62534B1A6822F080721A609A6A78
:10B1A80022F0030242F001029A62514AD16821F466
:10B1B8008021D160D46814F48044FBD19A6A49494B
:10B1C80022F470429A624C4B4C4A1B699342B6BFB8
:10B1D8004B4A102393FBF2F38A6A03EBD37322F4EE
:10B1E80070425B1042EA03338B62414BDA6842F4E7
:10B1F8008022DA60DA685104FCD5FFF79DFE414AE7
:10B20800A0F57413A3F51063934205D93E4B3C4A4D
:10B218000344934262D20C24324B9A6A22F470623D
:10B228009A629A6A22F00C0222439A625A6B22F4BA
:10B23800FF7222F0010242F04F025A639A6A22F02A
:10B2480010029A625A6B22F4FE0242F480325A6368
:10B258009A6A42F400329A625A6B22F0FE4242F035
:10B2680080725A639A6A42F480229A621A6842F09B
:10B2780080721A601A689201FCD5DA6A22F0030219
:10B28800DA621A6B22F003021A631A6A22F00F02BA
:10B298001A621A6A22F070021A621A6A22F4E062CA
:10B2A8001A625A6A22F070025A62DA6942F003029C
:10B2B800DA610C4AD36903F00C030C2BFAD10D4C5C
:10B2C800A54202D3204604F06DFA00200F4B1C6003
:10B2D80003B030BD0E48CFE60020CDE66FF0210068
:10B2E800F6E700BF000C0246FEEFFFFF2D630308E0
:10B2F800000802460068890904DF01080020A10748
:10B3080000127A0000093D00FFED85FF18030020B8
:10B318000024F40008B507480EF0CBFA38B1064807
:10B32800FCF732FB0448FAF7CFFD002008BD6FF0A8
:10B338001200FBE794B9010845B300080A2838B59C
:10B348000446074D04D1AB680D2128465B68984731
:10B35800AB6803485B68E1B29847204638BD00BF38
:10B3680094B9010838B5064B45680C4653F82130A6
:10B37800286998470020EB6824B243F8340038BDA8
:10B38800C4D7010801238B402DE9F041DB43054672
:10B398000C464668026937690C32D2E8EF0F18404C
:10B3A800C2E8E10F0029F8D10E4B384653F8243093
:10B3B80098470022F36853F8346003EBC40843F855
:10B3C80034206EB1084B384653F824309847B446B9
:10B3D8000246D8F804302846E1B2BDE8F04160479B
:10B3E800BDE8F081C4D70108E4D701082DE9F04F82
:10B3F8000D46804640680FFA81FBC16800695668AF
:10B40800C06A85B0864201EBC50400F29B8051F802
:10B418003B00002840F09980106841F83B00916893
:10B428006160D8F80430D2F80CA00093D8F8103036
:10B43800546899460AF001030193009B444A1F6926
:10B4480052F82520FE6A796A384602919047414AA7
:10B45800029952F8252038460391029290473E48B7
:10B4680050F8253038469847DDE901320399002B1A
:10B478003CD0D9F80810CAF3400AA6EB01092146C6
:10B4880038469047D8F80410701C0A690642526A78
:10B4980004F1FF3444D1A21A02EA0604A1454AD2B3
:10B4A800019B002B14BF6FF03D000020BAF1000F84
:10B4B8003CD00122D8F8103002FA05F50C33D3E855
:10B4C800EF6F2E43C3E8E46F002CF8D191F92430D4
:10B4D800002B08DB590903F01F039A4001F14003D0
:10B4E8001E4941F8232005B0BDE8F08F4FEA560900
:10B4F8004C4506F1010032BF4FF0010A4FF0000A37
:10B50800B146304203D1214401EA0604B7E7701A74
:10B51800844285BF04F1FF3464186418A41BAEE7A5
:10B52800944236BF801AA41A2418B7E7009BDA6839
:10B5380042F83BA0D7E70A4B384653F825309847DE
:10B548000020D0E76FF01500CDE76FF00F00CAE7D5
:10B55800E4D70108F4D70108B4D7010800E100E0F6
:10B56800D4D701082DE9F04F3D4F4568D7F808B00A
:10B578000646DBF80030D0F81090D5F810808BB074
:10B5880005F1180A9BB1514638469847041E11DA4E
:10B59800344B03940293002301221846CDE900336B
:10B5A80031490CF0BFFB20460BB0BDE8F08F6FF0BF
:10B5B8005704EDE738460EF07CF920B3DBF80C3081
:10B5C800E3B15146384605AA9847041E18DB6B6953
:10B5D8005A1C059BB3FBF2F3C9F81030A86A0EF0A9
:10B5E80068F9034690B9214A1F49CDE90102009044
:10B5F80001220CF097FB6FF01204D4E76FF05704A8
:10B608001B4B0394C6E76FF01204F9E7D5E90A016A
:10B618008368DB6803B198472B6A3046984705A8CA
:10B628000EF025F96B690025ADF81430069573689E
:10B6380040461B6805A9CDE9073503F0F3FD04462C
:10B648000028B0D00B4B0122CDE9015328462B46E8
:10B65800054900950CF066FB6FF00404A3E700BFF2
:10B668000CB70108C2560308E4BF010804570308D1
:10B67800E25603081F5703087FB5026944680B7830
:10B688001078984200D373B90393244B0122029394
:10B69800002323491846CDE900330CF0DCFB6FF09A
:10B6A800150004B070BD4B7803F0FB00082827D1C3
:10B6B80053700B781B4A013B52F823208B780225E4
:10B6C800DB43266802F01002F06B03F0010395409B
:10B6D8005B0020EA0500934003430120F3632668DA
:10B6E8008B78F56B9040C3F34003934025EA000242
:10B6F8001343F36322681368034313600020D0E701
:10B70800094B01220293002305491846CDE900336D
:10B718000CF0A1FB6FF08500C3E700BF9957030841
:10B72800ECBF010834D80108B157030830B50369E4
:10B7380014461A7840688A4285B000D371B9214B03
:10B74800012202930023CDE90033039118461E49D4
:10B758000CF081FB6FF0150005B030BD01225B785D
:10B7680002FA03F5A54206D8184B03940293002366
:10B77800CDE90033EAE7082B10D1154B03EB810321
:10B7880013F8013C01689B0003F03C030831CA58D8
:10B7980022F0FF022243CA500020DDE70C2BFBD128
:10B7A8000B4B013953F821100268090F083252F87F
:10B7B800213023F47F6323F00F03234342F8213021
:10B7C800EAE700BF99570308ECBF0108CA57030806
:10B7D80034D8010870B5466886B01F4C20460EF074
:10B7E80068F8034660B91D4A1D49CDE90102009079
:10B7F80001220CF030FB6FF01204204606B070BD39
:10B80800A368311D1B6813B96FF00404F5E72046DF
:10B81800984705460028F7D1014605AAF0680DF0BB
:10B828004FF8041E09DB059B2A461979186801F0B0
:10B8380035FD041E01DB0024DFE7A31CFBD0094B08
:10B8480001220293002306491846CDE900330394E8
:10B858000CF001FBD1E700BF0CB7010894240308E2
:10B86800ECBF0108E35703084268D2E904328A4270
:10B878000CD9084A002052F82110074A52F8212012
:10B8880013445A6922F004025A6170476FF0150098
:10B89800704700BF3CD80108C4D8010870B5446897
:10B8A800D4E904038B4213D91C230B4E4B4356F89F
:10B8B80021600A49A46951F82610E51801440020BE
:10B8C800896C89B25160E3585370AB79137070BDBD
:10B8D8006FF01500FBE700BF3CD80108C4D8010889
:10B8E8007FB505464668174883681B6873B9164BC9
:10B8F80001220293002315491846CDE900330CF0C4
:10B908003DFB6FF00404204604B070BD31469847F3
:10B9180004460028EBD12846B368984723461C21E3
:10B9280020467269934207D300232A6913602A6963
:10B9380053602A699360E6E7B26901FB0322013389
:10B948009071EEE70CB701082C580308F4BF010802
:10B9580070B54368D3E904438B4216D90C4B0D4D9F
:10B9680053F8216055F8263023445A6942F00402FE
:10B978005A610A2000210EF054FC55F82630234461
:10B988001B699B04F5D5002070BD6FF01500FBE71F
:10B998003CD80108C4D80108054B53F82120054BB1
:10B9A80053F8223018440069C0F30020704700BFE4
:10B9B8003CD80108C4D80108054B53F82120054B91
:10B9C80053F8223018444FF48073C360704700BFA7
:10B9D8003CD80108C4D80108084B53F82120084B6B
:10B9E80053F8223018444FF48063C3604FF4006367
:10B9F800C3604FF48053C360704700BF3CD8010850
:10BA0800C4D80108054B53F82120054B53F82230C0
:10BA180018440069C0F34020704700BF3CD80108B3
:10BA2800C4D80108054B53F82120054B53F82230A0
:10BA380018444FF40073C360704700BF3CD8010836
:10BA4800C4D8010870B588B00446FFF7A5FF0546BD
:10BA58002046FFF7D7FF104B53F821200F4B53F820
:10BA6800223023441A6919691B69C1F3C021C3F341
:10BA7800003307930A4BC2F3802202930023CDE9D7
:10BA88000402069103221846CDE9003305490395BF
:10BA98000CF074FA08B070BD3CD80108C4D801088D
:10BAA8003D580308F4BF0108074B53F82120074B02
:10BAB80053F822200244506910F480701CBF1069AA
:10BAC800C0F30020704700BF3CD80108C4D8010863
:10BAD800074B53F82120074B53F8222002445069A2
:10BAE80010F400701CBF1069C0F34020704700BFFD
:10BAF8003CD80108C4D8010838B50446FFF76CFFE4
:10BB0800064B53F82120064B53F822004FF480438C
:10BB18002044C3604FF40053C36038BD3CD80108CB
:10BB2800C4D801081C232DE9F043064640680D4699
:10BB38008469D0F8108003FB014494F8059085B01F
:10BB4800B9F1000F06D1A379DBB905B0BDE8F04320
:10BB58000CF023BA4046FFF7BBFFD0B92946404650
:10BB6800FFF7A2FF0746F0B1237E03B9A371B9F12D
:10BB7800000F03D129464046FFF71EFF00236769DF
:10BB880009E04046FFF7A4FF0028E7D04046FFF74A
:10BB980049FF012367692A463046BC46216905B03A
:10BBA800BDE8F04360470D4B0122CDE901030C4984
:10BBB800034600900CF0E2F9A771736829461869EA
:10BBC800FFF740FF294670680CF0E7F965690A46F7
:10BBD8006FF004033046AC462169E0E76758030874
:10BBE800F4BF0108054B53F82120054B53F82230C8
:10BBF8001844436943F00103436170473CD8010886
:10BC0800C4D80108054B53F82120054B53F82230BE
:10BC18001844406900F00100704700BF3CD8010893
:10BC2800C4D8010808B50B4B53F821200A4B53F828
:10BC3800223003445A6942F004025A615A6942F0B8
:10BC480002025A61FFF7DEFF002814BF6FF00A00F6
:10BC5800002008BD3CD80108C4D801081C222DE9E1
:10BC6800F041436806469C69D3E904738B4202FBA2
:10BC780001442ED994F80580B8F1000F04D00023B0
:10BC8800A3710020BDE8F0813846FFF7BBFF00280C
:10BC9800F7D0114B53F82120104B53F822303B4476
:10BCA8005A6922F480725A615A6922F480525A61A0
:10BCB8005A6922F400625A615A6922F480625A6110
:10BCC80070680CF06AF938460CF0C0F984F8068000
:10BCD800D7E76FF01500D5E73CD80108C4D80108AC
:10BCE8002DE9F84F9A4643689146D3E904728A428F
:10BCF8000D4604D86FF015042046BDE8F88F1C26C1
:10BD080038464E43D3F818B00CF0A0F90BEB0608F0
:10BD18000446E0B95BF80630022BEBD80D4B3846E9
:10BD280053F825200C4B53F822100A9A3944C1F8CD
:10BD38004C90C1F850A08B6C1B0C1B0413438B64F4
:10BD48000123294688F80630FFF74CFFD4E76FF047
:10BD58000F04D1E73CD80108C4D801082DE9F04FF9
:10BD68004FF01C08D0F804A008FB01F8DAF818B066
:10BD78001446DAE904928A4203460E4687B00BEB72
:10BD8800080706D8A54B039102930023CDE9003399
:10BD980041E0B87900F0FF0280B1A14B0391029312
:10BDA8000023CDE90033012218469E490CF0E6F83D
:10BDB8006FF00F05284607B0BDE8F08F4846CDE97B
:10BDC80004230CF043F9DDE90423054630B1964B12
:10BDD8000396CDE9012300921346E4E758683146FB
:10BDE8000CF0DBF8638803F47E63B3F57E6F07D14C
:10BDF8000123BB717B71A3697B6163693B61D9E7EF
:10BE080023695B69B3F5803F0DD30393874BCDE975
:10BE180001532B4600950122184682490CF0AEF8D2
:10BE28006FF01505C6E7A288E38893420AD0804BD5
:10BE38000122CDE9015328462B467A4900950CF09A
:10BE48009DF8EDE7042B05D05A1E012A02D9039369
:10BE5800784BDCE70123BB71A3697B61637803F04E
:10BE680007034BF8083063693B61A388BB60E3882C
:10BE7800FB6023691B6843B96F4A1846CDE9013254
:10BE88006849022200930CF079F823695B6843B98A
:10BE98006A4A1846CDE901326249022200930CF041
:10BEA8006DF82369D3E90012654B53F82600654BFA
:10BEB80053F8200009EB0003D9641A652168C1F31F
:10BEC800C331042902D9604B03915DE7DFF888C1CB
:10BED8005A695CF8211022F440020A435A616278D8
:10BEE80002F00702012A06D0022A7FD0002A7FD05A
:10BEF800564B039248E74FF480615A6C22F4C062B3
:10BF08000A435A642269127FC2F38102012A72D05D
:10BF1800022A73D0002A75D11A6C42F008021A64FA
:10BF28002269127FC2F30112012A64D0022A6DD05D
:10BF3800002A6FD11A6C42F400221A645BF80820B8
:10BF4800DFF818C1911E4A424A413A71A28892FA12
:10BF5800A2F1002AB1FA81F108BF4FF0FF311A6C43
:10BF68005CF8211022F003020A431A64E288DFF821
:10BF7800F0C092FAA2F1002AB1FA81F108BF4FF09D
:10BF8800FF311A6C5CF8211022F440320A431A641B
:10BF98009A6C2169120C496912040A439A64596C13
:10BFA800227821F07F010A435A64D4F810E09EF801
:10BFB8001C20510656D45A6942F480325A61DA6F0D
:10BFC80022F47F4222F0FC02DA675A6942F4807256
:10BFD8005A615A6942F480525A615A6942F40062BD
:10BFE8005A615A6942F480625A61E3E6002184E7A3
:10BFF8004FF4007181E76FF08505DBE61A6C22F0DB
:10C0080008028CE703230393114BBDE61A6C22F454
:10C01800002292E7032303930E4BB5E677580308F3
:10C028009B580308F4BF0108B2580308D358030803
:10C03800EA5803080C590308305903084F590308F4
:10C048003CD80108C4D801086C5903087F59030873
:10C0580093590308AE5903089CD80108B8D80108B9
:10C06800ACD80108DAF81CC0C2F38108C2F3011A7F
:10C07800D0450CEBC60125D1DEF800204CF836205F
:10C0880022694FF0C05452684A6059F800200E0CDB
:10C0980092B23604324349F80020D86F144A21F08E
:10C0A800030109040240090C0A432243DA6701220A
:10C0B8003A765A6922F480325A615A6942F4007217
:10C0C8005A6182E712F00C0F06D1DEF800204FF01B
:10C0D80080544CF83620D8E712F0300F05BFDEF850
:10C0E80004204FF0006400244CF83620CDE700BF50
:10C0F8000300FE01064A11680B6823F004030B6075
:10C108005068044B196883685B6803B11847704727
:10C11800040100207001002010B5094BD3E900404C
:10C12800084B196883681B6803B19847236843F074
:10C1380004032360236843F00803236010BD00BF95
:10C14800040100207001002008B5EFF311811023CD
:10C1580083F31288BFF36F8F0120084B93F84820B0
:10C1680083F8480081F31188BFF36F8F22B9FFF776
:10C17800D3FF5E20FBF7E6FA002008BD040100208B
:10C18800F8B51646837890F803C0EFF311821024AF
:10C1980084F31288BFF36F8F077890F801E0DB1BF8
:10C1A80003EA0C039E4288BF9EB2BD190CEA05053E
:10C1B8003C46057082F31188BFF36F8F8A198A4253
:10C1C8001AD177450CD1EFF31182102181F312882F
:10C1D800BFF36F8F0178417082F31188BFF36F8FBF
:10C1E80002799B1B9A4205D30DF04BFF60B10848BA
:10C1F80004F032F93046F8BD05196D79013401F8BB
:10C20800015B04EA0C04DAE7FFF79EFFF2E700BFE0
:10C218003C0100202DE9F8430D461446124F07F162
:10C22800560807F1180914B92046BDE8F8834FF0FD
:10C23800FF324FF0FF33384603F05CFF22462946B1
:10C248004046FFF79DFF064630B94FF0FF324FF0EA
:10C25800FF33484603F04EFF3846A41B03F010FF97
:10C26800A4B23544DFE700BF0C01002038B50469EB
:10C278004568344860600DF01CFB00285ED060689B
:10C28800296883681B6803B19847012204F10800F4
:10C2980011460DF002FE0122002104F120000DF0EC
:10C2A800FCFD294904F138000DF0A2FE072384F8AB
:10C2B8006130042384F862300F23002284F84C3064
:10C2C8000C2311465E2084F85E2084F85F2084F8F1
:10C2D800602084F8492084F84A2084F84B2084F8A8
:10C2E8004D300AF0BDFE194B19491B681A681869C8
:10C2F80022F07C4222F07F028A4203D149F6AE2125
:10C3080088420FD0196821EA0201124A0A431A60CA
:10C3180049F6AE221A611A6822F080421A601A6839
:10C328005200FCD41A6842F004021A601A6842F0FB
:10C3380008021A60FFF708FF002038BD6FF01200EE
:10C34800FBE700BF0CB701087D800108040100204D
:10C35800000DF600000DF64010B51D4B01461B6898
:10C36800EFF31184102282F31288BFF36F8F5A689B
:10C37800500605D45A68D2071DD46FF00A0015E09C
:10C388001A6842F080421A601A6822F080421A60E5
:10C398000A221868400005D45868400602D4586834
:10C3A8004007E7D5013AF4D16FF0040084F311880F
:10C3B800BFF36F8F10BD5A689207F5D4586810F014
:10C3C8004000F1D19B680B60002BEFD1D5E700BF8F
:10C3D800040100202DE9F347D8070F46144605D479
:10C3E8002E48FFF7CDFE02B0BDE8F087002A37D00F
:10C3F800EFF31185102383F31288BFF36F8F5E204C
:10C40800FBF7C2F906465E20FBF7AAF985F3118807
:10C41800BFF36F8FDFF88880FFF77EFED8F8003013
:10C428005A68510714D45B685A0611D44FF0804AF1
:10C438002546DFF87090C9F888A1D8F800305B6805
:10C44800DB070FD4BFF34F8F20BF40BF20BFF4E7F7
:10C4580001A8FFF781FF0024E6B15E20FBF772F91F
:10C468002046C0E701A8FFF777FF0028C9F888A190
:10C47800E3DB6A1E291F019B17FA82F289B2013D8C
:10C48800ADB202F801391B0A002DE5D08D42F6D174
:10C498000193D2E7FFF72EFEE2E700BF4D0100202F
:10C4A8000401002000E100E02DE9F74301A8FFF7AF
:10C4B80053FF002844DB0021042788460846264C01
:10C4C800019A94F84B3094F84CC094F84AE0A3EBE6
:10C4D8000E053CEA05055FFA82F91ED194F8600062
:10C4E80094F85F6094F86150861B35EA06062AD1F5
:10C4F80009B184F84B30B8F1000F00D001925E20EA
:10C50800FBF72EF9FFF7F6FD002384F848301348AF
:10C5180003B0BDE8F04303F0B3BDE11881F84E90D5
:10C52800012101330CEA0303013F4FF001084FEAF0
:10C538001222CCD109B184F84B3001920028E6D1FF
:10C5480003B0BDE8F08326180130054086F86390F3
:10C55800012084F86050E7E704010020240100204E
:10C568000048704704D90108044BB3F8A0379B0270
:10C578000B60002318464B60704700BF0000FA0BA1
:10C5880070B51C4616460023224686B00D460BF0B1
:10C5980001FE034668B90B4A0090CDE90102CDE9D6
:10C5A8000354012208490BF0C0FD6FF0150006B0D6
:10C5B80070BD2CB12246304605F100610EF07DFEBB
:10C5C8000020F4E7175A03080CC0010870B50646A6
:10C5D80086B06422002304A80EF03DF8DDE9044586
:10C5E80033691B681A6A12F0FA0212D01A6A02F04A
:10C5F800FA021A626FF0040006B070BD22462B469C
:10C6080004A80EF04DF8DDE9043213430CBF0122F3
:10C61800002233691B68186A10F48030ECD0002AB5
:10C62800ECD00A230393054B01220293002304490B
:10C638001846CDE900330BF078FDDBE7415A0308D3
:10C648000CC0010870B5036906461D6849B1FFF7BB
:10C65800BDFF044650B13069043003F011FD204697
:10C6680070BDAB6A002B06DB0024F8E7AB6A43F029
:10C678000043AB62F8E7034BAB6003F18833AB6070
:10C68800F2E700BF23016745F0B5012387B00546EF
:10C698000F4616460BF07EFD034670B9184ACDE9E1
:10C6A8000376CDE901021749012200900BF03DFD08
:10C6B8006FF01504204607B0F0BDFEB128690BF0F5
:10C6C80044FD00212846FFF7BDFF044640B1012183
:10C6D8002846FFF7B7FF2869043003F0D1FCE9E7E3
:10C6E80032463946284600F055F8012104462846C6
:10C6F800FFF7A8FF002C08BF0446ECE73446D9E74B
:10C70800555A03080CC001082DE9F0411E46904611
:10C718000123324686B005460F460BF03BFD034623
:10C7280078B91A4ACDE90376CDE901021849012200
:10C7380000900BF0FAFC6FF01504204606B0BDE837
:10C74800F08106B328690BF000FD00212846FFF7A9
:10C7580079FF044640B101212846FFF773FF286995
:10C76800043003F08DFCE8E7334642463946284654
:10C7780000F0BCF8012104462846FFF763FF002CAF
:10C7880008BF0446EBE73446D7E700BF805A0308E2
:10C798000CC001082DE9F04F4E4B17461B680D469B
:10C7A80085B0834603F001080026FDF73BF8013FFA
:10C7B800DFF83091DFF830A12F44AF4211D3DBF816
:10C7C80010301C68A36A002B14DA434B0122029331
:10C7D800002342491846CDE900330BF0CBFC6FF03B
:10C7E8000406B8F1000F01D0FDF70AF8304605B08D
:10C7F800BDE8F08F5846FFF7E9FE061EF1DBDBF8CF
:10C8080010301B681B6C9B021AD54FF6FF71B9F8E4
:10C81800A020236C8A4203F4801307D1B5F5801F4A
:10C8280044D24BB1A36A43F4006308E0002AF5D070
:10C83800B5EB422F37D22BB9A36A23F40063A36266
:10C848006B0B09E0B5F5801FECD3A36A23F40063F2
:10C85800A362A5F580135B0BA26A584642F0020258
:10C86800A262A26A22F47E72A262A26A42EAC303A8
:10C87800A362A36A43F48033A362A36AFFF7A6FE08
:10C88800DBF8103006461B681B6C13F4001FA36A04
:10C8980014BF03EA0A0323F002030028A362A0DB03
:10C8A80005F5005589E7B5F5801F05D3002BCCD1D8
:10C8B800A36A43F40063CBE7094B012202930023E8
:10C8C80006491846CDE9003303950BF053FC6FF089
:10C8D800150686E700040340E65A030814C0010859
:10C8E800F35A03080007FA0BFDF7FFFF2DE9F04F95
:10C8F80000259846384B0C4685B01F680646914679
:10C90800AB46FCF78FFF07F0010704F10064D84538
:10C9180012D93369D3F800A0DAF82830002B12DADC
:10C928002E4B0122029300232D491846CDE90033EE
:10C938000BF020FC6FF004050FB1FCF761FF2846EF
:10C9480005B0BDE8F08F3046FFF740FE051EF3DB6B
:10C958002BF003034B44191F0A460C3352F8040FFB
:10C9680000BB9A42FAD1DAF8282042F00102CAF84C
:10C978002820DAF82820224651F8040F994242F874
:10C98800040BF9D13046FFF721FEDAF82830051EEE
:10C9980023F00103CAF8283004F11004CCDB0BF1B2
:10C9A800100BB4E720460022056801350ED00D4B68
:10C9B80004F1784402930023144418460122CDE977
:10C9C8000033074903940BF0D5FBB3E70132042A7F
:10C9D80000F10400E8D1C6E700040340E65A030862
:10C9E80014C001080C5B030830B5104C104D0C60E6
:10C9F800236813B12B68136030BD03691B68196C79
:10CA08001B6C9B020FD54FF6FD700A4BB3F8A03094
:10CA1800591E89B281428CBF4FF48073DB082360B2
:10CA28004FF40053636001232B60E4E7CC1B002024
:10CA3800C81B00200007FA0B2DE9F843D0F8048042
:10CA48001746D0F81090D8F808000D461E460AF090
:10CA5800B6FCB7F5001F044616D12846D8F808409A
:10CA6800FCF78CFA84420CD129460AF0A8FC04464B
:10CA7800FCF720FA2046FCF76FFA00212046FCF765
:10CA880023FA0020BDE8F883B7F5800F20D0B6F16F
:10CA9800806F19D0B6F1C06F18D0B6F1007F1AD1E7
:10CAA80002264A4620460F49FCF736FAB0B928460E
:10CAB800D8F808100AF086FC20463146FCF704FA3C
:10CAC8002046FCF7DFF9DCE70126EAE70326E8E77A
:10CAD8006FF08500D6E76FF01500D3E76FF00F0011
:10CAE800D0E700BF4784010838B503690446586099
:10CAF8000C4D28460CF0DDFE88B10B4A136943F053
:10CB080000531361AB6861681B680C3123B1284678
:10CB1800984700EAE07038BD6FF05700F9E76FF00A
:10CB28001200F8E70CB70108000802461FB50269B1
:10CB380092F85C306BB9094A1846CDE901320849C8
:10CB4800012200930BF0DFFC6FF0040005B05DF8E4
:10CB580004FB136B00200B60F8E700BF6C5C030854
:10CB680024C001087FB542680369D26883F85E1063
:10CB780031B9136823F44013136007B05DF804FB60
:10CB88000491036801220393044B0549029300238F
:10CB98001846CDE900330BF0B6FCEEE78A5C0308D3
:10CBA80024C001080022F0B50446436806691F48FE
:10CBB8000F46DD685968836887B0DB68059273B9EA
:10CBC8001B4B0122029300231A491846CDE9003372
:10CBD8000BF099FC6FF00404204607B0F0BD05AADD
:10CBE80098470028ECDB376306F118074FF0FF324F
:10CBF8004FF0FF33384603F07DFA2B68204623F0C8
:10CC080001032B6096F85E10FFF7ACFF20460599EC
:10CC180000F0BEFA96F85D3004461BB12B6843F06D
:10CC280001032B60384603F02BFAD5E70CB701084F
:10CC38009E5C030824C001087FB505464468066960
:10CC48004FF0FF32002130460DF027F923682846BF
:10CC58009847002386F85C3086F85E30012206F19A
:10CC6800180011460DF019F92A480CF022FE034667
:10CC780060B9294A2949CDE90102009001220BF047
:10CC880042FC6FF01204204604B070BD284600F044
:10CC980053F82369224A93422FD023D8214A93423A
:10CCA8002DD0214A93422CD00024204B01220293FC
:10CCB80020462346CDE9004418490BF024FC44F0F3
:10CCC80010012846FFF76EFF041E4FF000031CDA20
:10CCD800174A1846CDE901321049012200930BF09A
:10CCE80012FCD0E7134A93420DD002F5C31202F5A5
:10CCF80020629342D8D10A24E1E70624DFE7022420
:10CD0800DDE70424DBE70824D9E701221C4686F87E
:10CD18005C20B8E70CB701089424030824C0010874
:10CD280040420F00A0860100801A0600CC5C030870
:10CD3800E75C030840E1330030B5456887B000215F
:10CD4800686905AA0BF0BCFD041E07DB059B0022E1
:10CD58001979186800F0A2FA041E0DDA124B0122A4
:10CD68000293002311491846CDE9003303940BF0D0
:10CD780021FC204607B030BD0D48696883681B68F0
:10CD880063B90C4B01220293002308491846CDE9E8
:10CD980000330BF00FFC6FF00404EAE798470446F1
:10CDA8000028E6D0EDE700BF715D03082CC001083C
:10CDB8000CB701088F5D03081FB5154B98421FD0AB
:10CDC80013D8144B98421DD0134B98421CD0002402
:10CDD800124B2046029301222346CDE90044104914
:10CDE8000BF01BFC204604B010BD0E4B98420DD032
:10CDF80003F5C31303F520639842E8D10A20F2E74C
:10CE08000620F0E70220EEE70420ECE70820EAE736
:10CE180040420F00A0860100801A0600CC5C03087F
:10CE280034C0010840E1330070B505694068C06846
:10CE38004468E60107D543684A6823F47F0343EA58
:10CE48000243436070BD2C6B1F4E14F0010F446801
:10CE58002DD044F400644460446834402343436064
:10CE68000B7A9C072BD452B313785B0727D44368FB
:10CE780043F0807343604368049A23F0007343606F
:10CE8800436823F480631343436043684A6823F488
:10CE98007F0343EA02434360012385F85F30036858
:10CEA80043F001030360436843F40053C9E724F4E3
:10CEB800006444604468344044EA4303CFE743686D
:10CEC80023F08073D6E700BF00FCFFFF2DE9FF4188
:10CED800436806460D460769DC6829B96FF01506F0
:10CEE800304604B0BDE8F0817A6E12B1BA6E002AFD
:10CEF80050D197F85F80B8F1000F4BD11869FFF750
:10CF08005BFF01463046FFF74DFE061E0BDA234B4A
:10CF18000122CDE90183404643462149CDF80080EE
:10CF28000BF07BFBDCE7236843F0010323607B6E97
:10CF3800F3B97D662B791B49012B13D1A268EB88C5
:10CF48000A4043F480631343A360A36843F4004397
:10CF5800A360012387F860302368002643F00803A4
:10CF68002360BDE7A368EA880B4043EA4203EBE786
:10CF7800BD662B79012BB1D0E368EA8823F4FF63FF
:10CF880023F0060343EA4203E360E36843F4004303
:10CF9800E360DEE76FF00F06A2E700BFE75C030877
:10CFA80034C0010800F8FFFF2DE9F0414368056926
:10CFB800DC6895F86030074686B0002B00F0998051
:10CFC80095F85F30002B40F094806E6E3379012B1A
:10CFD8000AD0A369F288C3F346439A4204D0AE6EDE
:10CFE800CEB1F2889A4216D1A369D6F808809A077A
:10CFF80014D53046D8F80C300DF1170198470028A1
:10D0080047DA5F4B0122029300235E491846CDE9B7
:10D0180000330BF002FB06B0BDE8F081A3695B07A3
:10D028003BD4A369DD0645D4A369980610D53846D4
:10D038000BF0D4FA0123A361E369304643F02003DF
:10D04800E361D8F818309847636823F400436360B5
:10D05800A3691907DFD5E36943F00803E361A5690C
:10D0680015F4803530D13046D8F80030984700287C
:10D0780025DA454B0095CDE901532B460122184688
:10D0880040490BF0CAFA786806B0BDE8F0410BF0E9
:10D09800D4BA9DF81730A362BDE7616A3046D8F864
:10D0A8000830C9B298470028B5D0636843F40043F4
:10D0B8006360B0E7E36943F01003E361B4E7236812
:10D0C80043F004032360DEE73046D8F804300DF15E
:10D0D80017019847002805DA2C4B02930023CDE965
:10D0E8000033CBE79DF81730A362236843F00203AF
:10D0F800E8E76B6D8BB1A3699A0742BFAB6D1B78EC
:10D10800A362A3695B0742BFAB6D626A1A70AB6D1D
:10D118000133AB656B6D013B6B65A369DE0616D405
:10D12800A36998061DD4A369590603D4A3691A06EE
:10D138007FF571AF2B6D1B7A9B070ED438460BF029
:10D148004DFA284606B0BDE8F04102F099BFE36900
:10D1580043F01003E3610123AB64636843F4804345
:10D16800A6E73846E36943F02003E361636823F0E8
:10D178008073636006B0BDE8F0410BF070BA00BF81
:10D18800BF5D030834C00108D85D0308F15D0308DA
:10D198002DE9F04F0C220D4600264768D0F8108084
:10D1A800FC6885B0FB69B34214D8D8F83030C3F3B3
:10D1B8004203012B2CD0022B59D0344B029300236D
:10D1C80001221846CDE9003331490BF026FA6FF0F9
:10D1D800150018E002FB06FAD7F818B00BEB0A099D
:10D1E800D9F80400FFF7E8FDD8F830300C224340A6
:10D1F80013F00E0F0AD15BF80A30AB4206D1D9F80A
:10D2080008300020236105B0BDE8F08F0136C9E77A
:10D2180041F25C2E4FF47A6C40F2E2474FF4FA7612
:10D2280002201C4B421EB5FBF2F2B3FBF2F2BCFB30
:10D23800F2F10139FF2923D8BEFBF2F808F1FF38D3
:10D24800B8F1FF0F1CD8B6FBF2F9B9F10F0F17D8D8
:10D25800B7FBF2F2013A0F2A12D8023848EA09431A
:10D2680043EA007343EA025343EA0123C9E740F261
:10D27800145E4FF4167C4FF4FA7740F27716CFE736
:10D2880001301128CED1044B98E700BF0A5E03088D
:10D2980034C0010800CA9A3B855E03082DE9F047AF
:10D2A800044600251D4F00EBC106B44201D1002001
:10D2B80014E02068C30600F01F0911D4656845F022
:10D2C8002005C0F3481AC0F34420102823D857F883
:10D2D8002080B8F1000F0DD16FF01200BDE8F08783
:10D2E800B9F1100F04D0B9F1110FEAD16568E8E778
:10D2F8003025E6E740460CF0DCFA0028ECD04B4637
:10D308002A4640460AF00F010BF0AFF8002804F156
:10D318000804CADAE2E76FF01500DFE7B0DA0108BF
:10D32800B1F5807F28D016D8102927D00FD8012929
:10D3380026D0042908BF012318BF09231349026A0C
:10D34800C85C02238340134023FA00F07047402949
:10D3580008BF0323F0E7B1F5804F13D007D8B1F524
:10D36800806F11D0B1F5805F08BF0623E4E7B1F5FF
:10D37800803F08BF0823DFE70423DFE70223DDE758
:10D388000023DBE70723D9E70523D7E70060030875
:10D398002DE9F04F01F1FF3C8DB0BCF1050F1746A8
:10D3A8009946BDF8588045680FD9A24B039102935E
:10D3B800002301221846CDE900339F490BF0AEFA4D
:10D3C8006FF015000DB0BDE8F08F2868B0F1804F00
:10D3D80027D0B0F1A04F24D0984B984221D003F128
:10D3E800805398421DD0964B98421AD003F180532F
:10D3F800984216D0934B984213D003F18053984229
:10D408000FD0B2F5803F0CD98F4B01220293002335
:10D4180089491846CDE900330BF080FA6FF0850092
:10D42800D0E78A4B042953F82C4008F4807B0BD9A9
:10D43800BBF1000F11D12646DA46AFB9036A23EAD9
:10D44800060303620020BDE7814B53F82CA0BBF113
:10D45800000F05D0BAF1000F04D17E4B0391A6E767
:10D468002646EAE75646E8E7AB6873BB013F036A1E
:10D4780008F0010836EA03034FEA48084BD1B6F52D
:10D48800807F00F0CD8033D8102E00F0CB802BD8D1
:10D49800012E00F0C980042E08BF012218BF0922FE
:10D4A8006D49036A895C02228A4023EA020308FA6A
:10D4B80001F843EA08030362684B494653F82C30E5
:10D4C800286898472B68DF62BCE7102B02D109F166
:10D4D800FF39CBE723F04002202A01D0402B9DD111
:10D4E8004FEA59097F08C2E7402E08BF0322D5E753
:10D4F800B6F5804F00F09A8008D8B6F5806F00F036
:10D508009780B6F5805F08BF0622C7E7B6F5803F6B
:10D5180008BF0822C2E704A80CF0B2F960230493FC
:10D528000123BBF1000F24D00693CDF824802B688B
:10D5380021461B6A34EA03030CBF01230023059329
:10D548002868FFF7EDFE0890CDF81C902146286862
:10D5580004AA01F01FFF00B3414B012202930023EC
:10D5680035491846CDE900330BF0D8F96FF00400BF
:10D5780028E70593CDF82080BAF1000FE4D02B6896
:10D5880051461B6A3AEA03030CBF012300230693A2
:10D598002868FFF7C5FE0990D6E72A68B4F5807FAA
:10D5A800136843F0800313602A6831D01FD8102C09
:10D5B80030D018D8012C04D0042C08BF012018BF83
:10D5C8000920284B1832195C274B5458185C08233B
:10D5D8008340234353502B68DF622A68536943F022
:10D5E800010353612EE7402C08BF0320E7E7B4F599
:10D5F800804F11D007D8B4F5806F0FD0B4F5805F95
:10D6080008BF0620DBE7B4F5803F08BF0820D6E74F
:10D618000420D6E70220D4E70720D2E70520D0E788
:10D6280004223DE702223BE7002239E7072237E7D9
:10D63800052235E7B85E03086CC001080004004005
:10D6480000080040000C0040CD5E0308ECDC010837
:10D65800DCDC0108065F030800600308C4DC01087D
:10D668002D5F0308146003080A6003082DE9F043DE
:10D67800076945688BB0524E30460CF01AF90346DC
:10D6880068B9504A5049CDE90102009001220BF0D7
:10D6980045F96FF0120420460BB0BDE8F083D6F8C8
:10D6A800089005F10C08D9F8003083B1414630469E
:10D6B8009847041E0EDA454B039402930023012277
:10D6C8001846CDE9003340490BF028F9E3E76FF03D
:10D6D8005704F0E7D9F80C30F3B14146304605AAB3
:10D6E8009847041E1ADBD7E90101059B3B60836854
:10D6F800DB68B3B90021686905AA0BF0E1F8041EDC
:10D7080007DB059B002219791868FFF7C7FD041E7F
:10D7180009DA2F4B0394D0E76FF057042D4B03948D
:10D72800CBE79847E6E7002405A80CF0A0F86B685B
:10D7380005A9ADF81430AB68CDE90744069328680D
:10D7480001F070FD60B1244B2046CDE901430094FF
:10D75800234601221C490BF0E1F86FF004049AE714
:10D768002B681E4A93421FD002F1805293421BD06D
:10D778001B4A934218D002F18052934214D0194A9E
:10D78800934211D002F1805293420DD0164A93422F
:10D798000AD002F18052934206D0144A934203D031
:10D7A80002F18052934203D15A6C42F400425A6407
:10D7B8002A680024136843F0010313606BE700BF75
:10D7C8000CB70108942403086CC00108C25603086A
:10D7D800575F0308E25603081F570308002C01404F
:10D7E800003401400040014000440140004801402D
:10D7F800CB0702D503683B2B2DD88A0702D543688F
:10D808003B2B28D84B0702D58368172B23D8CA0689
:10D8180002D503690B2B1ED80B0703D5C368013B40
:10D828001E2B18D88A0602D54369C72B13D84B0676
:10D8380002D58369062B0ED80A0603D5C369B3F54A
:10D84800B77F08D2CB0508D5406A054B98428CBFF4
:10D85800002001207047002070470120704700BF5A
:10D86800FFC99A3B0D4BD3F82838C3F308021B04B1
:10D8780006D5C2F500730A4A534303F5806309E0ED
:10D888005342DB0FF7D0074B5A43B2F5806301D5FB
:10D8980002F2FF33DB1200200B6070470070004675
:10D8A80065CD1D009B32E2FF30B54D6985B005F2AC
:10D8B8006C73B3F5FA6F45D38C69631C42D0087A50
:10D8C8000BF07DF88DF80C0008790BF078F88DF8DE
:10D8D8000D0008780BF073F88DF80E0005F29C70B7
:10D8E800C0B20BF06CF88DF8070008690130C0B2BF
:10D8F8000BF065F88DF80500087B0BF060F8002C3C
:10D9080008BF07248DF806008DF80440EFF3118452
:10D91800102383F31288BFF36F8FF8F763FB02AA13
:10D9280001210A480BF03CFF012101AA074801F038
:10D9380017FCF8F775FB84F31188BFF36F8F00208D
:10D9480005B030BD6FF01500FAE700BF007800465B
:10D958002DE9FF410D461C461746066902B173B909
:10D968004F4B0122029300234E491846CDE900335C
:10D978000BF02EF86FF0150004B0BDE8F081EFF35E
:10D988001188102383F31288BFF36F8F00293DD1CC
:10D9980028224FF0FF3120460DF0B6FC424A0436EB
:10D9A800106C00F07F000BF001F82060106CC0F3E1
:10D9B80006200AF0FBFF6060106CC0F305400AF017
:10D9C800F5FFA060106CC0F303600AF0EFFFA061E0
:10D9D800106CC0F305600AF0E9FFE060106C00F01D
:10D9E800803080F08003C3F3C013010458BF43F0B4
:10D9F8000203020258BF43F00403002849DB002D4C
:10DA080040D0012D49D1284A926C3DE0012927D107
:10DA180028224FF0FF3120460DF076FC224A2836A6
:10DA2800906C00F07F000AF0C1FF2060906CC0F39A
:10DA380006200AF0BBFF6060906CC0F305400AF056
:10DA4800B5FFA060906CC0F303600AF0AFFFA0615F
:10DA5800906CC0F305600AF0A9FFE060906CBEE727
:10DA6800124B03910293002301221846CDE900339B
:10DA78000C490AF0ADFF6FF0150088F31188BFF369
:10DA88006F8F79E7084A126CC2F303622AB143F038
:10DA98004003B38200203B80EFE743F00803F8E738
:10DAA8004360030874C0010800780046506003080A
:10DAB8001FB513466AB9104A1846CDE901320F4915
:10DAC800012200930AF084FF6FF0150005B05DF89D
:10DAD80004FB01294FF000000AD9094B0391CDE955
:10DAE800010301220346054900900AF071FFEBE7A4
:10DAF8004F221A80EAE700BF6460030874C0010877
:10DB0800506003081FB50369EFF31184102282F3F4
:10DB18001288BFF36F8F41B9043372B6002293F8AD
:10DB2800200083F8202062B610E0012901D12833B3
:10DB3800F3E7094B03910293002301221846CDE92C
:10DB4800003306490AF044FF6FF0150084F311888A
:10DB5800BFF36F8F04B010BD5060030874C0010894
:10DB680030B5006985B0EFF31184102585F312886C
:10DB7800BFF36F8F21B9011D0020C1E9062311E011
:10DB8800012902D100F12801F6E7094B039102931C
:10DB9800002301221846CDE9003306490AF018FF90
:10DBA8006FF0150084F31188BFF36F8F05B030BD97
:10DBB8005060030874C001080B4B5B6823F07F4377
:10DBC80023F0C00318041A0D00F47C1040EA021078
:10DBD800C3F303421043DA0202F0E062104303F495
:10DBE800F8531843704700BF00780046064B1A6880
:10DBF800064B134003F47C1002F07F02104303F439
:10DC0800FE431843704700BF007800467F7F3F00FF
:10DC18002DE9FF470C46476871B9354B2046CDE9D9
:10DC2800011300910B46012232490AF0D1FE6FF030
:10DC3800150004B0BDE8F087EFF31189102383F3D2
:10DC48001288BFF36F8FDFF8B4A0DAF80C30DB0668
:10DC580006D489F31188BFF36F8F6FF03C00E8E7B3
:10DC6800FFF7AAFF0546FFF7C1FFDAF8081080465C
:10DC7800FFF7BCFF40450646F5D1FFF79DFFA842D8
:10DC8800EED189F31188BFF36F8FE8B20AF08EFEE8
:10DC980064306061C5F307200AF088FE013820610E
:10DCA800C5F307402D0E0AF081FE072D08BF002599
:10DCB800E060A561C6F307400AF078FEA060C6F3ED
:10DCC80007200AF073FE6060F0B20AF06FFE206071
:10DCD8007A680948511A0023A1FB00010132F3F7C1
:10DCE800BFF94FF0FF336062C4E907330020A0E7B3
:10DCF8007660030874C0010800CA9A3B00780046A1
:10DD08002DE9F0430446D0F80490066985B0544FD5
:10DD180038460BF0CEFD034668B9524A5249CDE960
:10DD28000102009001220AF053FE6FF01205284606
:10DD380005B0BDE8F083D7F80880D9F80810D8F8FE
:10DD4800003063B9494B0293002301221846CDE9FC
:10DD5800003345490AF03CFE6FF00405E7E7384612
:10DD6800984705460028EDD1F8F73CF9D9F808108E
:10DD7800CB68FF2B0CD0D8F8183008311BB9F8F74E
:10DD88004FF93B4BDFE72A46384698470028F6DB31
:10DD9800CA20384AD2F8F03043F40043C2F8F030D1
:10DDA8006768354CA1692269236960625320490676
:10DDB800606209D47968C2F30E028A4204D13A68D3
:10DDC800C3F3064393421CD02B480BF07FFC00287A
:10DDD80043D1A36923F04003A36123697A6823F43C
:10DDE800FF4323F07F031343236123693A6823F435
:10DDF800FE0343EA024323611F4AD36823F08003EA
:10DE0800D3601D4B9A6922F408029A619A6942F01C
:10DE180020029A61FF225A62F8F702F900220220D2
:10DE2800114609F01DF90220F9F78CFCEFF3118473
:10DE3800102383F31288BFF36F8F24220021301D33
:10DE48000DF062FA2422002106F128000DF05CFA98
:10DE580084F31188BFF36F8F69E76FF00405CBE790
:10DE68000CB701089424030874C001082C5803084F
:10DE78008C600308000C024600780046284A01F529
:10DE8800ED2303F5F46393422DE9F04142D8CB0228
:10DE98000029B4BFA3F56E2303F56E23214AB4BF4E
:10DEA800A3F2B26303F2B26393FBF2F3002BCBBF8E
:10DEB8004FF400470027C3F500765E4201F0F0F802
:10DEC8000446194DDFF86480EB68DB0318D4EC686E
:10DED80014F4803421D1F8F785F8CA236B625323F0
:10DEE8006B62AB6A374323F4014323F0FF033B43E0
:10DEF800AB62FF236B62F8F793F82046BDE8F08128
:10DF080001F0CEF8031B4345E1D200210A200CF0B2
:10DF180088F9D9E76FF01500F0E76FF00400EDE736
:10DF2800F9E20E0065CD1D00007800460024F400DB
:10DF38002DE9F0411A4E0546336D0469DA0713D509
:10DF4800F8F750F8CA237362532301277362FF233B
:10DF5800F7657362F8F764F8E36984F824701BB115
:10DF680000212846226A98470D4E336D9B0715D528
:10DF7800F8F738F8CA237362532373620223F365F0
:10DF8800FF237362F8F74CF80121236C84F84810DA
:10DF980023B12846626CBDE8F0411847BDE8F0811E
:10DFA800007800462DE9F0430E4617461C460569E1
:10DFB80087B0EFF31188102383F31288BFF36F8FB4
:10DFC80029BB0435002F4DD1002C67D114222146DE
:10DFD80028460DF099F9C5E9064485F82040F8F778
:10DFE80001F86EBB7C4B1A6DD0070ED5CA225A6257
:10DFF80053225A629A6922F480729A619A6922F4C9
:10E0080080529A61FF22744B5A6200249EE00129D3
:10E0180001D12835D6E7714B0391029300230122E1
:10E028001846CDE900336E490AF0D2FC6FF01504AA
:10E0380088F31188BFF36F8F204607B0BDE8F083DF
:10E04800012EE2D1644B1A6D9107DED5CA225A62BD
:10E0580053225A629A6922F400729A619A6922F4E8
:10E068000052CEE727F04F0363B15E4B01220293C3
:10E078000023CDE903671846CDE9003358490AF073
:10E08800A7FCD3E754B9584B0122CDE901432046F8
:10E098002346534900940AF09BFCC7E739462046BB
:10E0A800FFF7A6FB0028C1D00023FA072B606B609E
:10E0B8004FD520780AF083FC4C49A871BB0705D5D9
:10E0C80020790AF07CFC21F400416871780705D5B5
:10E0D800207A0AF074FC21F40001287117F040033B
:10E0E8003CD04FF08043EB60A069002834D0C0B228
:10E0F8000AF065FC21F000412874AF824FF0CA098C
:10E108005327354CA960F7F76DFFC4F82490676270
:10E118006EBBA3692A4623F48073A361A369012116
:10E1280023F48053A3612046EE600BF0E7F9002842
:10E1380044D02F4B01220293002329491846CDE9E8
:10E14800003303960AF044FC6FF08B04F7F768FF7E
:10E158006EE74FF08031B1E70720CBE73A07CCD51F
:10E16800EB60207B21F000410AF029FCC4E7012E76
:10E178001ED1A3692A4623F40073A361A36931461B
:10E1880023F40053A36100232046EB600BF02AFA26
:10E198000028CED1C4F824906762A36943F40073C1
:10E1A800A3610223E365A36943F40053A36129E74C
:10E1B8000023EB60C4F82490676223E7C4F8249036
:10E1C8006762A36943F48073A3610123E365A369CC
:10E1D80043F48053EAE700BF007800465060030824
:10E1E80074C00108A4600308CB6003080080808025
:10E1F800DE60030843681B6803F1080252E8002F39
:10E2080042F0010203F1080040E800210029F3D19F
:10E21800174A93421ED002F1805293421AD0154AEF
:10E22800934217D002F18052934213D0124A93427C
:10E2380010D002F1805293420CD0104A934209D078
:10E2480002F18052934205D00D4A934202D0B3F1B5
:10E25800502F03D15A6842F040025A6053E8002F09
:10E2680042F4807243E800210029F7D1704700BFCB
:10E27800003801400044004000480040004C004085
:10E288000050004043681B6803F1080252E8002F61
:10E2980022F0010203F1080040E800210029F3D12F
:10E2A800174A93421ED002F1805293421AD0154A5F
:10E2B800934217D002F18052934213D0124A9342EC
:10E2C80010D002F1805293420CD0104A934209D0E8
:10E2D80002F18052934205D00D4A934202D0B3F125
:10E2E800502F03D15A6822F040025A6053E8002F99
:10E2F80022F4807243E800210029F7D1704700BF5B
:10E30800003801400044004000480040004C0040F4
:10E31800005000400129034608461AD002290BD0B4
:10E32800C9B91B680D4A934217D002F180529B1A53
:10E3380018BF0123180370471868084B98420AD081
:10E3480003F18053984214BF4FF440504FF40050EB
:10E358007047002070474FF4005070470024004673
:10E3680070B500261D46094B6C0833F81220334659
:10E37800F2F776FE090241EA1061000220182A46E7
:10E38800334641F10001F2F76BFE70BDACE50108C0
:10E398002DE9F04302694368074610680C461D687A
:10E3A800D968836889B0DB6863B9334B012202936B
:10E3B800002332491846CDE900330AF0BAFB09B008
:10E3C800BDE8F08307AA98470028EEDB2C4B9D4256
:10E3D80003D003F180539D423FD10026DDF81C8015
:10E3E800DFF8A890234640460021B2B2FFF7B8FFF5
:10E3F800A0F54070484510D901360C2EF2D104948E
:10E408003B68012203931F4B1C49029300231846C3
:10E41800CDE900330AF08DFBD1E7EB6A23F00F0357
:10E428003343EB62002CCAD0174B404633F8162012
:10E4380000231946F2F714FE090241EA1061630845
:10E448000002C01822464FF0000341F10001F2F724
:10E4580007FEC0F31300E860B1E72B6823F400431C
:10E468002B60079B002CAAD003EB5403B3FBF4F3F7
:10E478009BB2EB60A3E700BF9E5C0308ACC0010839
:10E488000024004628610308ACE50108FFFC0F00E2
:10E498002DE9F84307460D7940683B69012D0E4682
:10E4A8000468D3F8048067D0AB1ED3F1000949EBA8
:10E4B80003094FEA89297179FFF72CFFB2790346DE
:10E4C800022A5CD0042A5ED0002D66D0033D012DBF
:10E4D8005BD94FF48050B3F5805F60D0B3F5405FEF
:10E4E8005FD0002B0CBF0123032399424DD149462D
:10E4F8000AF07EFA824248D1F37953B3012B52D104
:10E508002A4B9C4225D003F180539C4221D0284BB2
:10E518009C421ED003F180539C421AD0254B9C424A
:10E5280017D003F180539C4213D0234B9C4210D048
:10E5380003F180539C420CD0204B9C4209D0B4F18B
:10E54800502F06D01E4B9C4203D003F180539C42AF
:10E558001BD12368314623F00103384623600AF0B3
:10E56800DBFB236843F00103236096E8030088E897
:10E5780003000020BDE8F8834FF4C0699BE73DB96C
:10E588004FF08050A7E7002DA3D06FF08500F1E78A
:10E59800033D012DF9D900209DE728469BE700237C
:10E5A800A3E70223A1E7032BAAD0EEE70038014036
:10E5B8000044004000480040004C0040005000402B
:10E5C800002400462DE9F0410646476804696F4873
:10E5D80086B020600BF06DF9034668B96C4ACDE946
:10E5E80001326C49012200930AF0A3FA6FF0120479
:10E5F800204606B0BDE8F0812068F96883681B688A
:10E608000BB39847044600BB0021386A05AA0AF0F4
:10E6180057F9041EECDB059B002219791868FEF7F0
:10E628003DFE041EE4DB756833692C68D3F804806A
:10E63800236823F00103236068680BF03AF9034666
:10E6480080B9554ACBE76FF05704544B0122029327
:10E65800002350491846CDE900330AF06AFA002C25
:10E66800C6DBD1E7D5E901018368DB6803B19847C8
:10E6780054E8003F43F00C0344E80032002AF7D185
:10E68800414630460AF048FB2B7D1BB1A36843F096
:10E698000803A3606B7D1BB1636843F400436360A8
:10E6A800AB7D1BB1636843F480336360EB7D1BB1C2
:10E6B800636843F4003363602B7E002B51D0384BE2
:10E6C8009C4234D003F180539C4230D0354B9C425D
:10E6D8002DD003F180539C4229D0334B9C4226D045
:10E6E80003F180539C4222D0304B9C421FD003F14F
:10E6F80080539C421BD02E4B9C4218D0B4F1502F13
:10E7080015D02C4B9C4212D003F180539C420ED062
:10E71800336801220393284B1E49029300231846AD
:10E72800CDE900330AF005FA6FF0150460E7736865
:10E738001A68936843F48043936023686A7E23F0E1
:10E74800787343EA425323602368AA7E23F4F813BC
:10E7580043EA02432360EB7E1BB1A36843F4004302
:10E76800A3602B7F1BB1236843F000532360236809
:10E7780043F001032360E3699A02FCD5E3695B0275
:10E78800FCD530467B6A9847002431E70CB701086E
:10E7980094240308ACC00108045703083F61030828
:10E7A800003801400044004000480040004C004050
:10E7B80000500040002400465F61030810B504467D
:10E7C800406986B010F4787015D00C4B0490039310
:10E7D8000B4B0122029300230A491846CDE9003366
:10E7E8000AF063FC6FF0040063695B0642BFA3692B
:10E7F80043F04003A36106B010BD00BFB562030833
:10E80800F86103088CC001082DE9F0410546066946
:10E81800476888B0444C20460BF04BF8034668B96B
:10E82800424A4349CDE90102009001220AF03DFC29
:10E838006FF01204204608B0BDE8F081A368B969FA
:10E848001B6873B120469847041E0DDA394B012224
:10E858000293002336491846CDE900330AF025FC17
:10E86800E8E76FF05704F1E70021786807AA0AF093
:10E8780027F8041E07DB079B002219791868FEF7A2
:10E888000DFD041E0BDA2C4B0122029300232849AC
:10E898001846CDE9003303940AF007FCCAE7BB68C1
:10E8A800012728469847B568D6E9023203EBC20328
:10E8B8009D4204D330460AF02AFC0024BAE72868AF
:10E8C8000AF0F7FF034668B92A79194904922A68B9
:10E8D800126800900392194ACDE9010201220AF058
:10E8E800E4FBA5E728682979EB88D0F810C0DA0797
:10E8F800DCF8004054BF43F4B01383F4D01323F47E
:10E90800801207FA01FEDB07D0F808804CBF44EA02
:10E918000E0424EA0E04CCF80040D8F800309847DA
:10E92800041E87DB0835BFE70CB7010894240308E9
:10E938008CC00108036203081E6203083C620308D6
:10E948002DE9F04F9846436893B082460F469146AA
:10E9580006691D6806931AB9B8F1000F00F08482A1
:10E96800BB889A0400F113814FF0FF324FF0FF3358
:10E9780006F1100001F0BEFB77609DF87030DFF8FB
:10E9880000C586F84C301D9B0AAC73641E9BB364AB
:10E99800DAF81030DAF804B00793BCE80F000FC4B7
:10E9A8009CE80F0084E80F00079BDBF800401B6819
:10E9B8009F42BB8840F0F7801B0508D5B9F1000FCE
:10E9C80000F0EE804FF4C12120460AF046FABB88D9
:10E9D8004246C3F34513082B0CBF012302234946C3
:10E9E80030460AF05FFA2C68EB6804F4006403F41C
:10E9F800C0231C43069B1B7FEBB1BB88D8071AD4E6
:10EA0800002C40F0A481494638460AF02CFBB0F1AE
:10EA18000009C0F2D080414638460AF024FB00289D
:10EA2800C0F220828145B8BF81466B681B0C1B046D
:10EA380043EA09036B602B6843F001032B60EB6822
:10EA4800590200F19181DAF810703868002840F016
:10EA58009481069B1B7F1BB12B6943F008032B6134
:10EA68002B6943F020032B612B6943F040032B6192
:10EA78002B6943F080032B612B6943F480732B616E
:10EA88002B6943F400732B61B8F1000F03D02B6995
:10EA980043F001032B612B6906F1280743F00203B9
:10EAA8002B61D6F800C096F84C20BCF8043003F06F
:10EAB8000103002A00F06E81002B40F0B081B4F50C
:10EAC800C12F736E50D1069A1068002B45D1F26E93
:10EAD800002A42D032689288D40715D41C46D6F84A
:10EAE8005CC0644540F0A681C2F3022293FBF2F1B8
:10EAF80002FB1131002940F0B281B3FBF2F3416807
:10EB08000A0C1204134343604FF4C0210AF0A5F91C
:10EB1800036843F001030360C368590200F191815F
:10EB2800069B1B7F002B40F09581036943F020036F
:10EB38000361036943F040030361036943F0800301
:10EB48000361036943F480730361036943F4007349
:10EB58000361036943F0010303612C68EB6804F463
:10EB6800006403F4C0231C43736E002B99D1F36E29
:10EB7800002B96D1994633682BB19B889B0402D40D
:10EB880096F84C30BBB1484613B0BDE8F08FB36976
:10EB9800002B7FF4E9AE73689F427FF4E5AEECE6A4
:10EBA8004FF4C02110E7C3F34512082A0AD0102AEF
:10EBB80008D06FF085090023736006F1100001F09A
:10EBC8005FFAE0E7180448BFE368A84842BF23F4A7
:10EBD800601343F40023E3608368DBF81810DB68F4
:10EBE80063B9A34B012202930023A2491846CDE939
:10EBF80000330AF05AFA6FF00409DCE709AA9847CB
:10EC08000028EEDB0123099A396822FA03F08842CA
:10EC180014D90133092BF8D1130A0593964B5208DE
:10EC280002930023CDE9031218460122CDE90033EF
:10EC380090490AF03AFA6FF01509BCE7226812A960
:10EC480022F001022260A26801EB830353F8243CFE
:10EC580022F070421343A360BB88990703D4E3688A
:10EC680023F0007302E0E36843F00073E360BB88BD
:10EC780013F0040FE36814BF43F0807323F080732C
:10EC8800E360B98811F4006104D0B9F1000F52D0E3
:10EC98004FF4C12120460AF0E0F8BB8813F0100FAA
:10ECA800E36814BF43F4000323F40003E360A3689C
:10ECB80023F48003A360BA68BB88002A3ED0DA0731
:10ECC80006D4E368DB005EBF236843F48053236007
:10ECD800E36823F0105343F08063E360BB8813F0CC
:10ECE800010FE36814BF23F4800343F48003E36057
:10ECF800BB88C3F34513082BA36823F01F030CBF7D
:10ED080043F0070343F00F03A360E368DBF8102028
:10ED180023F00F031343E360E368DBF80C2023F0D0
:10ED2800F00343EA0213E360A36823F4F073A360DB
:10ED3800079B1F604BE64FF4C021ABE713F0010FB0
:10ED4800E36823F0105308BF43F00053C5E7B4F558
:10ED5800C12F0CBF4946414638460AF084F90028BD
:10ED68008146BFF662AE26E72B6843F400732B603A
:10ED78002B689A053FF567AEFAE78368002B3FF4E6
:10ED880068AE012108300AF0A0F93B6818690AF05A
:10ED980081FD5EE6B3BB1A46706D824224D1002223
:10EDA8001146D6F85CE0714525D1934238BF134629
:10EDB8004FF4FA525A43DCF80030B2FBF3F20A235C
:10EDC800C832A2FB0323384601F094F9F0B12B4B6B
:10EDD80001220293002327491846CDE900330AF09F
:10EDE80064F96FF07309E6E6316D01EBC201496819
:10EDF80001320B44D1E7B06D00EBC100406801312E
:10EE08000244D0E74FF0FF321346DCE73368D6F808
:10EE180040909B88DB0704D5B9F1000F05D1D6F8DF
:10EE28007090B9F1000F3FF44AAEB9F1000FFFF648
:10EE3800C2AEA0E6B16D01EBC401496801340B44D0
:10EE48004FE6036843F40073036003689A053FF5CF
:10EE580067AEFAE7036943F00803036165E62B68C8
:10EE6800EB68E8E68146A6E6C1468CE60CB70108E1
:10EE78002F5603088CC00108606203088F620308DC
:10EE8800A8D001084FF0E02310B50F499C691A6912
:10EE980008689B690D4902F4803234B993B9034676
:10EEA8004AB90A681044C01A10BD002B08BF0346AF
:10EEB8000AB9A342F5D90A6802440A604FF0E02271
:10EEC8001269EEE70446F3E72C1E0020281E0020F6
:10EED80010220A4B002083F823204FF47A52084B63
:10EEE8001A60084B43F67F6218604FF0E0235A61BE
:10EEF80098611A6942F007021A61704700ED00E054
:10EF08002C1E0020281E0020684620F007018D4690
:10EF180019B5FFF7B7FF1149114B0868D3E900424B
:10EF2800001942F10002C3E9000200230B604FF40C
:10EF38007A530C4AD2E90041001BB0FBF3F043437B
:10EF48001B1941F10001C2E9003102F0D3FAF8F7C8
:10EF580065F8BDE819408546704700BF281E0020A7
:10EF680050120020481200202DE9F041DFF8F0800F
:10EF780099B1421C0BD14FF0E022136923F0010331
:10EF880013614FF07F43C8F80030BDE8F081D8F82E
:10EF98000060012807DC00270BE0431CD8F800605C
:10EFA800F7D140F21740B0F5836FA8BF4FF48360E4
:10EFB800471EEFF31185102383F31288BFF36F8F79
:10EFC800FFF760FF4FF0E023214C9969D4E9002353
:10EFD80080184FF0000243F10003C4E900031D4B01
:10EFE8001A601D4B1A68831A2ED44FF47A5C0CFBF6
:10EFF800073303F579533F33B3FBFCF7131A0CFBC4
:10F008000733B3F5806F38BF4FF48063134A9342D8
:10F0180028BF13464FF0E022C8F80030013B906942
:10F028005361002381429361A1EB000338BF9B1910
:10F03800D4E900125B1842F10002C4E9003285F3FA
:10F048001188BFF36F8FA0E74FF48063E2E700BF3A
:10F0580050120020281E002048120020809DFF002A
:10F068002C1E002038B5EFF31185102383F3128886
:10F07800BFF36F8F084B1C68084B1B68E41AFFF737
:10F0880001FF85F31188BFF36F8F4FF47A53204443
:10F09800B0FBF3F038BD00BF50120020481200202A
:10F0A80038B5EFF31185102383F31288BFF36F8F00
:10F0B800044B1C68FFF7E6FE85F31188BFF36F8FDA
:10F0C800204438BD5012002010B5EFF311841023EE
:10F0D80083F31288BFF36F8FFFF7D4FE054AD2E996
:10F0E8000031C01841F1000184F31188BFF36F8F1C
:10F0F80010BD00BF50120020034A136823F07003AC
:10F1080003431360704700BF00740046034A136846
:10F1180023F0020303431360704700BF00740046E6
:10F1280038B50A4C236843F00103236007F0E6FC76
:10F13800054623681B0701D5002038BD07F0DEFC13
:10F14800401B0A28F5D90320F7E700BF00740046E2
:10F15800024A136823F001031360704700740046E5
:10F16800F8B504461546A1B95378CA2213F0100F12
:10F178000AD15323626263620AF0A8FA01282AD1ED
:10F188000120FF236362F8BD23F010030A336B707C
:10F19800EFE7CA234362532343620AF097FA012830
:10F1A800EED061681E4AAB780A4013432A7843EAD6
:10F1B8004233EA7843EA02436A7843EA0223636007
:10F1C800E36823F08003E360A3699B0626D4204606
:10F1D8000AF0A4FAD5E70A20AB786A78B3FBF0F610
:10F1E80000FB1633E97843EA061367682E780C4D5E
:10F1F800DBB23D4045EA46352B43B1FBF0F500FB59
:10F20800151141EA0511C9B243EA0143B2FBF0F115
:10F2180000FB112242EA0112D2B2CEE70020B0E789
:10F22800C00000FF524A036890426DD002F180523C
:10F23800904269D0B0F1804F66D0B0F1A04F63D052
:10F248004C4A904260D002F1805290425CD04A4AC7
:10F25800904211D002F18052904255D0474A9042D4
:10F268004AD002F18052904215D0454A904218D0B7
:10F2780002F18052904243D14A6823F0700313434D
:10F288003D4A904244D002F18052904240D03B4ADD
:10F2980090420AD13CE04A6823F070031343394A8C
:10F2A800F6E74A6823F070031343354A90422FD09B
:10F2B80002F1805290422BD0334A904228D002F17A
:10F2C8008052904224D0314A904221D002F180529B
:10F2D80090421DD02E4A90421AD002F1805290429C
:10F2E80016D003608B68C3620B888362436943F05E
:10F2F80001034361002070474A6823F070031343F9
:10F308001E4A9042CBD103E04A6823F070031343AE
:10F31800CA6823F44073134303608B68C3620B8885
:10F328008362134B98421FD003F1805398421BD03D
:10F33800134B984218D003F18053984214D0124BC3
:10F34800984211D003F1805398420DD00F4B984248
:10F358000AD003F18053984206D00D4B984203D04F
:10F3680003F180539842C1D10B690363BEE700BF24
:10F37800002C01400004004000080040000C004040
:10F3880000340140000C005000400140004401409E
:10F3980000480140B1F5805F30B500F05B810AD8C4
:10F3A800102900F0A680B1F5807F00F0F6800129D1
:10F3B8004DD0012030BDB1F5803F00F09F81B1F5FF
:10F3C800801FF6D1036A23F480130362036A016D78
:10F3D800146821F0807121F4E04141EA04241169A4
:10F3E80023F4001343EA0153516823F4801343EADA
:10F3F8000153934988421FD001F1805188421BD0A4
:10F408009049884218D001F18051884214D08E4921
:10F41800884211D001F1805188420DD08B49884231
:10F428000AD001F18051884206D08949884203D028
:10F4380001F18051884206D14168956921F4802103
:10F4480041EA852141600465D268C2644EE0036ADE
:10F4580023F001030362036A41688469156824F490
:10F46800803424F073042C43156923F002032B43E2
:10F47800556823F001032B43714DA8421FD005F1B5
:10F488008055A8421BD06F4DA84218D005F1805571
:10F49800A84214D06C4DA84211D005F18055A8425D
:10F4A8000DD06A4DA8420AD005F18055A84206D071
:10F4B800674DA84203D005F18055A84212D155697D
:10F4C80023F0080343EA8503956823F0040343EA1D
:10F4D8008503956921F480712943D56921F4007168
:10F4E80041EA450141608461D268426303620020B9
:10F4F80060E7036A23F010030362036A41688469C2
:10F50800156824F0807424F4E64444EA0524156957
:10F5180023F0200343EA0513556823F0100343EA58
:10F528000513474DA8421FD005F18055A8421BD0AE
:10F53800444DA84218D005F18055A84214D0424D38
:10F54800A84211D005F18055A8420DD03F4DA842E0
:10F558000AD005F18055A84206D03D4DA84203D0F7
:10F5680005F18055A84213D1556923F0800343EA79
:10F578008513956823F0400343EA8513956921F4C0
:10F58800806141EA8501D56921F4006141EAC5013C
:10F5980041608461D2688263A8E7036A23F48073B8
:10F5A8000362036A4168C469156824F4803424F04E
:10F5B80073042C43156923F4007343EA0523556843
:10F5C80023F4807343EA05231D4DA8421FD005F19B
:10F5D8008055A8421BD01B4DA84218D005F1805574
:10F5E800A84214D0184DA84211D005F18055A84260
:10F5F8000DD0164DA8420AD005F18055A84206D074
:10F60800134DA84203D005F18055A84213D155697E
:10F6180023F4006343EA8523956823F4806343EA6F
:10F628008523956921F4805141EA0511D56921F4B2
:10F63800005141EA45114160C461D268C26355E78F
:10F64800002C0140003401400040014000440140CA
:10F6580000480140036A23F480530362036A416847
:10F66800C469156824F0807424F4E64444EA052447
:10F67800156923F4005343EA0533556823F480538E
:10F6880043EA0533424DA8421FD005F18055A842F0
:10F698001BD0404DA84218D005F18055A84214D07F
:10F6A8003D4DA84211D005F18055A8420DD03B4DE3
:10F6B800A8420AD005F18055A84206D0384DA84284
:10F6C80003D005F18055A84213D1556923F40043AE
:10F6D80043EA8533956823F4804343EA8533956983
:10F6E80021F4804141EA8511D56921F4004141EABC
:10F6F800C5114160C461D2680264F7E6036A23F465
:10F7080080330362036A016D146821F4803121F0AB
:10F71800700141EA0405116923F4003343EA014307
:10F72800516823F4803343EA0144194B98421FD0AF
:10F7380003F1805398421BD0164B984218D003F11E
:10F748008053984214D0144B984211D003F180533F
:10F7580098420DD0114B98420AD003F18053984239
:10F7680006D00F4B984203D003F18053984206D13C
:10F778004168936921F4803141EA032141600565BC
:10F78800836CD2681B0D1B05134383640462AEE6C9
:10F79800002C014000340140004001400044014079
:10F7A80000480140A8B1304BDA6802F44032B2F5A3
:10F7B800403F10D12D4B984251D92D4B984250D9EA
:10F7C8002C4B984235D92C4B984216D92B4B984242
:10F7D80031D901207047DA6802F44032B2F5003FAF
:10F7E8000DD1274B98423AD9264B984239D9264B06
:10F7F80098421ED9254B9842EBD803201CE0DB68C1
:10F8080003F44033B3F5803F0AD1214B984226D9FF
:10F818001B4B984225D91F4B98420AD9194BEAE746
:10F828001D4B98421BD91D4B98421AD91C4B984224
:10F83800CFD8022000E004201A4A136823F00F03EF
:10F8480003431360136803F00F0398420EBF034687
:10F85800136803F00F03C01A18BF01207047002077
:10F86800EAE70120E8E700BF000802460048E8018F
:10F878000090D00300D8B8050020A10700688909C6
:10F8880040787D0180F0FA02C068780400E1F5054F
:10F8980020BCBE0060343C0200127A000024F40050
:10F8A80000366E0100200240014806F01EBF00BF6E
:10F8B8003D63030870B5044688B10378C3B10D4DA4
:10F8C8000D4EB54201D3002409E02968A14208D1B0
:10F8D800284609F0EEFF002814BF2C4600242046D5
:10F8E80070BD2046F1F7F2FB0028F1D02435E8E797
:10F8F8001C46F4E70CB7010840BC01081FB50446D4
:10F90800F6F792FC064B012202930023054918469C
:10F91800CDE9003309F0F0FF204609F0FDFF00BFF4
:10F928007663030864C001082DE9F041054686B0F6
:10F938000E46EFF31188102383F31288BFF36F8FFD
:10F948000024042898BF234B234A98BF53F820303B
:10F95800976888BF214B127C2149CDE90432214B9D
:10F9680003900293012223462046CDE9004409F082
:10F97800C3FF6EB1F369C3F308034BB11A4B0122FD
:10F98800CDE90143204623461549009409F0B4FF08
:10F998002FB138460AF07EFB08B1037803B9134843
:10F9A800134B012202930023CDE90370CDE9003304
:10F9B80018460B4909F0A0FF31462846FFF79EFF7D
:10F9C80088F31188BFF36F8F384606B0BDE8F04161
:10F9D800F7F732BE44DF0108301E002085630308B4
:10F9E80064C001089B630308C363030893630308A7
:10F9F800E463030838B50A4B53F82040013053F844
:10FA08002050A54200D838BD606830B1037FDB07BD
:10FA180001D409F08CFF0834F3E723689847FAE724
:10FA280058DF0108012270B52E4B032086B01A70EA
:10FA3800FFF7E0FFFFF738FF2B4C2C4DAC421AD1F3
:10FA48000420FFF7D7FF2A4C2A4D2646AE4204F180
:10FA5800300416D301F01AF9254C274EAC422CD3AA
:10FA680001F028F906F03DFA244A137B23F001033C
:10FA7800137306B070BD54F8043B002BE0D09847D0
:10FA8800DCE754F80C3C059354F8103C049354F804
:10FA9800143C039354F8183C029354F81C3C01930B
:10FAA80054F8203C009354E90A2354E90C0100F06F
:10FAB8001BFE54F8303C5E65C7E7D4E90A23B3F16E
:10FAC800FF3F08BFB2F1FF3F05D052EA03012068AB
:10FAD80003D101F0EBF93034C0E73146183001F0BA
:10FAE80079FCF8E700200020B4BF0108B4BF010882
:10FAF80040BC010840BC0108C1A1010860130020F6
:10FB080008B50348034A0021121A09F027FF08BD67
:10FB1800C0110020242000204FF4847370B5144EC7
:10FB280086B003FB0066134B012205930F23CDE932
:10FB380003320023CDE9013318234FF4A0720E4D90
:10FB48000E4903FB0055044602FB00110C4B3046DE
:10FB5800009500F0C9FD737B2C7423F004037373C4
:10FB6800084B013403EBC423EE606B6006B070BD34
:10FB78005812002046640308301E0020282804205C
:10FB88001F9B010828200420BFB50020FFF732FF83
:10FB9800274B83F308880025F023264C264F84F84A
:10FBA8002230E57725766576A57684F82050636A55
:10FBB80043F4E0236362F7F709FDF7F795FE4FF08A
:10FBC800FF33A362E362F6F709FB1C4800F022FE4C
:10FBD80009F06EFEF6F75AFA0120FFF70BFF022034
:10FBE800174CFFF707FF01F099F8164B01229C61AB
:10FBF800154B164905930E232046CDE90332CDE96E
:10FC080001553B464FF40042009500F06DFD064655
:10FC1800627B204622F0040262730AF08AFA2846C0
:10FC2800FFF77AFF3A4631462046F7F733FE00BF22
:10FC38002828042000ED00E02DFA00089015002087
:10FC480060130020301E00204E2503086829042078
:10FC580038B5064C064DAC4201D3002038BD2046CD
:10FC6800D4E9011209F0C9FE1834F4E75C11002048
:10FC78008C1100201FB5054CCDE9002302940A46DB
:10FC8800002109F078FE04B010BD00BFC16301086F
:10FC980030B5054B85B0DDE908450293CDE900454F
:10FCA80009F069FE05B030BDC7630108002038B50A
:10FCB800054C064DAC4200D338BD204609F0C4FEC1
:10FCC8000028F9DB2034F5E75C1100205C110020E6
:10FCD80070B50025094C0A4E00230122194620461A
:10FCE8000AF0E3F92146304601350AF003F90A2DF6
:10FCF80004F15004F0D1002070BD00BF68A90420B1
:10FD0800A01100202DE9F34104460E4600F1080831
:10FD1800EFF31187102181F31288BFF36F8F406AC8
:10FD28002169884239D22568AC4218D0BDB128462D
:10FD380009F0FCFE05F118000AF05FFC3146E268A4
:10FD480028690BF0BAFA00232846C5F8C0300AF033
:10FD5800F0F94046394600F055FF00202AE03146C8
:10FD6800E268206A0BF0A9FA236AE26810211344BA
:10FD7800A2692362934208BF636904F1280008BF9F
:10FD88002362636A013363620AF0D7FD0028E0D179
:10FD980087F31188BFF36F8F0CE052EA03010CD090
:10FDA8000749404689680E61CDE900233946224655
:10FDB80000F094FE02B0BDE8F0816FF02200E7E7A2
:10FDC800301E0020F7B50446084604F10807EFF393
:10FDD8001186102181F31288BFF36F8F616A0029A1
:10FDE8003AD0E268E1690BF068FAE369E2682568ED
:10FDF8001344A269E361934204BF6369E361636AE0
:10FE0800AC4203F1FF33636234D02846002D32D070
:10FE180009F08CFE05F118000AF0EFFBE268296989
:10FE2800206A0BF04AFA236AE26828461344A2695A
:10FE38002362934204BF63692362636A0133636286
:10FE48000024C5F8C0400AF074F93846314600F07D
:10FE5800D9FE204603B0F0BD52EA030110D00A498A
:10FE680089680861CDE9002331462246384600F00A
:10FE780035FEEFE7002086F31188BFF36F8FE9E7BF
:10FE88006FF02200F7E700BF301E00202DE9F34194
:10FE9800044617461E46EFF31188102383F3128891
:10FEA800BFF36F8FC368334A7BB18068916888421B
:10FEB80019D057EA060318D188F31188BFF36F8F5A
:10FEC8006FF00F0002B0BDE8F081916891F90E1053
:10FED8000133E36093682161A36088F31188BFF35D
:10FEE8006F8F0020EEE72169F2E791F90E1090F983
:10FEF8000E306FF07E029942A8BF19469142B8BFF2
:10FF080011468B422DDD09F0D3FE054622464146B7
:10FF1800CDE90076184800F0E1FD0028E1D0EFF3C4
:10FF28001186102383F31288BFF36F8FA068D0B1B6
:10FF3800236821699C420AD04BB193F90E3099424B
:10FF4800A8BF19466FF07E039942B8BF194609F059
:10FF5800AFFE40B13146084800F054FE6FF00A0089
:10FF6800B0E70025D2E7002DF4D186F31188BFF35E
:10FF78006F8FF3E7301E002001200020F8B583685A
:10FF88000546002B40D0234A926893423FD1C3686C
:10FF9800012B03D9013BC3600020F8BDEFF31187A3
:10FFA800102383F31288BFF36F8F0169806809F00B
:10FFB8007FFE2C68A54207D10023C5E9023387F3E9
:10FFC8001188BFF36F8FE7E7002CF5D0D4E9003232
:10FFD800002613605A60637BC4E9006623F00203BD
:10FFE8006373A66004F118000AF007FBAC6094F98B
:08FFF8000E3020462B61C4F815
:020000040801F1
:10000000C0600AF09AF83946054800F0FFFDC7E7DE
:100010006FF01500C5E74FF0FF30C2E7301E00203B
:100020000120002037B5EFF31185102181F31288EC
:10003000BFF36F8F04689CB12368426823F0030309
:100040009442036008BF43600121204609F0BFFECF
:10005000044685F31188BFF36F8F204603B030BD8F
:1000600052EA0301F5D0CDE90023294600F10C0244
:10007000083000F037FD0028EFD1024B9B681C6967
:10008000EBE700BF301E002070B5EFF311861023A0
:1000900083F31288BFF36F8F0468A0421BD0D4B1E2
:1000A000D4E90032002513605A60637BC4E900552F
:1000B00023F002036373A56004F118000AF0A1FAAB
:1000C0002046C4F8C0500AF038F83146BDE8704008
:1000D000094800F09BBDD0E902329A4218BF0133B3
:1000E0000221836010300AF02CFC0028EDD186F349
:1000F0001188BFF36F8F70BD0220002013B5EFF39E
:100100001181102484F31288BFF36F8F846844B187
:10011000013C846081F31188BFF36F8F002002B02F
:1001200010BD52EA030406D181F31188BFF36F8F2B
:100130006FF00F00F3E7CDE900230246014800F01D
:10014000D1FCECE7022000202DE9F8430546EFF34F
:100150001188102383F31288BFF36F8F00266FF08E
:100160000A0937462C68A54216D0ACB1D4E9003252
:1001700013605A60637BC4E9007723F00203637362
:10018000A76004F118000AF03CFA2046C4F8C090B9
:1001900009F0D3FF0126E5E700230221AB6005F15A
:1001A00010000AF0CEFB30B92EB988F31188BFF3E6
:1001B0006F8FBDE8F8834146BDE8F843014800F081
:1001C00025BD00BF0220002073B50C46EFF311815E
:1001D000102585F31288BFF36F8FD0E90365B54210
:1001E0000AD92B1F036155F8043C236081F3118861
:1001F000BFF36F8F002008E052EA030507D181F3B7
:100200001188BFF36F8F6FF00F0002B070BDCDE9A2
:1002100000230246083000F065FC10F10B0FF4D00B
:10022000024B9B681B692360E4E700BF301E00207F
:1002300007B5074B4FF48062009306494FF0FF3338
:10024000054800F013F9002003B05DF804FB00BF7F
:1002500070DF010888AC0420681400202DE9FF41FC
:10026000044610274E4EEFF3118887F31288BFF330
:100270006F8FD4F80C51F5B9022104F5927009F092
:100280007BFE002868D004F58E75002201212846E7
:100290000AF004F80028F8D100234FF0FF3202934F
:1002A0004FF0FF334146CDE900233E4804F58A7202
:1002B00000F002FFD7E7D4F810212B689542C4F86C
:1002C0000C3108BFC4F81031D4F8243143F00203D4
:1002D000C4F82431EB6823F0040343F00103EB601E
:1002E0006B6888F31188BFF36F8F28469847EFF348
:1002F000118887F31288BFF36F8FEB68D80623F05D
:10030000010236D4EA60EB689A0716D5306823F00C
:100310000203EB6088B10021036870B14268954226
:1003200035D1036869BB72683360824200D1736063
:10033000002340F8083BFFF7A7FED4F8243123F050
:100340000203C4F8243188F31188BFF36F8FDB05F3
:1003500089D400F02FFD86E7D4F82431D9069BD547
:10036000C4F8240188F31188BFF36F8F04B0BDE88F
:10037000F08123F01103EB6005F11000FFF784FE1C
:10038000C1E70B607368834208BF7160D0E723B197
:100390001A68014618461346BFE71A46F9E700BF38
:1003A000581E002003200020F8B5C36804469A07B1
:1003B0000F46C3F340062ED45B071CD40B680BB961
:1003C00083680B60E368DD0742BFA36802263B60D9
:1003D0003D6858BF0126002D3CD0204B9A68D5F8C7
:1003E00008319A420AD0D5F82431D807C3F38002E5
:1003F00014D46FF0120600233B6025E009F045FE9F
:10040000D5F824310028F0D1D907C3F3C002F0D5C4
:1004100052B15B0708D46FF00F06ECE7002AFAD15F
:10042000C3F3C003002BF6D100232360D5F81031AD
:1004300063B9C5E94344284609F0B8FDE36843F0D1
:100440000403E3603B68A3603046F8BD1C60C5F858
:100450001041F0E76FF01506CDE700BF301E002019
:100460000146014809F0E4BD68140020F0B50446D7
:10047000002089B0C4E943000E9D04F58A70C4E9E8
:10048000450004F58E70C4E9470055B3287900286B
:1004900040F2011008BF0120C4F8240100204FF0F1
:1004A000FF364FF0FF37CDE90330CDE90100CDE94C
:1004B000066720460C4B009400F084F955B129687A
:1004C00011B1204600F004F96B791BB1237B43F096
:1004D00001032373204600F0EDFCC4F8084109B085
:1004E000F0BD0120D8E700BF5D02010837B50190DB
:1004F0000846EFF31184102181F31288BFF36F8F48
:10050000C16811F01E0F16D153EA020508D101A9E6
:10051000FFF74AFF84F31188BFF36F8F03B030BD3C
:1005200041F00801C160019910308161034900F078
:1005300055FF0120EEE70020ECE700BFBD9F01085A
:1005400001460148FFF7D2BF68140020F7B50C46FA
:1005500016461D460190EFF31187102383F312888E
:10056000BFF36F8F084609F012FD55EA060309D163
:10057000204601A9FFF718FF87F31188BFF36F8F9B
:1005800003B0F0BDE368324643F00803E360019B2B
:100590000449A36204F110002B4600F01FFF012064
:1005A000EAE700BFBD9F010838B5EFF311851023BE
:1005B00083F31288BFF36F8F0468A04213D094B105
:1005C000204609F051FD04F118000AF01AF8002342
:1005D0002046C4F8C03009F0B0FD2946044800F0B8
:1005E00015FB002038BD85F31188BFF36F8FF8E746
:1005F000042000202DE9F0410546EFF31187102378
:1006000083F31288BFF36F8F0468A04222D00CB32B
:100610000026204609F028FD04F1180009F0F1FF3A
:10062000B0462046C4F8C08009F087FD2C6801362A
:10063000A54208D03CB1204609F016FD04F118008F
:1006400009F0DFFFEDE73946054800F0DFFA3046F4
:10065000BDE8F08187F31188BFF36F8F0026F6E7BE
:10066000042000202DE9F34105460C4617461E469E
:10067000EFF31188102383F31288BFF36F8F0846BE
:10068000FFF780FC2A464146CDE90076074800F096
:1006900029FA05464FF0FF324FF0FF332046FFF7AF
:1006A000F9FB284602B0BDE8F08100BF042000201D
:1006B000EFF305833BB9054B9B68D8897F288CBF36
:1006C0000020012070470020704700BF301E00202E
:1006D00010B5044608B9054B9C681F2204F1880038
:1006E0000AF000FB002084F8A70010BD301E002097
:1006F0002DE9F04F984685B000F15803C0E9163354
:10070000129B002503730423D61D26F007064373AE
:10071000119B01EB060A0F46C0E90655514685605C
:100720008373C5730446DDF838B0DDF84C90F6F7F6
:100730007BFA109B073020F00700C4E92A76C4F842
:10074000B00002930F9BAAEB0006CDE900B332463E
:10075000434639462046F7F75DF80F9BC4E91D8BE9
:10076000E367109B656584F87050C4F88030EFF340
:100770001183102282F31288BFF36F8F104F7A6AB1
:100780007C62C4F8842083F31188BFF36F8FB9F1C2
:10079000000F11D01F22494604F188000AF0A2FA86
:1007A00084F8A750BB680BB1D3F8B4303046C4F816
:1007B000B43005B0BDE8F08F84F88890F2E700BF50
:1007C000301E0020F0B5002587B00595109DDDE9AD
:1007D000127604950F9D044603950E9D02950D9D7E
:1007E00001950C9D0095FFF783FFB6F1FF3F08BF11
:1007F000B7F1FF3F05D056EA070305D1204600F0C8
:1008000059FB204607B0F0BD3A46334604F11800C4
:10081000014900F0E3FDF4E7C1A1010840F2011332
:100820008381002310B50446C0E92A3301F0C4F8DF
:10083000014B9C6010BD00BF301E00206FF00A010C
:10084000094A9368C3F8C0100849C3F8BC004B6854
:1008500043F080534B60002383F31188BFF36F8F05
:100860009368D3F8C0007047301E002000ED00E010
:1008700070B590F90D20437B002A36DBD90634D1C0
:100880001B4C63F07F032246437352F81C3F216ADE
:10089000934207D1C0E900210860206211E099422B
:1008A000F8D01B68002BF5D090F90E5093F90E602C
:1008B000B542F4D0AE42F2DD5968C0E900310860BB
:1008C0005860E569954200D005B9E568A3685A7B90
:1008D000D20604D1DA897F2A01D9AA6932B1AB42A2
:1008E00002D0284600F09CFCA56170BDA361FCE726
:1008F000301E002038B590F90D200146002A437BB8
:1009000004DA03F07F03437309F0DDFB0D4D2A4643
:1009100052F81C4FAB68944200D004B9EC688B428B
:1009200007D05A7BD20604D1DA897F2A01D9A2697D
:100930002AB1A34202D0204600F072FC2346AB61EC
:1009400038BD00BF301E0020B3F1FF3F08BFB2F139
:10095000FF3F03D00249183000F040BD704700BF90
:10096000C1A1010870B590F90D200146002A437B12
:1009700004DA03F07F03437309F0A5FB1C4C4B7BA7
:10098000224663F07F034B7352F81C3F206A934268
:1009900007D1C1E900200160216211E09842F8D03E
:1009A0001B68002BF5D091F90E5093F90E60B542FB
:1009B000F4D0AE42F2DD5868C1E900300160596000
:1009C000E569A368954200D005B9E5688B4207D078
:1009D0005A7BD20604D1DA897F2A01D9AA692AB1C1
:1009E000AB4202D0284600F01BFC2B46A36170BD31
:1009F000301E0020F8B5394C0746A268824224D147
:100A0000EFF305830BBBEFF31186102383F31288FA
:100A1000BFF36F8F537B03F07F0343F010035373D7
:100A200009F051FB234653F81C5F9D4200D005B9E5
:100A3000E568A3689D4202D0284600F0F1FB3046ED
:100A4000A561BDE8F840FFF7F9BEEFF3118510236B
:100A500083F31288BFF36F8F7B7BD90604D585F3B0
:100A60001188BFF36F8FF8BDD90943F0100219D177
:100A70007A73E6691A4B9E4200D006B9E668A3680D
:100A8000B34202D0304600F0CBFBA368A6619F4280
:100A9000E5D1EFF30583002BE1D13A7BD2070AD4ED
:100AA0002846CEE703F07F0343F0100338467B73FC
:100AB00009F009FBDDE785F31188BFF36F8F83F33E
:100AC0001188BFF36F8F0423184602DFEFF3118004
:100AD000102383F31288BFF36F8FB2E7301E00201C
:100AE0004C1E0020F8B5DDE906670D4B0C469868F2
:100AF00011460C4A1060EFF31182102282F3128823
:100B0000BFF36F8F9D68284609F0EFFA28463246FA
:100B10003B46FFF719FF2046BDE8F840FFF78EBEC1
:100B2000301E0020601E0020F8B50446EFF3118748
:100B3000102383F31288BFF36F8F437B49B203F016
:100B40001F02002A0CBF0126002639D103F07F03C3
:100B50002D4D437309F0B7FA2A46437B817363F046
:100B60007F03437352F81C3F934227D1286AC4E99C
:100B7000002004602C620FE09842F8D01B68002B24
:100B8000F5D093F90EC06145F6D08C45F4DD596877
:100B9000C4E900310C605C60EC69944200D004B997
:100BA000EC68AB689C4202D0204600F039FBAC6197
:100BB00087F31188BFF36F8F3046F8BD286ADEE7F0
:100BC0009B071ED5856809F07EFA81732B689D42CC
:100BD00009D16B68C4E900531C606C60E8E76A687F
:100BE0009342F6D01B68002BF3D093F90E2091426C
:100BF000F5D08A42F3DD5A68C4E9003214605C60C3
:100C0000D6E78173D4E700BF301E002049B9EFF367
:100C1000058030B9054B9A699B689A4201D0FFF76D
:100C20000DBE81F31188BFF36F8F7047301E002017
:100C300010B5EFF31184102282F31288BFF36F8F87
:100C4000427BD10604D484F31188BFF36F8F10BDAB
:100C500022F010024273FFF70BFE2146BDE8104060
:100C60000148FFF7D3BF00BF05200020034648B965
:100C7000EFF3058232B9064A91699268914201D038
:100C8000FFF7DCBD83F31188BFF36F8F704700BFA0
:100C9000301E0020EFF31181102383F31288BFF37D
:100CA0006F8F054B9A68D37B013BD37381F3118817
:100CB000BFF36F8F704700BF301E002070B5EFF399
:100CC0001186102383F31288BFF36F8F144DAB6826
:100CD000DA7B0132DA732A4652F81C4F944200D074
:100CE00004B9EC685A7BD20604D1DA897F2A01D98B
:100CF000A2692AB1A34202D0204600F091FA23460D
:100D0000AB6186F31188BFF36F8FEFF3118010236F
:100D100083F31288BFF36F8FBDE87040FFF7A6BF63
:100D2000301E0020024B03F11C02C3E9072270476A
:100D3000301E002008B5FFF7F7FE70B1074B9B6827
:100D4000DB7B53B9EFF31180102383F31288BFF3D9
:100D50006F8FBDE80840FFF789BF08BD301E002037
:100D600070B5EFF31186102383F31288BFF36F8FF2
:100D70000E4D2B4653F81C4F9C4200D004B9EC6832
:100D8000AB685A7BD20604D1DA897F2A01D9A269DD
:100D90002AB1A34202D0204600F042FA2346AB61BA
:100DA0003146BDE870400248FFF730BF301E0020DA
:100DB0000520002070B5EFF31186102383F312880D
:100DC000BFF36F8F1B4CA168206A0B68814214BF70
:100DD0001A46002249680B605960A368216A2AB943
:100DE000154AC3E900210B6023620CE093F90E0061
:100DF00092F90E50A84218D0854216DD5168C3E919
:100E000000210B605360E5690B4B9D4200D005B992
:100E1000E568A3689D4202D0284600F001FAA5616A
:100E20003046BDE87040FFF709BD8A42D8D012684D
:100E3000D5E700BF301E00204C1E0020F8B550EA58
:100E4000010306460C4603D1FFF7B4FF0020F8BDAE
:100E5000EFF31187102383F31288BFF36F8F124DC6
:100E6000124BA8681860FFF745FDA8682346324674
:100E70000F49183000F0B2FAAA680446537B38468E
:100E800043F004035373FFF7D9FCAB68D3E90A239B
:100E9000B3F1004F08BF002AD8D109F0DAFB201ABD
:100EA00020EAE070D3E700BF301E0020601E002063
:100EB000C1A1010838B50446EFF31185102383F36F
:100EC0001288BFF36F8F437B5B070FD5183009F093
:100ED00098FB637B204623F004036373FFF7C8FC91
:100EE0002946BDE838400448FFF790BE85F31188D5
:100EF000BFF36F8F38BD00BF05200020014B9868FD
:100F0000704700BF301E00202DE9F8430446077BE0
:100F1000EFF31185102383F31288BFF36F8F437BA8
:100F2000190705D585F31188BFF36F8FBDE8F883E6
:100F3000D90943F0080260D14273A36813B1204677
:100F400009F0C9F804F1180009F05BFBA66D04F183
:100F50005808B04511D04FF0000976B1304609F07D
:100F6000BAF806F1180009F04CFB3046C6F8C090FC
:100F7000FFF77EFCA66DB045EFD1DFF8CC80D8F846
:100F800008309C4241D1EFF30589B9F1000918BF3F
:100F90004FF00109D8F81C60294A964200D00EB9DA
:100FA000D8F80C60B34202D0304600F039F9204640
:100FB000C8F81860F6F74EFC204600F089F9B9F140
:100FC000000F02D01F48FFF729FCD8F808309C42D8
:100FD00031D1EFF3058373BB227BD20718D42846A7
:100FE000FFF72CFCFB07A1D5002383F31188BFF387
:100FF0006F8F0423184602DF98E703F07F0343F066
:101000000803437309F05FF897E74FF00009C1E761
:1010100085F31188BFF36F8F83F31188BFF36F8F50
:101020000423184602DFEFF31180102383F31288A4
:10103000BFF36F8FD4E785F31188BFF36F8FD1E7CC
:101040004C1E002090150020301E0020F8B50146EF
:1010500015461C46EFF31186102383F31288BFF365
:101060006F8F437B1B0718D452EA04031BD0114F28
:10107000B86888421AD08A6800F158039A4215D09D
:10108000583109F032F8B8682A462346FFF75CFC6D
:101090003046BDE8F840FFF7D1BB002086F3118849
:1010A000BFF36F8FF8BD6FF00F00F7E76FF02C0004
:1010B000F4E700BF301E0020D3B5DDE90667089CC9
:1010C000CDE90067FFF70EFD1CB1034B9B681B6960
:1010D000236002B0D0BD00BF301E00202DE9F04DCE
:1010E00000248CB0CDE9091205461646DDE914232B
:1010F00004A80F460B9409F0B2FADDE904ABEFF354
:101100001183102282F31288BFF36F8F089395F832
:101110002C308DF81F409A0749D405F104082A8A1B
:101120002B899B1A6A699BB29A4205D105F124006A
:1011300009F032F98DF81F000B994046721A3944B4
:1011400005F09CFC0B9BC418B4420B940CD13446A4
:101150009DF81F3073B3089905F11800FFF756FD8D
:1011600020460CB0BDE8F08D95F82C30DB0704D498
:10117000002C08BF6FF01F04EAE7114B09AA9B6817
:1011800029461A610DF11F03CDE900AB029308AAAD
:1011900005F11C0009F0C7F804460028BFD010F183
:1011A0000B0FD5D10B9B002B18BF1C46D0E76FF05F
:1011B0008B04CDE7089B83F31188BFF36F8FCFE7D4
:1011C000301E00200122044BC01A044BC0105843AB
:1011D000034B1A54704700BF98160020ABAAAAAA66
:1011E00006200020C3897F2B12D80A4B1B6863B1ED
:1011F000094B90F90E201B689A4209DB437BDB0602
:1012000006D1064BC31A18BF012303F00100704733
:101210000023FAE71C030020641E0020581200205F
:1012200070B50E4B0E4C1E7C054606EB460304EBD8
:10123000C304204609F0E5F900220A4B28469A55D6
:10124000FFF7D0FF48B1084B2046BDE870401A6850
:101250000649013AD31700F0C1B870BD301E002016
:1012600098160020062000201C030020C51101084C
:1012700038B5EFF31185102383F31288BFF36F8F16
:10128000104B114A9C681068A04206D1FFF7C8FFB6
:1012900085F31188BFF36F8F38BD00211B7C11606F
:1012A0000A4AD35C002BF3D02046FFF79BFF0028AF
:1012B000EED0637BDB0602D12046FFF753FB2046CE
:1012C000E4E700BF301E0020601E00200620002042
:1012D000EFF31181102383F31288BFF36F8F0C4A51
:1012E000536A834208D1D3F88430536281F3118862
:1012F000BFF36F8F70471346002BF7D0D3F88420CD
:101300008242F8D1D0F88420C3F88420EEE700BFF1
:10131000301E0020F8B505460E46EFF31187102366
:1013200083F31288BFF36F8F064B5C6A24B987F38F
:101330001188BFF36F8FF8BD20463146A847D4F817
:101340008440F3E7301E0020074808B5074A0849E3
:10135000121A08F009FBBDE808400648064A07498A
:10136000121A08F001BB00BF00000020BC110020D1
:101370006465030800000020000000206465030885
:10138000024B1868984208BF0020704720030020D5
:10139000034B1B680BB9FDF769BE0020704700BF07
:1013A000681E002030B570B10B4B5B6898420AD0C4
:1013B000036843B1D3E90421D0E90445121941EB94
:1013C0000501C3E90421D0E9003213605A6000230B
:1013D000C0E9003330BD00BF20030020B3F1FF3F60
:1013E00008BFB2F1FF3F2DE9F84F04469946154674
:1013F0001F467AD08160EFF31188102383F312889F
:10140000BFF36F8FB9F1000FDFF8E8A020DBFFF723
:10141000BFFFDAE90027013549F100092D1849EB32
:10142000E07306464FF00109C4E90453AD1843EBDD
:101430000707FFF7A5FF0346DFF8BCE0DEF804A0CE
:10144000EBB9C4E900EACAF80040CEF8044028E04D
:101450006FF00103DAE900125B1A4FF0FF3161EB24
:1014600002025B1B62EB0902012B72F10001BCBF9F
:10147000012300224FF00009C0E90432D9E7D3E983
:10148000041CD4E904208A4270EB0C0B24DA891A7C
:101490005A686CEB0000C3E90410C4E90032146020
:1014A0005C60FFF76DFF84420ED1114B1B685BB986
:1014B000B9F1000F02D1FFF76BFF0646304609F085
:1014C00089F80021FDF754FD88F31188BFF36F8F71
:1014D00028463946BDE8F88F521A60EB0C009A4551
:1014E000C4E90420ADD01B68AAE700252F46EFE72A
:1014F000681E0020B0160020200300202DE9F047D0
:10150000EFF31185102383F31288BFF36F8F254FFC
:101510004FF0000838604FF00009FFF731FF224E0E
:101520003B68D6E9001E4FEAE37C50B1D0E90442A3
:10153000A3427CEB020A19DAE41A62EB0C02C0E95E
:10154000044200245B184EEB0C022046C6E9003230
:101550003C6009F03FF82146FDF70AFD85F311884C
:10156000BFF36F8FBDE8F047FFF782BE61184EEB07
:10157000E473C0E90489C6E90013FFF713FF85F39C
:101580001188BFF36F8F83689847EFF3118510239D
:1015900083F31288BFF36F8F3B681B1B3B60FFF721
:1015A000EFFEBDE7681E0020B016002010B5EFF377
:1015B0001184102383F31288BFF36F8FFFF7E8FEC7
:1015C0000346054AD2E90001181841EBE37184F3A0
:1015D0001188BFF36F8F10BDB0160020F8B5054617
:1015E000EFF31187102383F31288BFF36F8F036823
:1015F00023B187F31188BFF36F8FF8BDD0E90A4696
:10160000611C46F10002022972F1000236D3012C5E
:1016100076F10002BCBF01241E46013C46F1FF36B4
:1016200009F01BF8013041F10001001946EB0101FE
:10163000012871F1000130DB09F00FF86FF00203AF
:10164000013041F10001001946EB010183426FF0C6
:1016500000438B4126DB09F000F8013041F1000125
:101660006FF00102001946EB01034FF0FF31121A2F
:1016700061EB030328461C49FFF7B0FE2B6B0133D7
:101680002B632B6A93B93C462B4653F8185F9D4257
:1016900000D0D5B984F31188ADE76FF001024FF0A7
:1016A000FF33E7E700224FF00043E3E787F31188B9
:1016B000BFF36F8F28462B6A9847EFF311841023EE
:1016C00083F31288BFF36F8FDEE7284608F044FDEE
:1016D0000023C5F8C03084F31188BFF36F8F28460C
:1016E000BDE8F84008F029BDDD1501082DE9F041FD
:1016F00005461C4690461F46EFF31186102383F3E0
:101700001288BFF36F8FB4F1FF3F08BFB2F1FF3F04
:1017100005D186F31188BFF36F8FBDE8F081002CEF
:1017200009DB012A74F10003BCBF0122002412F17D
:10173000FF3844F1FF37284608F063FFDDE9062350
:10174000C5E90A23002342462B6328463B4602494B
:10175000FFF744FEDDE700BFDD15010837B504469D
:10176000EFF31181102585F31288BFF36F8F006BA3
:1017700098B923688BB14FF0FF334FF0FF320B481D
:10178000CDE9002304F11802FFF7ACF9EFF3118162
:1017900085F31288BFF36F8F206B0023236381F3DF
:1017A0001188BFF36F8F03B030BD00BF072000204A
:1017B0001423F0B50024102703FB0100134E01B9D8
:1017C000F0BD10F8073CA0F1140C03F03F03102B00
:1017D00040F80C4C0CD826FA03F3DB0708D550F878
:1017E000143C2BB150F8105C2B605D6040E905445F
:1017F00082F31188BFF36F8FEFF3118287F31288A2
:10180000BFF36F8F60460139D9E700BF16010100B1
:101810002DE9F74F1D46274B16469F68012387F891
:10182000603087F8613052EA05030CBF01230023C2
:1018300007F16002804608F0BAFF8146EFF3118B92
:101840004FF0100A8AF31288BFF36F8F97F8604049
:101850004CB901465A464046FFF7AAFF8BF3118860
:10186000BFF36F8F0BE0002387F8603056EA050363
:1018700009D18BF31188BFF36F8F6FF00A042046F4
:1018800003B0BDE8F08F5946CDE900650A4A0B4820
:10189000FFF728F90446EFF311858AF31288BFF3A6
:1018A0006F8F2A4649464046FFF782FF85F311882D
:1018B000D6E700BF301E00202803002008200020AB
:1018C00038B50346EFF31185102282F31288BFF377
:1018D0006F8FC160012181600068834206D185F36A
:1018E0001188BFF36F8F0024204638BDD0E9003245
:1018F00013605A600023C0E9003308F0DFFF294677
:1019000004460248FFF782F9EEE700BF08200020F6
:101910002DE9F743002600F10C080096EFF311893A
:10192000102484F31288BFF36F8F8568694005EA3D
:1019300002070A4055400C496A468560019508F047
:10194000D0FC009C44B12046C4F8C060A5660021CC
:10195000646E08F012FCF5E740464946FFF756F979
:10196000384603B0BDE8F0831DAA01082DE9F04117
:1019700005460E46174608F088FB30B9074B9B68B2
:10198000D3F8B44014B9BDE8F081054C3B4632466B
:1019900029462046BDE8F04109F074B8301E002009
:1019A0005C11002002460021014B024809F06AB890
:1019B000C16301085C110020014BC0F8B4307047CE
:1019C0005C110020014AFFF7D1BF00BFC7630108C7
:1019D0000146024A0020FFF7C9BF00BFC1630108EA
:1019E000B0F5806F37B504460D4603D96B070ED5A9
:1019F00000200AE001210A4801AA04F048FF00285B
:101A0000F4DB019B074800EB832003B030BD0820C6
:101A1000E11D21F0070103B0BDE83040FFF7D2BF60
:101A20003003002088300520002330B587B0CDE991
:101A30000430044604A91E48FFF76CFC049A8AB1DE
:101A4000537B13F009030DD103921A4A1846CDE9CE
:101A5000013219490122009309F03AF86FF00F00A2
:101A600007B030BDF4B1154A94421BD302F50063B0
:101A70009C4217D2A21AC2F309059DB90121104850
:101A8000921204F056FF80B10E4B2846CDE9015367
:101A900001222B4608490394009509F019F86FF0CC
:101AA0001500DDE7204609F005F80020D8E700BF63
:101AB000C3AA01089D64030864C00108883005209A
:101AC00030030020AF64030870B50A4C09F058FDDC
:101AD000094A2358051909496E685A4301FB062231
:101AE000A3FB0131013342EB010223506A6022F073
:101AF000004070BD080000002DF451582D7F954C1A
:101B0000054B014600B509F03BFDC21819500023F2
:101B100053605DF804FB00BF0800000008B5054BEA
:101B2000044613B1002100F02BF803F073FC2046AB
:101B3000F5F71EFF811B01082DE9F0410E4C06460A
:101B40000E4890460F4605F0C4FA00232246A568C9
:101B50005DB90C214B43D118D750C1E90186074824
:101B600005F0BDFA2846BDE8F08101330C34202B86
:101B7000EDD14FF0FF35F2E7701E00208C110020F0
:101B80002DE9F8430646DFF864800027404605F05B
:101B9000A0FA154A1F231146D2F87C418CB10C22C1
:101BA0005343CA18CD58D2F80490CF50C2E90177F8
:101BB000404605F094FA032CE8D8DFE804F0120957
:101BC0000D0F013B0C3A581CE6D12546A146EFE724
:101BD00049463046A847D9E7A847D7E74846A84727
:101BE000D4E7BDE8F88300BF701E00208C110020F0
:101BF00010B5054A0446012309F0C2FC0244204600
:101C0000BDE8104009F0B6B81800000003460549C9
:101C100000B509F0B5FC5DF804EB0144184600F08E
:101C200003B800BF1C000000F8B54D4A0C46002365
:101C30004C4DD0E90001EFF7C7F9002A4FF461617C
:101C400000F52F20B7BF02F5A83200F66C2000F691
:101C50006B2002F5C072B2FBF1F301FB13223C21B1
:101C6000A360B2FBF1F301FB13226360C31C22608B
:101C7000072293FBF2F2C2EBC2029B1A52D5073342
:101C8000A361A0F50E33A3F52C7393FBF5F5364B4A
:101C900048F6AC6140F2B45740F26D1603FB050004
:101CA0004FF0050CB0FBF1F1B0FBF7F30144C91A9A
:101CB0002E4BB0FBF3F3C91A48F69463B1FBF3F370
:101CC000B1FBF6F2B1FBF7F103445B1A992106FB75
:101CD000123303EB83005E1C0230B0FBF1F7794353
:101CE0000231B1FBFCF1761A40F2F95188424FF40F
:101CF000C8708CBF6FF00901022100FB0525394433
:101D0000012998BF0135B3F5997F11D3A3F59973D4
:101D1000A5F26C75E36100232046E6602362C4E906
:101D20000415F8BD0028A361ABDB90FBF5F5AEE729
:101D3000970710D14FF0640C92FBFCF70CFB1727B0
:101D40005FB992FBF0F700FB1722B2FA82F2520958
:101D50003B331344DCE70022FAE70122F8E700BF37
:101D600080510100B13A02004FC5FDFFB03A0200B8
:101D7000F7B5016804463B2911D93C22684609F0B1
:101D8000CFFA019A63680099002A0B44B4BF3C3231
:101D900022606360BEBF03F1FF332260636061684D
:101DA0003B2911D93C22684609F0BAFA019AA36886
:101DB0000099002A0B44B4BF3C326260A360BEBFEE
:101DC00003F1FF336260A360A168172911D91822BB
:101DD000684609F0A5FA019AE3680099002A0B44C5
:101DE000B4BF1832A260E360BEBF03F1FF33A2604C
:101DF000E36021690B2911D90C22684609F090FA99
:101E0000019A63690099002A0B44B4BF0C32226125
:101E10006361BEBF03F1FF3322616361606900F259
:101E20006C7008F0CFFFE368002814BF1D211C214F
:101E3000002B06DC0B26214FE568002D0DDD03B0DD
:101E4000F0BD1E4D0226D4E90332012A1ED199426B
:101E5000F5DA5B1AC4E90336F5E72369013B236130
:101E600001330BD16069431E00F26B70C4E9046357
:101E700008F0A8FF00280CBF1C211D212369012B9D
:101E800014BFFB5C0B462B44E360D5E7A85C8342A0
:101E9000D5DD01321B1A0C2AE3602261D3D16069BF
:101EA000431C00F26D7063610023236108F08AFF18
:101EB00000280CBF1C211D21C5E700BFCA64030810
:101EC0002DE9F04106468846FFF752FF3C2277692C
:101ED000D6E9005302FB0355B3684FF4616202FB7D
:101EE0000355284AD6E90343013C32F91320012B5C
:101EF000144405DD07F26C7008F064FF00B1013492
:101F000007F51C5344F62062F4611033934235D830
:101F1000462F18DD462140F26D1601F26C7001313A
:101F200008F050FF00280CBF33464FF4B7738F42C0
:101F30001C44F2D1E917144B2846C8F80040C4FBF2
:101F40000301BDE8F081F5D0452140F26D1607E0B0
:101F5000002801F1FF310CBF33464FF4B773E41A88
:101F600001F26C7008F02EFF8F42F1DB002840F286
:101F70006D1318BF4FF4B773E41ADBE74FF0FF306F
:101F80000146DEE7C4E50108805101002DE9F04F6C
:101F900085B0054603A9FFF793FFB1F1FF3F08BFE6
:101FA000B0F1FF3F04460E4667D0D5F8149003F019
:101FB00085FA8046554805F08CF800F067F9544BD7
:101FC0001B68002B00F09B806869D8F8043000F291
:101FD0006C702F6A834232D1D8F850C0D8E9081209
:101FE0004FEAEC73B1EB0C010193D8F8283062EBA7
:101FF000EC72D8E9120EB0EB030B6EEBE37A5C45A2
:1020000076EB0A0A3EDAD8F8000018B18C4276EB7B
:10201000020244DBE7B9A3EB0C0A01272B68284630
:10202000D5F80CB053442B60FFF7A2FEEA68B2EB80
:102030000B023AD11AEB040446EBEA7606E000F014
:1020400069F80028C8D1012FA8BF0127012F57D157
:10205000D8F8503001271C1946EBE3762B4805F0E1
:102060003EF8039B07222F62043393FBF2F2C2EB8C
:10207000C2029B1A48BF0733AB612046314605B008
:10208000BDE8F08FB0EB0C0A01986EEB000E5445E2
:1020900076EB0E0ED7DBD8F800000028B6D0002F64
:1020A0002DDDACEB030A0027B8E7012A14DC931CF2
:1020B000D8BF0122039B13440393EB69D1180ED5BB
:1020C00009F26B7008F07EFE002840F26D1308BF25
:1020D0004FF4B673EB61ADE74FF0FF32EAE709F278
:1020E0006C7008F06FFE002840F26D1318BF4FF4BB
:1020F000B773994201DAE9619CE7CB1AEAE7002756
:10210000D8F828301C1946EBE376A7E78C1100209D
:10211000F41F00202DE9F047044603F0CFF940F208
:10212000B1739C4240F3AC806FF4F662A4F2B273D8
:102130006FF4C86500F15007A11840F26D12514EBE
:102140008910446002FB03116FF06302A4F26D7307
:1021500093FBF2F34FF4C87219446319B3FBF2F323
:1021600002461944137A55694A2B3CD114F0030FE7
:1021700001EB050334D14FF0640E94FBFEFC0EFB23
:102180001C4CBCF1000F08D14FF4C87894FBF8FE4A
:1021900008FB1E4EBEF1000F05D13B2DD4BF4FF002
:1021A000000C4FF0010C6344013B95694FEAE57C5C
:1021B000C3FB065C936AED184CEBE373C2E908536A
:1021C00028329742CED1D0E90843D0E912128C428E
:1021D0009341B4BF0123002303600120BDE8F087D1
:1021E0004FF0000CDFE7442B01D14B19DDE7A307CB
:1021F0003DD14FF0640C94FBFCF30CFB1343C3BBC9
:102200004FF4C87C94FBFCF30CFB1343B3FA83F349
:102210005B094FF00C0CDFF87080D2F80C900CFBCF
:1022200003880B4608F1FF3C9CF801E00CF1010A21
:102230000CF1020CACEB080CE1451CDC03F10408CA
:102240004FF0070C98FBFCFCCCEBCC0CA8EB0C0C77
:10225000B5EB0C0C156905F1FF3548BF0CF1070C07
:10226000C5EBC5056544754508DA2B449DE7002399
:10227000CFE70123CDE77344D446D5E7073DF2E726
:102280000020ABE780510100CA6403082DE9F04F3C
:102290008DB0DFF808A303F011F90446B34809F044
:1022A00047F8B34F0546D8B9B24BCAF800001860DA
:1022B000B14BC7E900334A2100220023A5622172F5
:1022C00084F830102565C4E90355C4E90555C4E90F
:1022D0000823C4E90D55C4E90F55C4E912238AE067
:1022E0000023A44A002000211360A44ACAF8003049
:1022F000A3622365C7E900224A22C4E9033322729C
:1023000084F83020C4E90533C4E90801C4E90D3379
:10231000C4E90F33C4E912012B783A2B08BF013509
:102320002B783C2B5BD16E1C0AAB954A9549304605
:1023300000F01EFA00285EDD0A9BDA1E072A5AD832
:10234000F35C3E2B57D102350A9B05EB0308EB5C8F
:102350002D2B53D108F101084FF0FF39002308ADB0
:1023600007AA8949ADF81E304046ADF820300AABC7
:102370000393CDE901350DF11E0300930AAB00F084
:10238000F7F9002837DDBDF81E303C22BDF820608B
:1023900002FB0366BDF81C304FF4616202FB03666A
:1023A0000A9B09FB06F608EB030918F803303C2BDF
:1023B00040F0F68009F101080AAB744A71494046C1
:1023C00000F0D6F9002820DC99F801303E2B1CD112
:1023D0006B4BA662CAF80060C7E900330BE00AAB9A
:1023E000674A6B49284600F0C3F9002803DD0A9BC1
:1023F000033B072BA8D90DB0BDE8F08F2B2B4FF076
:10240000010908BF08F10108A8E70A9BDA1E072A9C
:10241000F1D818F803303E2BEDD109F102090A9BDF
:1024200009EB030819F803302D2B40F0C88008F1A0
:1024300001084FF0FF39002307AA53494046ADF881
:102440001C30ADF81E30ADF820300A930AABCDE950
:10245000025301930DF11E0300930AAB00F088F9BB
:10246000002800F3B380A6F5616304934FF0000BDE
:102470000A9B08EB0305A0462B782C2B08BF0135DF
:1024800095F80090B9F14D0F40F0B3800AAB0DF113
:102490002602404928460393CDE9013209AA009259
:1024A0000DF1220200F064F90328A4D1BDF8221036
:1024B0004B1E0B2B9FD8BDF82420531E042B9AD8FB
:1024C000BDF82630062B96D888F80890C8F8143046
:1024D000C8E903120A9B05EB030900254FF002032C
:1024E000ADF81E50ADF81C30ADF820500A9599F8A3
:1024F00000302F2B0FD10AAB08AA27494846039377
:10250000CDE901320DF11E02009207AA00F030F968
:10251000A8427FF7D0AEBDF81E203C21BDF8203088
:1025200008F1280801FB0233BDF81C204FF461615B
:1025300001FB023348F8103C0A9D4D44BBF1000FEB
:1025400054D0049B606823650D4BA6623B600F4B23
:102550007B60FFF7DFFDA26A236DCAF800209B1A9B
:10256000044A18BF0123136045E700BFE264030873
:1025700040030020F41F0020E5640308D925030868
:1025800015200020E96403081E65030809200020C7
:10259000FC6403080A6503081D650308F01F00209A
:1025A0000AAB2B4A2B49484600F0E2F800287FF797
:1025B0000FAF0A9B033B072B7FF631AF1BE72B2B9B
:1025C0004FF0010908BF08F1010834E7BDF81E20EB
:1025D0003C21BDF8203001FB0233BDF81C204FF434
:1025E000616101FB023309FB03F33EE74FF0010B8E
:1025F00042E7B9F14A0F4FF00A020BA906BF0135B5
:102600004B4644232846059300F048F9DDF82C900A
:10261000059BA945ADF8260014D14D23BBF1000F51
:1026200007D1032123720223C4F814B0C4E90313B1
:1026300053E70B2284F830300123C4E90D23002333
:10264000E3634AE780B288F80830C8F8140044E72A
:1026500009200020FC6403080FB407B504AA064B48
:1026600052F8041B1868019200F018FA03B05DF8E4
:1026700004EB04B0704700BF1CD50108014B19687A
:1026800008F050BF1CD50108F8B50E4B06461D6872
:10269000AB789B0712D56F6816F8014B29462CB909
:1026A0000A20B847002805DB204609E02046B84745
:1026B0000028F1DAAB7843F00403AB704FF0FF3041
:1026C000F8BD00BF1CD501080CB430B589B0054673
:1026D0000C461C22002101A808F01AFE02230595D1
:1026E0008DF806300D4B029323462CB1B4F1004F08
:1026F00028BF4FF00043013B1D440DAA0C9901A8CF
:102700000695009200F0CAF914B1059B00221A70D8
:1027100009B0BDE8304002B0704700BF15B50108F0
:102720000EB470B589B004461C2200210DAD01A87D
:1027300055F8046B08F0ECFD022301A82A46314647
:102740008DF80630094B0594029304F1004300957F
:10275000013B069300F0A2F90028A4BF00232354F4
:1027600009B0BDE8704003B0704700BF15B501085F
:102770000EB470B589B005461C2200210DAC01A82D
:1027800054F8046B08F0C4FD012301A82246314629
:102790008DF80630054B05950393009400F068FE14
:1027A00009B0BDE8704003B0704700BF01B5010833
:1027B000242A2DE9F041044601D8012A4CD1364B98
:1027C000162208F0DDFE1A5001B10C6000273846D1
:1027D000BDE8F08135462E4616F8010B2028F9D0C9
:1027E000A0F109070346042FF4D92B2836D02D2851
:1027F00037D14FF0010CAE1C6B78302B38D13078CC
:1028000040F0200078282FD132F010002CD17378BE
:102810003446102202360CF1004000270138B0FB8C
:10282000F2FE02FB1E08392B82BF03F1FF3343F097
:102830002003263B303B9A421ED9774502DC03D168
:10284000984501D24CF0020C354607FB023734465E
:1028500015F8013B2E46E6E70546BCE74FF0000CB5
:10286000C9E74FF0000CC8E7002A08BF0822D2E7EA
:10287000002A08BF0A22CEE701B10C601CF0010F4C
:1028800018BF7F421CF0020FA1D0034B2222074643
:1028900008F076FE1A509AE714000000242AF0B5DA
:1028A000044601D8012A40D12E4B162208F068FEBA
:1028B0001A5001B10C600020F0BD2F463D4615F8BE
:1028C000010B2028F9D0A0F109060346042EF4D903
:1028D0002B282CD02D282CD10126BD1C7B78302B09
:1028E0002DD1287840F02000782824D132F0100033
:1028F00021D16B782C46102202350020392B82BF63
:1029000003F1FF3343F02003263B303B9A421AD9B0
:10291000A0FB02040CB9C01801D346F002062F46F2
:102920002C4617F8013B3D46E8E70746C6E7002678
:10293000D3E70026D3E7002A08BF0822DDE7002AF4
:1029400008BF0A22D9E701B10C60F20748BF404234
:10295000B307B1D5034B222208F012FE1A504FF0F4
:10296000FF30A9E7140000002DE9F04101260746D9
:10297000B24201DCBDE8F0813B461F4613F8014B33
:10298000002CF7D0252CF8D11C780237252CF3D059
:102990000023DFF804819C461D461F2D18D8A4F1A2
:1029A000200EBEF1100F09D9A4F1300EBEF1090FAF
:1029B0001ED80A24202504FB03E304E028FA0EFEB7
:1029C0001EF0010F06D017F8014B002CE5D128E0CE
:1029D0007F2D1CD8A4F1300EBEF1090FE9D9242CAB
:1029E00010D1BCF1000F46D0B34246D00023EAE735
:1029F00024F0040EBEF12A0FF8D06C2C09D145F05A
:102A00008005E0E724F0040EBEF12A0FEED06C2C16
:102A100022D06C2C1BD8682C23D06A2C28D04C2CAC
:102A200026D0BCF1000FA5D0B445A1D144F02007B9
:102A30000B68A7F1650CBCF1020F01D9612F1ED103
:102A4000073323F00703083301360B608FE7742C3C
:102A5000B9D07A2CB7D0E4E72C0648BF45F400750E
:102A6000CDE7EC0548BF45F4007545F48075AAE74D
:102A700045F42075A7E79C46B8E76324D6E7692CA0
:102A800002D007D8632C03D02F0601D5AC05D7D4CC
:102A90000433D9E7732CF6E7892801002DE9F04FBC
:102AA000436893B08046019383789807CDE9061276
:102AB00016D50B4600250B921F789FB1252F15D0F8
:102AC0000133059341463846019B0135984700285C
:102AD00080F2458498F8023043F0040388F802300D
:102AE0004FF0FF35284613B0BDE8F08F5F789A1C91
:102AF000252F0592E6D000242646A246A346BBF128
:102B00001F0F32D8A7F12003102B0AD8DFE803F0FB
:102B10002409092A0909091B0909092209270909A0
:102B20001900A7F13003092B2DD92A2F39D154B917
:102B30000B9B1BF0400F53F8042B0B9329D0164628
:102B400001E04BF0010B059B13F8017B0593002F6F
:102B5000D5D15BE04BF0020B4BF0040BF3E74BF0ED
:102B6000080BF0E74BF0100BEDE7BBF17F0F3FD800
:102B7000A7F13003092BD8D81BF0400F03D00A224D
:102B800002FB0636DFE70A2202FB0A3A4BF0200B73
:102B9000D9E7B2F1000AF9DACAF1000A4BF0280BC2
:102BA000D1E72E2F05D11BF0400F9BD14BF0400BEE
:102BB000C9E7242F1CD1002C00F03F81079B1BF09C
:102BC000400F0B930AD152460BA90698FFF7CCFE93
:102BD0000B9B1A1DD3F800A00B92B4E732460BA949
:102BE0000698FFF7C1FE0B9B1A1D1E680B92AAE701
:102BF0006C2F00F00F8100F20681682F00F0128127
:102C00006A2F00F017814C2F00F0148134B1079B1C
:102C100022460BA906980B93FFF7A6FE002E47F05D
:102C20002003B8BF2BF0400B0293A3F16503BCBF98
:102C300000261FFA8BFB022B40F20481029B612BC2
:102C400040F07282FF431BF0400F0CA84BF4C054BD
:102C500007F0200314BF31464FF0FF31A346049321
:102C600001270B9B073323F0070303F1080293EDC1
:102C7000000B0B92049A08F062FB431C0646DDF839
:102C80003090DBB203937023029309F10903122BF6
:102C90000CD909F16303C62B40F20D8109F2E73329
:102CA00040F2CE72934294BF032704279DF834204C
:102CB00002F00C0312F0010240F018811BF0020F29
:102CC00040F011811BF0040400F0F780002B40F06D
:102CD000108120231BF4405F22D1039A002E02F1C1
:102CE000480208BF01266A44133A039921B112F839
:102CF000011D302900F032811BF0100F039A18BF1C
:102D0000324619F1040FC0F22E81B14580F22B81B9
:102D10004A454BF4005B40F3288109F10106961BFC
:102D20001BF40052089200F0228129EAE974013470
:102D300003B10134002E00F02181721C1444A2451D
:102D4000CCBFAAEB040400241BF0090F04D12C44CF
:102D5000A54240F0188100243BB118464146019B32
:102D6000013598470028FFF6B5AE1BF4006F12D06E
:102D700041463020019B98470028FFF6ABAE049BEC
:102D800041460235C3F17800019B00F0F8009847F6
:102D90000028FFF69FAE1BF0080F05D12C44AC4273
:102DA00040F0FD8025460024089B002B00F0268182
:102DB00029EAE97A7642A9EB0A02039B0AF1FF3A73
:102DC0006F1C0292934289BF0CAB3020D318587904
:102DD000564500F3ED804146019B9847029A002832
:102DE00002F10102FFF676AEBAF1FF3F09D141468A
:102DF0002E20019B029298470028FFF66BAEAF1C75
:102E0000029A3D46D9E7742F3FF49DAE7A2F3FF4E6
:102E10009AAEFBE61BF0800F18BF4BF4007B4BF023
:102E2000800B90E61BF4807F18BF4BF4007B4BF4C3
:102E3000807B88E64BF4207B85E626465446B346E5
:102E4000B24680E6FF431BF0400F07F0200308BFA7
:102E5000062604930B9B073323F0070303F10802B4
:102E600093ED000B029B0B92652B12D1711C00227B
:102E70004BF4805BC9B2134611290CA84FF002072E
:102E800028BF112100F04CFFDDF83090C3B203934E
:102E9000FBE6029B662B05D14BF4005B3346012217
:102EA0001121E9E7F1B200226520012913460290C1
:102EB00038BF0121E0E70227F8E6002B3FF40AAF14
:102EC000BAF1030F39DC9DF83430A44E13F0080F2B
:102ED000A34B08BF1E46B1464F4619F8010BA0BBD5
:102EE000AE1B374485E023BB2B23F3E61BBB2D230E
:102EF000F0E62022BAF1040F12DD1BF0080FAAF150
:102F000004040ED12C4441462020019B013502923D
:102F100098470028FFF6DEADA542029AF3D192B1A0
:102F2000002441461046019B013598470028CADA23
:102F3000D0E52B22DEE72D22DCE71BF0080FAAF1FB
:102F40000304C0D1DEE71446BDE7049B4146C01A26
:102F5000019BC0B298470028BEDABBE5039901394E
:102F6000C9B20391C1E6561EDAE60026D8E61BF484
:102F7000006F0CBF032405243C44D9E61BF0100F5E
:102F800018BF0134DBE609934146019B2020984796
:102F9000002805F10105099BBFF6DAAE9AE5414626
:102FA0003020019B013598470028BFF6F8AE91E527
:102FB000D1450AD19DF83530352B1DD805D19DF866
:102FC000343013F0100F08BF31204146019B984761
:102FD0000028FFF67FAD1BF0100F0AD0BAF1FF3FBB
:102FE00007D1AF1C41462E20019B98470028FFF6D1
:102FF00071AD3D463C4436E23120E6E79DF83500B0
:10300000414631281EBF9DF8343023F010038DF85F
:103010003430019B98470028FFF65CAD002E68DD38
:1030200041462E20019B98470028FFF653AD4FF0F4
:10303000010A039B4146D3469A45B7BF0CAB3020EB
:1030400053445879019B98470028FFF643AD0AF195
:10305000010A5645EDDA02355D44029B4146049A69
:10306000981A019BC0B298470028FFF633ADB9F11A
:10307000000F04DB4AD19DF83430DB0646D5C9F198
:1030800000092D204146019B98470028FFF622ADFC
:10309000042F3DD14FF47A774146019B033599FBCC
:1030A000F7F606F13000C0B298470028FFF612ADDF
:1030B00007FB169964274146019B013599FBF7F6FA
:1030C00006F13000C0B298470028FFF603AD07FBB9
:1030D00016990A274146019B013599FBF7F606F13F
:1030E0003000C0B298470028FFF6F4AC07FB1699F1
:1030F00014E01BF0100F01D10135AEE741462E2040
:10310000019B023598470028A7DAE3E42B20B9E7B2
:10311000032F05F10205CDD0012FDAD109F13000DE
:103120006F1C4146C0B25FE7A7F16303122B00F2A8
:10313000FF80DFE813F017005700FD00FD00FD00E1
:10314000FD005700FD00FD00FD00FD00FD00170122
:10315000F800FD00FD002C00FD00B9003B650308F0
:10316000B8ED01080B9B01240CAF1A1D1B680B92D4
:103170008DF830301BF0080F2AD007EB04093E46CB
:103180004E4527D1EF1B3744AAEB040431E70B9BD4
:103190001A1D0B921F68AA4B002F08BF1F461BF079
:1031A000400F384614BF31464FF0FF3107F0AAFDFB
:1031B0000446DFE741462020019B98470028FFF6A0
:1031C00089AC013EB442F5D35544B246AD1BD4E7B9
:1031D0005646F7E7414616F8010B019B9847002831
:1031E000CEDA77E41BF0800F0B9B35D01BF4007F09
:1031F0002DD0073323F0070303F10802D3E90001C0
:103200000B922BF0100900291FFA89F936DA404297
:1032100049F4806961EB41010DF1300B0A235A46F4
:1032200007F0E6FD19F0400FA0EB0B0B65D029F07D
:1032300001025E4592B240F3B280002F00F0A980F7
:1032400019F010033446914626D002345CE01A1D72
:1032500018680B92C117D4E71A1D1BF4807F1968F8
:103260000B9201D10846F5E71BF4007F19BF48B265
:1032700041F3C01108B241F3C031C2E750EA010383
:10328000CAD11BF0400FC7D0002EC5D12BF0110BB7
:1032900034461FFA8BF9B34640F2064319EA03039A
:1032A0001CBF013400232FE02BF0100B0A231FFA60
:1032B0008BFB1BF080040B9A57D01BF4007115BFD9
:1032C0000732101D22F007020B900FBF106802F1A9
:1032D00008010B91D2E9000150EA010252D12BF012
:1032E00016091BF0400F1FFA89F94FD0002E4DD15F
:1032F0002BF0170B1FFA8BF9B34619F0100352D0BD
:10330000002F4ED10BF1010419F0080F5ED119F016
:10331000010F06D0A2456DDDAAEB040404EB0B06F9
:10332000544622464DE04BF0100B10237827C0E79F
:10333000029B782B04D1C7F1780343F01003B8E760
:1033400041462520019B98470028FFF6C3AB414624
:103350003846019B98470028FFF6BCAB0235059B19
:10336000FFF7AABB08230027A3E7111D10680B91E4
:103370001BF48071B0D01BF400711ABFC0B221469B
:1033800080B2A9E72BF0060B1FFA8BF90DF1300B79
:1033900045E729F0110934461FFA89F97CE791467F
:1033A000ABE75C4651E75C4676E7CDE90223414650
:1033B0002020019B98470028FFF68CAB029A039BC4
:1033C00001329245F1DC2C1BA5181446EBB14146A5
:1033D0003020019B98470028FFF67CAB67B9013588
:1033E0002F462E44F31B5B4521DC5D460CAE4DBBE6
:1033F0005F44C9E65E4694E7023541463846019B84
:1034000098470028ECDAFFF765BB40F2064319EA5B
:10341000030FE5D019F0020F05F10105414614BF75
:103420002B20202019F4806F18BF2D20E7E741469C
:103430003020019B013798470028D3DAFFF74ABBB9
:103440003F650308013D4146019B705D9847002898
:10345000CDDAFFF73FBB41462020019B013598475D
:103460000028FFF637AB631B002BF4DC77E700BFC7
:103470002DE9F04F002399B0824607920E920F93E8
:1034800004930D4615F8016BAEB1202E17D0A6F1AE
:103490000903042B13D9252E17D00FA9504607F086
:1034A000CEFC031EC0F21181DBB2B3420BD00FAAD7
:1034B000514607F0E4FC049819B0BDE8F08F0FA95D
:1034C000504607F0E7FC2946DBE74E788D1C252E99
:1034D000E3D02A2E03BFCD1C8E78012400240027C0
:1034E000A6F13003DBB2092B19D9A30723D5242E6B
:1034F00023D1079B24F0020400220E93A4B20123DF
:103500009F4215DC42B17B1E002F0E9A4FEA8303C7
:10351000D8BF00231A440E9215F8016BDFE744F080
:1035200002040A2215F8016BA4B202FB0737D7E7A1
:1035300001330122E4E74FF0FF376C2E34D007D877
:10354000682E23D06A2E3ED04C2E36D026B9B2E754
:10355000742E35D07A2E33D03146984807F093FB3D
:103560000028A8D014F001030C9311BF00230E9B78
:103570001A1D0E9208BF1B686E2E029326D10F9A59
:1035800000230298009407F064FC9CE72E78682ED4
:1035900004D044F02004A4B20135D7E744F030044D
:1035A0006E78A4B20235D1E72E786C2E02D044F0AA
:1035B0000404F0E744F00C04F2E744F00C04A4B275
:1035C00015F8016BC2E744F00804F8E7632E19D13F
:1035D00014F0020F08BF01270FA9504607F02FFC77
:1035E000002872DB029B13B103F8010B0293013F29
:1035F000F2D10C9B002B7FF466AF049B0133DBB24E
:10360000049360E75B2E40F082802022002110A806
:1036100007F07EFE00224FF0010C164611461446BC
:1036200015F8013B002B4AD05E2B03D1F2B90124DF
:103630000132F5E7A24219DD5D2B1FD02D2B15D1EC
:10364000C1B118A803F00701B34200EBD3000CFA94
:1036500001F110F820EC41EA0E0100F8201C0BD01B
:1036600034BF013303F1FF33DBB2EAE7002908BFBF
:103670001E46E6E70121DBE70021D9E729B19DF8E5
:10368000453043F020038DF845302CBB01240FA9B1
:10369000504607F0D4FB031E10DBC3F3C401DAB2BB
:1036A00003F007036031694411F8201C41FA03F369
:1036B000DE071BD40FAA514607F0E1FBFCB19AF8D4
:1036C000023013F00C0F3FF4F6AE049B002B14BF36
:1036D00018464FF0FF30EFE6202310AA1178013B87
:1036E0006FEA010102F8011BF8D1CFE7029B13B189
:1036F00003F8012B0293013F4FF00004C7D1029B56
:10370000002B3FF476AF0023029A137071E70FA9E4
:10371000504607F0BFFB0028D7DB582E6BD0643E25
:10372000F3B2142B00F2AD80142E00F2AA80DFE871
:1037300006F00BA8A8A8A841A8A8A8A8A85F62A8F6
:10374000A84EA80BA8A862004FF00A080FA950467F
:1037500007F075FB2B2804D02D280AD144F0400433
:10376000A4B2013FABD00FA9504607F068FB002878
:10377000A5DB302867D1B7F1010918D00FA9504651
:1037800007F05DFB002812DB40F0200344F08004CA
:10379000782BA4B232D138F0100334D1B7F102093A
:1037A00005D00FA9504607F04AFB002852DA002640
:1037B00037463CE04FF00008C8E700BF4665030805
:1037C000029B13B103F8010B0293013F97D00FA99D
:1037D000504607F034FB002891DB202803D0A0F1ED
:1037E0000903042BECD80FAA514607F048FB86E7E3
:1037F0004FF00808AAE74FF01008A7E7B8F1000F4C
:1038000008BF4FF00808002637463928034682BF14
:1038100000F1FF3343F02003263B303B98451CD892
:103820000FAA514607F02BFB20067FF548AF610633
:1038300002D5764267EB470732463B460298009432
:1038400007F007FBD5E6B946B8F1000FDBD14FF022
:103850000A08D8E74FF01008D5E7A8FB066244F045
:1038600080049E1908FB0722A4B242F10007B9F1B7
:103870000109DCD00FA9504607F0E1FA0028C4DAAC
:10388000D5E70FA9504607F0DAFA03909DF80C30FF
:103890002B2B04D02D2B0DD144F04004A4B2013FBA
:1038A0003FF40DAF0FA9504607F0C9FA031E03936A
:1038B000FFF605AF039B43F02003692B28D06E2B46
:1038C00058D04FF000080A234646C146CDE9058886
:1038D000220555D5039A42F02002D2B2A2F161012D
:1038E00005294DD8573AD2B293424EDC039A04F0E0
:1038F000800342F02002782A65D1002B63D056EA7B
:10390000090360D144F4006B10231FFA8BFB4EE0D7
:10391000684E4FF00008DFF8A89116F801BBBBF124
:10392000000F13D0013FF8D00FA9504607F087FAD7
:10393000031E07DB43F020035B45EED00FAA514680
:1039400007F09DFA5C4B9E427FF4B9AE630606D544
:1039500009F10043CDF828800B93DDE90A89029B29
:10396000002B3FF446AE14F00C0F00F08981C3E940
:1039700000893EE6514E4FF00008DFF84891CCE751
:10398000039A303AD2B29A426BDA44F0800B14F4C4
:10399000807F04F400711FFA8BFB3CD00698002A4C
:1039A00018BF40F00100069009B908F10108013F75
:1039B0000D935ED00FA9504607F041FA031E5C46F6
:1039C00003930D9B84DA22067FF579AE14F4006F21
:1039D000039A14BF7023652342F020029A4240F0FC
:1039E0009480B7F1010B00F092800FA9504607F0C8
:1039F00026FA0346C2B22B2A04D02D2A57D144F40A
:103A00008064A4B2B7F1020B35D10FAA5146184613
:103A100007F035FA7BE009B108F1FF38A3FB066136
:103A2000961903FB091141F1000956EA0902BED0BB
:103A3000059A0A2B02F10102059204F00C020BD147
:103A4000002A14BF1022082205999142AFDD44F4E8
:103A5000C07B1FFA8BFBAAE7002A14BF0F220722A4
:103A6000F2E7FE2A7FF442AFA105ACD444F4007B18
:103A7000EFE75C46A7E70FA950460D9307F0DFF983
:103A80000D9B1F460346A3F13002092A1CD951465B
:103A90000FAA184607F0F3F9791C04D00FAA514673
:103AA000384607F0ECF90FAA51460398B0E74FF0FB
:103AB000FF37E8E75B6503085E65030858650308A0
:103AC0000000F07F0000F87F00270A2240F2D34177
:103AD0008F42DCBFA3F1300102FB0717BBF1010BE2
:103AE00009D00FA9504607F0AAF9A0F1300103460A
:103AF0000A220929EAD96205039348BF7F422005BB
:103B000048BF4FEA8808B8445F46002FCBD156EA39
:103B1000090300F0B080210504F00C0240F18A8016
:103B2000002A4FF001005E4912BF352318236FF0C1
:103B30007D015F1CA3F11F02C7F1200C00FA02F205
:103B4000B84420FA0CFCB84042EA0C02864279EBF9
:103B5000020751D30127A3F11E02C3F11E0C981CCA
:103B600007FA02F227FA0CFC07FA00F042EA0C020C
:103B7000864279EB020745D2884543DB069A3243F9
:103B800016464A4606F00300032803D006F0060056
:103B900006280BD1043649F10002B2F5000F21BF0F
:103BA000760808F1010846EAC2765208B608C3F161
:103BB0003500C3F11507153B46EA8276920806FAEE
:103BC00007F726FA03F3824006FA00F03A431A4355
:103BD000334B994225D1B8F5806F5BDAB2F5801F7F
:103BE00025D308F2FF3822F4801242EA08530890E5
:103BF0000993DDE90889A9E6B61908F1FF3849EB10
:103C00000909A3E7770806F0010608F1010847EA69
:103C1000C9774FEA59093E43AAE7001808F1FF386F
:103C20005241B2F5801F32D218F57F7FF5DA4FF09E
:103C30000008DAE7059B43446AB113F5A27F1ADD59
:103C4000B3F59B7F26DA424649463046EDF74CFEF7
:103C500059EC108B7AE613F12D0F0CDB272B19DCB6
:103C60004146304607F05BF910EE100AECF772FCA3
:103C7000804689466AE64FF000084FF0000965E685
:103C800040464946ECF7B6FF029B1860B1E4B8F530
:103C9000806FA6DB4FF00008DFF8089056E600BF03
:103CA00002FCFFFF0000F07FF0B589B005460C462E
:103CB000164600211C2201A81F4607F029FB0223FB
:103CC000204605958DF806300A4B02932CB1B4F1CD
:103CD000004F28BF4FF00040013805443A463146B6
:103CE00001A80695FEF7DAFE14B1059B00221A70B2
:103CF00009B0F0BD15B501081FB502AB074A009326
:103D00004FF0CC3307F092FADDE90201C00840EA37
:103D10004170C90805B05DF804FB00BFCDCCCCCC28
:103D20002DE9F04F9DB055EC104BCDE90B122A4612
:103D3000290D0D93C5F31303D20FC5F30A55079050
:103D40008DED050A0A9275B922461A431BD130231C
:103D50000126056043710A9B43F00203037130465C
:103D60001DB0BDE8F08F40F2FF7295424DD1059A2B
:103D7000002613430A9B079A14BF43F0080343F03D
:103D800004031371EBE7059A4FEA83089A46B14D95
:103D900002F001020992059A48EA927897000122FE
:103DA0001646C5F1000B0892584600F017FAB5F117
:103DB000FF3FACBF8146A0F10109ABEB090B09EB5A
:103DC00005035846069300F01DFA18A9A0F17D05D9
:103DD000584600F037FA14AB089AA9EB0505019391
:103DE00012AB02925146009318AA2B46059807F091
:103DF00026F9B9F1010F04460D4600F2D880099B5F
:103E0000002B40F0CB8001276FE0059A43F4801A25
:103E1000A5F2354502F001024FEA8A080992059A97
:103E2000134348EA92784FEA82074BD140F2FE737F
:103E300019420CBF01260026002D3246B1DB284670
:103E400000F0C6F90346032DC8BF013B1846069390
:103E500000F0D8F9069B7C3018A95D1B0544184674
:103E600000F062FA14AB18AA0598019312AB514600
:103E7000029600932B4607F0E2F8069B04460D4697
:103E8000152B00F2888016AB734A384641460093E2
:103E90004FF0CC3307F0CAF9169B179A9B0843EAF8
:103EA000827303EB8303BB42DDE9129A0CD13846DF
:103EB000414600F0AFF9069B83428CBF00270127E3
:103EC000002612E00126B7E7099B002B53D1013FE2
:103ED00048F1FF31B81B61F1000100F09BF9069B2E
:103EE000099F83428CBF002601260C9B002B40F0CB
:103EF0009280DDF82CB04FF000084FF00A0ACDF8A0
:103F00002080CDF81480DDE91201FFF7F5FE149B47
:103F1000CDE90E01184615991093FFF7EDFE0E9BA3
:103F200081460F9A98420B461191934180F08D8003
:103F300020462946FFF7E0FE0AFB09F3109AB8F184
:103F4000000F14BF002707F001070AFB10480D46B9
:103F5000934214BF002606F001060E9B5FFA88F814
:103F6000044612930F9BCDE91339119B1593089BBF
:103F700001330893C7E7B81C48F1000100F04AF983
:103F8000069B83428CBF00200120B9EB00006AF140
:103F90000002CDE9120200273E46A6E7129B012748
:103FA000139A013B42F1FF32CDE9123288E7B9F1B1
:103FB0003E0FF0D84FF0FF33A9F12000C9F12001E6
:103FC00003FA09F203FA00F023FA01F103FA09F304
:103FD000024327EA03070A4328EA020857EA0807C8
:103FE0000CBF012700276BE700FB02FC0133A1FB9C
:103FF000001262448C4275EB020CF5D2069A13440F
:104000000D9A13440B9A012BB8BF01239A42A8BF03
:104010001A4693466FE70A21002201230846E9E782
:104020000AFB03F00131A2FB0A230344944275EB1F
:104030000300F5D2594511DDBBF1000F02D154EA5E
:1040400005030BD00123059372E70A220023012107
:10405000ECE700BFCCFBFFFFCDCCCCCC7EB34FF068
:104060000A0A149B159918460F93FFF745FE0F9BFC
:104070000AFB00F281460E919A4220D1B8F1000F5E
:1040800014BF002707F00107DDE91201FFF734FE36
:1040900010900F9120462946FFF72EFE0F9B0AFB3A
:1040A0001048109A04460D465FFA88F81292CDE93E
:1040B00013390E9B1593089B01330893D1E7069B98
:1040C000089A13449946002F5BD0B8F1050F58D1D8
:1040D00014F001034BD1059A32B9DDE914239D4256
:1040E00008BF944260D0059B18194FF00A044FF0A6
:1040F00000024FF0010645F100012546A04271EB98
:10410000020754D2EBB1B3451BDA0C9B63B106EB4B
:1041100009030D9A1A4422EAE2730B9A9A42A8BF45
:104120001A46964293460CDD053009F1010906F165
:10413000FF364FF00A024FF0000341F10001ECF7A7
:1041400093FF5E450FFA89F9079BA8BF5E4636B21A
:10415000B14406F1050809F1FF3798444FF0000912
:10416000B1452BDB079B0A9A1F601A71F7E5059B87
:104170002BB9DDE914239D4208BF944209D00123E5
:10418000B2E7059B53B9DDE914239D4208BF944271
:1041900004D1099B002BF2D1002EF0D0B8F1040F0E
:1041A00094BF002301239FE74FF00408F1E705FBCC
:1041B00002F70136A4FB05423A449FE70A22002396
:1041C000ECF752FF303209F1010908F8012DC7E779
:1041D000014B5843800C704741340100014B584358
:1041E000000D7047FB2E0B00014B5843C00C70476D
:1041F0004F931200024B5843C00C0130704700BF70
:104200004F931200024B5843C00C0130704700BF5F
:104210004F93120070B50346094A00204FF0CC3688
:104220004FF0333506FB03F402FB0144A3FB0231DC
:1042300021449D4275EB010401D30130F2E770BDCA
:10424000CDCCCCCC1A232DE9F04FB0FBF3FA334E92
:1042500003FB1A0389B004460D4606EB0A1653B950
:10426000D6E90023C1E90023D6E90201C5E902012C
:1042700009B0BDE8F08F2A4A02EBC303D3E90089F5
:1042800004AB404649460093D6E9022306F0CEFF30
:1042900006AB83460F46404649460093D6E90023C5
:1042A00006F0C4FF00238146DDE9066216EB0B062B
:1042B00052EB070828BF012333B1049B059A013351
:1042C00042F10002CDE9043220460391FFF79AFF44
:1042D00007461A2000FB0AF0FFF794FF3F1A324608
:1042E000434648460399009706F0BBFF0D4A4FEA44
:1042F000141C640004F01E0352F82C40DC4004F04F
:1043000003042418304641F10001DDE90423C5E926
:1043100000414146009706F0A4FFA7E798D10108A5
:10432000C8D001087CDF01082DE9F04F1A2700F101
:104330001905DFF8E8A089B004460E46B5FBF7F58D
:104340006F434FEA051B0AEB05153A1A0AD1D5E966
:104350000023C1E90023D5E90201C6E9020109B041
:10436000BDE8F08F2B4B03EBC203D3E9008904AB0C
:10437000404649460093D5E9022306F057FF5AF814
:104380000B206B68013ACDE9020106A963F1000335
:1043900040460091494606F049FF8A4602990023AB
:1043A0008146DDE906526D18039952EB010828BFDA
:1043B000012333B1049B059A013342F10002CDE998
:1043C00004323846FFF71EFF07462046FFF71AFF64
:1043D0003F1A2A46434648465146009706F041FF99
:1043E0000D4A4FEA141C640004F01E0352F82C40DE
:1043F000DC4004F0030401342418284641F1000194
:10440000DDE90423C6E900414146009706F029FF93
:10441000A3E700BFC8D00108D0DF010868D20108B7
:10442000644A2DE9F04157EC106BBA433B4616D174
:10443000002F08DA00F0A6FF28B147EC106BBDE8AA
:10444000F041EFF78DBF32463B4630463946EBF739
:1044500023FF06460F4647EC106BBDE8F081002FA6
:10446000304615DC27F000423243F4D0002FE6D16D
:104470000022002B78D00021DF0279D54C1E121BC0
:1044800021B1C1F1200420FA04F42343884001E063
:104490003A15EDD0C3F31303D607A2F2FF354FF060
:1044A000000243F480134FF0160C4FEA6505964660
:1044B00058BF5B004FF400115CBF03EBD0734000AA
:1044C0005B00460003EBD0730EEB01009842DEBFA9
:1044D0001B1A01EB000E5218BCF1010C4FEA43030A
:1044E0004FEA510103EBD6734FEA4606ECD167461B
:1044F0004FF020084FF00040734500EB0C013ADC10
:104500000BD1B14209D8002901EB000C02DABCF151
:10451000000F37DA0023761A07445B00B8F1010870
:104520004FEA500003EBD6734FEA4606E4D133431B
:104530000BD0F1EE101A11F440012ED0B1F5800F1E
:1045400003D17C1C2FD1013200275110D2074FEA32
:10455000570301F17F5148BF43F0004301F50011BB
:104560001E4601EB055776E7C30A153A400580E77A
:104570005B00013180E7002901EB000C0BDABCF194
:10458000000F08DB0EF10104B142A3EB0E0300D9CA
:10459000013BA646BFE77446F6E7781CD3D07B1CE8
:1045A00023F00107D1E7B91C07F1020708BF013268
:1045B000CBE700BF0000F07F2DE9F8432DED028B23
:1045C00059EC118BB0EE408AF0EE608A00F0DAFE12
:1045D00040B942464B4651EC180BEBF75DFE41ECFF
:1045E000180B34E049EC108B00F0CCFE0028F0D022
:1045F000B0EE480AF0EE680A00F0C4FE012809D1C6
:10460000B0EE480AF0EE680ABDEC028BBDE8F84354
:10461000EFF7A6BE29F000474D46464658EA070385
:1046200002D149EC108BEFE718EE90CA18EE101A81
:104630002CF000430CF00044BB4210DC07DB41458A
:1046400005D315D1744B03EB147393ED008BB0EECF
:10465000480AF0EE680ABDEC028BBDE8F8836F4AA9
:104660000CEA0202002A4FD01815A0F2FF300AE02F
:104670006A4A0CEA0202002AF6D1002B44D10A460B
:104680006748002A3DDC654A2A40002A51D1002FA4
:1046900045D1B646A2F21342BEF1000F3BDCDFF873
:1046A00084E1704549DBCCF3130343F48013DFF856
:1046B00074C1624557DBC5F3130545F48015801AB4
:1046C0005F1BA1EB060C002862D1B14238BF07F195
:1046D000FF37002FA4BF61463B4653EA0100B1D02B
:1046E000B3F5801F6BDB4F4882426EDBA3F580136E
:1046F00002F2FF3223430C4643EA025545EC184BC5
:10470000A5E701385200BCE7DA024648002ABADDC4
:1047100001385200FAE7013A4FEA4E0EBCE74FEA81
:10472000C72E404ABEF1000FB9DD013A4FEA4E0EE6
:10473000F8E73A15A2F2FF32B1E7AEEB000EBEF198
:104740001F0F0ADC03FA0EFC00F21E4321FA03F3EA
:1047500001FA0EF143EA0C03A9E7334B1B1A01FAE5
:1047600003F30021A3E7ACEB020CBCF11F0F09DC43
:1047700002F21E4507FA0CF726FA05F506FA0CF6C2
:104780003D439CE7284DAD1A06FA05F5002696E74D
:10479000B14238BF07F1FF37002F05DACF0F4900CC
:1047A00007EB430301388BE757EA0C033FF44AAFAA
:1047B0004FEADC734FEA4C0103EB4703F2E7C80F03
:1047C000013A490000EB43038AE7801A14280EDC03
:1047D00002F21E42C14003FA02F203410A4343EAD5
:1047E00004011046114B0022EBF70CFFF7E61F28DF
:1047F00007DC02F21E42C14003FA02F20A432346DA
:10480000EDE7C2F17F4202F57F0202F57B42E23220
:1048100043FA02F2F3E700BFC8D301080000F07FBB
:10482000EDFBFFFF02FCFFFFE2FBFFFF0000F03F9C
:1048300010EE103AF0EE407A23F00042B2F17E5FC3
:1048400009D1002B00F3C080DFED617A9FED610A92
:1048500030EE270A704701D900F0C8BDB2F17C5F85
:104860003ED2B2F10C5F9FED5C0ADFED5C6A02D8CC
:1048700030EE260A704727EEA77ADFED595A9FEDF2
:10488000596A9FED595A07EE256ADFED585A56EEE0
:10489000075A9FED576A05EE876ADFED565A56EEC6
:1048A000075A9FED556A05EE876ADFED545A17EEF9
:1048B000255ADFED535A26EE076A45EE075A9FED5B
:1048C000515A15EE875AF7EE005A45EE075A86EE12
:1048D000257A47EE676A77EEE66A30EE660A704739
:1048E000002BF7EE006AB6EE006A9FED3D1ADFED91
:1048F0003D2A9FED3E3ADFED3E3A9FED3E4A9FED69
:104900003E7ADFED3E1ADFED384A9FED3D5ADFED8E
:104910003D5A28DA30EE260A20EE060AB1EEC06AC9
:1049200040EE012ADFED2D7A50EE214A12EE803A58
:1049300004EE805A43EE003A55EE005A13EE804AD8
:1049400045EE806A04EE007A27EE007A9FED210A98
:10495000C7EE265A55EE867A77EE867A77EEA77AF4
:1049600030EE670A704736EEC00A20EE060AB1EE56
:10497000C02A40EE012A12EE103A50EE214A23F4EA
:104980007F6323F00F0312EE803A06EE103A04EE36
:10499000805A43EE003A55EE005A13EE804A45EE37
:1049A000806A04EE007A27EE007A06EE460AC7EE29
:1049B000265A36EE027AC0EE077A45EE827A37EE54
:1049C000860A30EE000A70479FED0F0A704700BF5D
:1049D00068212234DA0F4940DA0FC93F6821A23337
:1049E00008EF1138047F4F3A6133303F4611243DC0
:1049F000A80A4E3E90B0A63EABAA2A3E2EC69D3DCA
:104A00002D57014039D119400000000010EE102A46
:104A1000F0EE407A22F00043B3F17E5F0CD19FEDBF
:104A20005C7ADFED5C6A20EE077A00EE267AF0EE23
:104A3000477AB0EE670A704701D900F0D7BCB3F1EE
:104A40007C5FF7EE006A0BD2B3F1485F50D29FED66
:104A5000527A30EE077AB4EEE67AF1EE10FAE8DC3C
:104A6000B6EE007A9FED4D6AF0EEE77A76EEE77AE1
:104A7000DFED4B5A67EE877A9FED4A7A07EE876A39
:104A80009FED497A16EE277A9FED486A07EE276A6E
:104A90009FED477A16EE277A9FED466A07EE276A62
:104AA0009FED457A17EEA57ADFED445A26EE276A88
:104AB00047EE275A9FED427A15EEA77A47EE276A0E
:104AC000B1EEE77A3F49C6EE265A8B423FD905EE52
:104AD000877ADFED3D7A37EE077A37EE277ADFED1A
:104AE0002D7A77EEC77A002AD8BFF1EE677AA0E771
:104AF00020EE007ADFED2B5A9FED286A9FED285AB1
:104B000007EE256ADFED285A56EE075A9FED276A11
:104B100005EE876ADFED265A56EE075A9FED256AA5
:104B200005EE876ADFED245A57EE055A9FED235AAA
:104B300026EE076A05EE875ADFED215A55EE075A31
:104B400045EE876A86EE267A47EE007A71E717EE21
:104B5000103A37EE075A23F47F6323F00F0306EE73
:104B6000903A46EEE67A37EE267A76EEA66A87EE39
:104B7000876A9FED077ADFED157A77EEE66A36EE03
:104B8000066A37EE467A15EE257A37EE667AA8E79A
:104B90002EBD3BB3DB0FC93FCAF24971047F4F3AC8
:104BA0002EC69D3D08EF11384611243DA80A4E3E01
:104BB00090B0A63EABAA2A3E6133303F2D5701404C
:104BC00039D119409999793F2EBD3B33DB0F493FCD
:104BD00010EE102A22F00043B3F1A14F12D3B3F12B
:104BE000FF4F02D930EE000A7047002A9FED4F0AAE
:104BF000CBBFDFED4F7ADFED4F7A37EE800A37EE2D
:104C0000C00A70474C498B4211D8B3F1445F0BD2B4
:104C1000DFED4A7AB7EE007A70EE277AF4EEC77AC3
:104C2000F1EE10FA00F381804FF0FF3315E04449B4
:104C3000F0EEC07A8B424FD8A1F5D001B7EE007AE2
:104C40008B4241D877EEA76A002336EEC77AF0EEA2
:104C5000006A77EEA67A87EE270ADFED3A7A591CCA
:104C60009FED396ADFED395A60EE006A26EEA67ACA
:104C700007EE276ADFED367A46EE077A9FED356A52
:104C800007EE876ADFED347A46EE077A9FED336AE6
:104C900007EE876ADFED327A57EE275ADFED317A79
:104CA00055EE877ADFED305A57EE875ADFED2F7ACF
:104CB00055EE877A67EE877A46EE267A67EE807A37
:104CC0001FD130EE670A704777EEC76A012377EE8F
:104CD000877A86EEA70AC0E725498B420BD8F7EE04
:104CE000086A0223B7EE007A37EEE66A07EEA67A84
:104CF00086EE070AB1E7BFEE007A032387EE270AA4
:104D0000ABE71C49002A1C4801EB830100EB83033D
:104D100093ED007A77EEC77A77EEC07A91ED000ACC
:104D200030EE670AB8BFB1EE400A70476821A2337F
:104D3000DA0FC93FDA0FC9BFFFFFDF3ECAF2497180
:104D4000FFFF973FD769853C59DA4B3D6BF16E3DCC
:104D5000356B883D6E2EBA3D2549123EABAAAA3E60
:104D600021A215BD95879D3D388EE33DCDCC4C3EAF
:104D7000FFFF1B40BCE10108ACE1010810EE902AE6
:104D8000F0EE407A22F00041B1F1FF4F10B506D8A5
:104D900010EE100A20F00043B3F1FF4F04D977EE74
:104DA000A07AB0EE670A10BDB2F17E5F03D1BDE814
:104DB0001040FFF70DBF941704F0020444EAD074CA
:104DC0008BB9022C08D0032CEBD1DFED407A9FED9C
:104DD000407A77EEC77AE4E7DFED3E7A9FED3C7AE2
:104DE00077EE877ADDE739B9002802DADFED3A7A23
:104DF000EDE7DFED3A7AF1E7B1F1FF4F2CD1B3F1F6
:104E0000FF4F1DD1022CDFED327A0BD0032C10D0D6
:104E1000012C02D09FED327AE2E79FED327A77EEF5
:104E2000677ABEE7B0EE087ADFED2D6A46EE877A44
:104E3000B7E7B8EE087ADFED2A6A56EE877AB0E770
:104E4000022CC9D0032CC0D0012CDFED277A9FEDB6
:104E5000277A47FE877AA4E7B3F1FF4FC4D05B1AE5
:104E6000B3F1F45F4FEAE35112DBDFED1C7A9FED03
:104E7000207A77EEC77A012C1AD0022C1FD0002C92
:104E80008FD09FED1C7A77EE877A9FED127AA0E79C
:104E9000002A01DA3C3108DB87EEA00AB0EEC00A36
:104EA000FFF796FEF0EE407AE5E7DFED107AE2E7F5
:104EB00017EE903A03F1004307EE903A71E79FED49
:104EC0000D7A77EE877A9FED037AA8E7DB0F49C06A
:104ED0006042A20DDB0F4940DB0FC9BFDB0FC93FAA
:104EE000DB0F493FDB0F49BF0000008000000000DE
:104EF0002EBD3B332EBDBB3310EE103A07B523F069
:104F000000431E4A934206D8DFED1D0A03B05DF848
:104F100004EB00F0D7BAB3F1FF4F04D303B05DF850
:104F200004EB00F063BA684600F02CF800F00300D0
:104F300001280BD0022812D0C0B9DDED010A9DED89
:104F4000000A00F0BFFA03B05DF804FBDDED010AD2
:104F50009DED000A00F08EFDB1EE400AF3E7DDEDB5
:104F6000010A9DED000A00F0ADFAF5E70120DDED44
:104F7000010A9DED000A00F07DFDE4E7D80F493FEE
:104F800000000000F0B510EE105A864A87B00446C3
:104F900025F00043934205D8002380ED000A4360CA
:104FA000002022E0804A93423AD825F00043002DA9
:104FB000DFED7E7A23F00F037D4A18DD934230EE59
:104FC000670A09BFDFED7B7A9FED7B7A30EE670AD7
:104FD0009FED7A7A70EE477A30EE670AC0ED007A7C
:104FE00030EE470A80ED010A012007B0F0BD934280
:104FF00030EE270A09BFDFED6F7A9FED6F7A30EE52
:10500000270A9FED6E7A70EE077A30EE670AC0EDE0
:10501000007A30EE070A80ED010A4FF0FF30E4E736
:10502000674A934270D8F6EE007A9FED667AB0EE4A
:10503000C00A40EE077AFDEEE77AF8EEE76A17EE6F
:10504000900ADFED5A7A1F2806EEE70ADFED5A7A5A
:1050500066EEA77A30EE677A17EE106A09DC25F063
:105060000042471E584922F0FF0251F827108A4299
:1050700006D1C6F3C751DA15C1EBD353082B14DCA4
:10508000266094ED007A002D30EE470A30EE670A74
:1050900084ED010AA9DAB1EE477AB1EE400A84ED57
:1050A000007A84ED010A40429FE7DFED427A9FEDEE
:1050B000436A66EEA77A30EE677A30EE470A70EE02
:1050C000677A56EE867A37EE676A16EE101AC1F3E3
:1050D000C753D31A192B04DCB0EE470A84ED006ADB
:1050E000CFE7DFED3A7A66EEA77A37EE670A37EE5A
:1050F000407A77EE677A9FED367A56EE877A30EE11
:10510000677A84ED007ABCE7B3F1FF4F06D330EE47
:10511000400A80ED010A80ED000A41E7DA15DFED73
:105120002D6A863AA3EBC25307EE903ABDEEE77ABA
:10513000B8EEC77A77EEC77A8DED037A67EEA67A76
:10514000BDEEE77AB8EEC77A77EEC77A8DED047ACE
:1051500067EEA67AF5EE407ACDED057AF1EE10FA1B
:105160001ED1B5EE407AF1EE10FA0CBF01230223F6
:10517000194903A8019102210091214600F0FAF992
:10518000002DBFF632AFD4ED007AF1EE677AC4EDB0
:10519000007AD4ED017AF1EE677AC4ED017A82E704
:1051A0000323E5E7D80F493FE3CB1640800FC93F03
:1051B000D00FC93F004435374344353708A3852E07
:1051C000800F494384F9223FCCE1010800A3852EDA
:1051D00032318D24000080434CE2010810EE103A79
:1051E00007B523F000431F4A934207D80020DFEDA4
:1051F0001E0A03B05DF804EB00F03CBCB3F1FF4FB6
:1052000004D303B05DF804EB00F0F0B86846FFF794
:10521000B9FE00F0030001280CD0022811D0D0B94B
:105220000120DDED010A9DED000A00F023FC03B032
:105230005DF804FBDDED010A9DED000A00F042F986
:10524000F5E70120DDED010A9DED000A00F012FCFA
:10525000B1EE400AEBE7DDED010A9DED000A00F03A
:1052600031F9F5E7D80F493F0000000010EE103A81
:1052700007B523F00043124A934207D80120DFED1F
:10528000110A03B05DF804EB00F03CBCB3F1FF4F32
:1052900004D303B05DF804EB00F0A8B86846FFF74C
:1052A00071FEDDED010A40009DED000A00F00200F4
:1052B000C0F1010000F026FC03B05DF804FB00BF64
:1052C000DA0F493F0000000070B555EC104BC5F3F4
:1052D0000A5206462B46BAB925F00041214335D083
:1052E0000022254B20462946EBF78CF9C1F30A52E0
:1052F0000D460B4621490446363A8E4210DAE80F35
:10530000BDE87040EEF7FCBF40F2FF718A4207D162
:10531000224620462946EAF7BFFF04460D4615E01F
:105320004CF250318E4204DDD80FBDE87040EEF7EC
:10533000F7BF324440F2FE718A42F5DC002A08DDF4
:1053400023F0FF4323F4E00343EA025545EC104BFE
:1053500070BD12F1350F01DAD80FD1E723F0FF430A
:105360003632204623F4E00343EA02550022044B80
:105370002946EBF747F9D0E700005043B03CFFFF68
:105380000000903C51EC100B0B4631F0004107D16E
:1053900090B10D4A1A40002A14BF04200320704720
:1053A000094A13420AD0094B994209D9914209D1BD
:1053B000B0FA80F040097047022070470320704720
:1053C00004207047002070470000F07FFFFFEF7F50
:1053D000BFEE007A0028F7EE007A9FED030A47FE41
:1053E000877A87EE800A70470000000008B52DED2F
:1053F000028BB0EE408A00F0B7FC20B938EE080A04
:10540000BDEC028B08BDDFED027A87EEA70AF7E755
:105410000000000038B5074D074C641BA41024B9E8
:10542000064B0BB1AFF3008038BD013C55F824307A
:105430009847F4E7000000000000000000000000B2
:105440002DE9F84F05461B48894601F042FE1A4BEC
:10545000D3F800B0BBF1000F06D02B461C4613F862
:10546000012B3AB13D2AF9D1124801F038FE002053
:10547000BDE8F88F641BDA4656465AF8048BB8F13B
:10548000000FF1D022462946404605F019FC0028BD
:10549000F2D118F8043008EB04073D2BECD1A6EB51
:1054A0000B060448B610C9F8006001F018FE781C1D
:1054B000DEE700BF8C110020480300200048704741
:1054C000B816002010EE103AB7EE007A23F0004331
:1054D000B3F1485F3BD360EE006ADFED1E5A9FEDEB
:1054E0001E6AF6EE007A1D4A60EE200A06EEA56AF4
:1054F000DFED1B5A934266EEA77A56EE265A9FEDD1
:10550000196A05EEA66ADFED185A56EE265A9FED87
:10551000176A05EEA66A26EE266A56EE260A04D813
:1055200077EEE07A37EE670A7047114A934296BFEA
:1055300003F17F43F5EE026A06EE903A77EEE67AE3
:1055400037EE660A77EEE07A30EE670A7047B0EE23
:10555000470A70474ED747ADF6740F319999993E77
:105560007CF29334010DD037610BB63AABAA2A3DD9
:105570000000483F2DE9F04F90469B46C14B0F4637
:1055800018F1040F2DED048BD9B0669ADDF89CC19B
:1055900053F822A00BF1FF33019025DBB8F1030291
:1055A00048BF08F10402D210551CD41A0AEB0306B6
:1055B0000DF17009E9009FEDB77AA8EBC5050291DE
:1055C0000CEB840E0021B14210DD1CA90DF5887989
:1055D000002601EB8B01564528DCDDF804E00C4683
:1055E000DFEDAC7A002018E00022DDE7CC4254BFAA
:1055F0005EF82100F0EE477A01F101015CBF07EE91
:10560000900AF8EEE77AE9EC017ADCE7FEEC016A51
:10561000013094ED007A46EE877A9842A4F10404B2
:10562000F4DD01360431E9EC017AD4E708A90CEB8A
:1056300082025446DFED968A01EB8A019FED939A30
:1056400003920491A20044A92046059258AA01EBB6
:10565000840102EB840212ED140A08AA16460028FF
:10566000A1F104014EDC2846CDE9063200F036FBFC
:10567000F4EE007AB0EE408A60EE277AFBFE677A9D
:10568000B2EE007A002DDDE9063207EEC78AFDEEA4
:10569000C87A17EE909AF8EEE77A38EE678A43DD1B
:1056A000601E08A9C5F1080C51F8206046FA0CF1FB
:1056B000894401FA0CF1761A08A941F82060C5F175
:1056C00007010E41002E3EDD4FF0000C09F10109EB
:1056D000604664456ADC002D05DD012D00F0838005
:1056E000022D00F08B80022E2DD1B7EE000A30EE95
:1056F000488A40B32846069300F0F0FA069B38EE3D
:10570000408A20E060EE287A0138FDEEE77AF8EE74
:10571000E77A07EEC90ABDEEC00AA6EC010A91EDD0
:10572000000A37EE800A9AE705D1611E08A850F8F2
:105730002160F611C6E7F6EE007AB4EEE78AF1EEE4
:1057400010FA31DA0026B5EE408AF1EE10FA40F098
:10575000A380611E0020514557DA002871D0013C1A
:1057600008AB083D53F82430002BF8D0B7EE000A00
:10577000284600F0B3FA631C44AA9FED457A9900CD
:1057800002EB83022346002B80F2B4802346002BD9
:10579000C0F2D28044AADFF8F0C0DFED3E7A0020EC
:1057A00002EB8305E21ABCE002268DE796465EF81E
:1057B000041B60B981B10CF1010CC1F58071644525
:1057C0004EF8041C0DDDDEF8001002F1080EC1F1E8
:1057D000FF014EF8041C01210CF1010C7246084631
:1057E00077E7012077E7611E08AA52F8212002F02E
:1057F0007F020DF1200C4CF8212074E7611E08AAED
:1058000052F8212002F03F02F3E708AA52F82120C3
:10581000013910439FE7013251F8040D0028FAD0F6
:10582000059904EB0B000DF1700C661C01F5B071CD
:1058300022440CEB800069444C39B24204DA14462D
:1058400000E704990122E7E7039CDDF804C054F85F
:10585000264007EE904A05940024F8EEE77AE0EC43
:10586000017A8646DFED0B7A9C4203DD0136E1ECDE
:10587000017AE2E7FCEC016A01343EED017A46EE82
:10588000877AF1E7A0E5010874E50108000080438C
:105890000000803B00000000029BB0EE480AA3EB32
:1058A000080000F01BFA1FED077AB4EEC70AF1EE0C
:1058B00010FA19DB5FED0A7A08AA083560EE277A3C
:1058C000FDEEE77AF8EEE77A07EEC70AFDEEE77A33
:1058D000BDEEC00A10EE103A42F82430013417EE43
:1058E000903A42F8243041E7BDEEC00A08AA10EE13
:1058F000103AF6E708A850F82300013B07EE900A9B
:105900000190F8EEE77A67EE807A20EE070A62ED02
:10591000017A38E7FCEC016A0130B5EC017A46EE19
:10592000877A504501DC8242F4DA58A8013B00EB4B
:10593000820242ED287A2AE7669B022B09DC002BC3
:105940002BDC44D009F0070059B0BDEC048BBDE856
:10595000F08F669B032BF5D130AA0B1F2046134412
:105960001A460028A2F1040252DC2246012AA3F1C1
:1059700004035DDC30AB5FED397A0B44012C67DC4E
:10598000DDED306A9DED317A002E67D1C7ED006AFA
:1059900087ED017AC7ED027AD4E730AB22461FEDDE
:1059A000437A0B44002A24DA4EB3F1EE477AC7ED6E
:1059B000007A31AADDED307A012377EEC77A9C4276
:1059C00020DA0EB1F1EE677AC7ED017ABAE730ABB3
:1059D0005FED507A0B44002C05DA0EB1F1EE677AD8
:1059E000C7ED007AAEE733ED017A013C77EE877AB6
:1059F000F1E773ED017A013A37EE277AD2E7F0EE5C
:105A0000477AD4E7B2EC017A013377EE877AD6E7AA
:105A1000D2ED007A0138D2ED016A37EEA67A77EE40
:105A2000C77A82ED007A77EEA67AC2ED017A98E71E
:105A3000D3ED007A013AD3ED016A37EEA67A77EE1C
:105A4000C77A83ED007A77EEA67AC3ED017A8DE707
:105A500033ED017A013C77EE877A8FE7F1EE666AE3
:105A6000B1EE477AF1EE677AC7ED006A87ED017A09
:105A700090E700BF10EE103AF0EE407A23F00043BA
:105A8000B3F1485F01D200F01BB960EE006A9FEDF0
:105A9000167ADFED165A56EE875A9FED157A20EEEC
:105AA000266A05EEA67ADFED135A57EE265A9FEDC9
:105AB000127A05EEA67A40B9DFED105A56EE875AF3
:105AC00045EE867AB0EE670A704726EE077AF6EE64
:105AD000005A10EEA57A57EE260A9FED097A46EE97
:105AE000470A30EE600A7047D3C92E2F342FD732C1
:105AF0001BEF3836010D50398988083CABAA2A3E85
:105B0000ABAA2ABE10EE103A23F00042B2F1465F73
:105B100016D2FDEEC07A17EE901A31BB431C134328
:105B200006D1B7EE007AF0EEC07A87EE270A70470A
:105B3000012800F09F80FFEE007A87EE800A704710
:105B40004D498A4211D3002BDFED4C7ABCBFB1EE38
:105B5000400AF1EE600A77EEC07A9FED490A30EE16
:105B6000600ADFED480A30EE270A20EE007ADFED0A
:105B7000466A9FED466ADFED465A67EE077A3E4970
:105B800020EE075A8A4207EEA66ADFED426A46EE29
:105B9000276A9FED416A06EEA76ADFED406A46EE8E
:105BA000276A9FED3F6A06EEA76ADFED3E6A47EE81
:105BB000A56ADFED3D5A46EEA75ADFED3C6A45EE99
:105BC000A76ADFED3B5A46EEA75ADFED3A6A45EE8B
:105BD000A76AF0EE667AF0EE606A46EE077A47EE64
:105BE000856ADFED357A46EE870A45EE270A30EE04
:105BF000207A1DD307EE900A27EE076A9B17F8EE6E
:105C0000E77A03F0020337EE277AC3F10103C6EE09
:105C1000076A36EEE07A30EE477A37EE077A37EEEB
:105C2000C77A07EE903AF8EEE77A27EE270A704730
:105C300001281DD0FFEE007A204B17EE102AC7EE88
:105C4000876A1A4006EE102AB7EE007A36EE400A4E
:105C500070EEC00A16EE902A134007EE903A06EE58
:105C6000277A00EEA77A47EE267AB0EE670A7047E9
:105C7000B0EE470A704700BF40A12C3FDA0F493F02
:105C800068212233000000008453D9377AC0953848
:105C90005FAE9BB7B937813948DEBE3A1F37113C3A
:105CA000D10D5D3D45F4A338C8261A3A16696B3B01
:105CB000A427B33C8988083EABAAAA3E00F0FFFFA8
:105CC000F7EE007A9FED047A82B077EE877ACDED19
:105CD000017A019B02B0704700008000024610EE7E
:105CE000100AC0F3C75320F0004183B9A9B3DFED18
:105CF0001B7A1B4960EE277A8A4217EE900AC0F39E
:105D0000C753A3F1190307DAC00F00F049B8FF2BFE
:105D100002D130EE000A70474CF250318A4202DD67
:105D2000C00F00F04BB81344FE2BF9DC002B06DD4E
:105D300020F0FF4040EAC35300EE103A704713F1E1
:105D4000180FE1DB193320F0FF409FED060A40EA0F
:105D5000C35007EE900A27EE800A70470000004CFF
:105D6000B03CFFFF0000003310EE103A33F000406B
:105D70000DD0A0F50003B3F1FE4F0AD3421E074B2E
:105D80009A4208D9A0F1FF43584258417047022077
:105D90007047042070470320704700BFFEFF7F005C
:105DA0009FED040A0028DFED047A40FE277A27EEF3
:105DB000800A704700008000000080809FED040A88
:105DC0000028DFED047A40FE277A27EE800A70472C
:105DD000FFFF7F7FFFFF7FFF51EC100BC1F30A52E3
:105DE0000B4670B5A2F2FF340546132C1EDC002CC6
:105DF0000CDA00293CDA21F00043002203431E4B59
:105E000008BF4FF000431946104617E01B4A2241D5
:105E100001EA0206064311D00029BEBF4FF48011EB
:105E200021415B1823EA02030022ECE7332C08DD52
:105E3000B4F5806F02D10246EAF72EFA41EC100B5E
:105E400070BDA2F213464FF0FF32F2400242F5D08D
:105E500000290ADA142C01D1013306E0C4F134041C
:105E60000121A14049190D46F6D225EA0202CAE7EE
:105E700000221346C7E700BF0000F0BFFFFF0F007E
:105E8000704703460A4619790123006803FA01F1B5
:105E900003691B68194218BF82F0010212B18368BE
:105EA000DB68184783681B69FBE70020EFF7CCB974
:105EB000F8B568270646B1FBF7F50024AC4200D1DF
:105EC000F8BD07FB0460EFF733FA01340021A0208E
:105ED00004F0ABF9F2E7406A7047F9F717BFF9F73A
:105EE00075BFEFF7B9BFFAF7E3BB08B5EFF79AFA5A
:105EF000002008BDFEE7836800EBC101B3F5004F49
:105F00002CBF51F8220031F81200704700EBC1019C
:105F10008068B0F5004F2CBF41F8223021F81230D4
:105F20007047012208B5FFF7E6FFD04008BD83683F
:105F300000EBC101B3F5004F08D34B681AB143F031
:105F400001034B60704723F00103FAE74B881AB155
:105F500043F001034B80704723F00103FAE753003D
:105F60000122FFF7D3BF8368B3F5004F34BF04238A
:105F70000823C91A081AC0087047B0F5004F34BF8B
:105F800004230823481C0833A0EBD300B0FA80F0A8
:105F9000C0F11F0070472DE9F041174603220E465D
:105FA0000446FFF7A8FF8642054607F104080AD118
:105FB0000122E368BA4023EA0203E360002344F8C5
:105FC0002830BDE8F081314602222046FFF793FFDA
:105FD00006462B4601460322204644F82850FFF788
:105FE00095FF334629462046BDE8F0410222FFF7DF
:105FF0008DBF70B50D4686680446FFF792FFB6F573
:10600000004F014601D3012809D03046FFF7B5FF04
:10601000294602462046BDE87040FFF7BCBF70BD70
:106020002DE9F04705468068FFF7A7FF05EB800ADA
:10603000DAF8109088460646B9F1000F1BD0032706
:10604000DAF8104028462146FFF76BFF404507D39A
:10605000324621462846FFF79EFF2046BDE8F087DE
:10606000032221462846FFF746FF013FCAF81000E9
:1060700001D08145E4D14FF0FF34EB680136B440E4
:106080001C40EAD094FAA4F2B2FA82F2131D55F839
:106090002340DEE72DE9F04114460E460546FFF7A2
:1060A00040FFA4EB0608371B07444246314628460A
:1060B000FFF755FF3A4621462846FFF750FF434673
:1060C000002221462846FFF721FF21462846FFF7F8
:1060D00028FF3B46211800222846BDE8F041FFF783
:1060E00015BF2DE9F041164604460F46FFF719FF8C
:1060F000314605462046FFF714FF05442A46394637
:106100002046FFF72CFF31462046FFF70AFF2B46BB
:10611000311800222046BDE8F041FFF7F7BE2DE917
:10612000F0410D4686680446FFF7FBFEB6F5004FCA
:10613000014601D3012832D03046FFF71EFF04EBA1
:1061400080010E6996B90122E36882401343E3603F
:1061500002220D612B4629462046FFF7D7FE032277
:1061600029462046BDE8F041FFF7D0BE0222314665
:106170002046FFF7C0FE0746034629462046FFF7A4
:10618000C5FE0322334629462046FFF7BFFE3946A7
:106190002B462046FFF7BAFE02223146E1E7BDE872
:1061A000F081F8B50C460546FFF7BBFE2618012224
:1061B00031462846FFF79FFEC3070CD431462846D8
:1061C000FFF717FF21462846FFF7ABFE21462218AE
:1061D0002846FFF786FF002221462846FFF78BFE60
:1061E000271A012239462846FFF785FE10EA0206E3
:1061F00013D139462846FFF7FCFE21463246284691
:10620000FFF779FE2246211A2846FFF76AFF21464A
:1062100032462846FFF76FFE241A21462846BDE87D
:10622000F840FFF77CBF2DE9F84305460C46FFF721
:106230009AFE0646A86802F00701B0F5004F2CBF91
:106240000827042707EBC6032B44E31A073103F0A2
:10625000070439442144DC0804EBD20404EBD104E4
:10626000844228BF044631462846FFF75AFE84423E
:1062700007460ED012D23444224631462846FFF754
:1062800009FF314601222846FFF751FE2146FFF75C
:1062900088FF4FF001084046BDE8F88306EB00098F
:1062A000012249462846FFF726FE10EA020826D1B9
:1062B00049462846FFF735FE38448442EBD8494624
:1062C0002846FFF796FE49462846FFF72AFEE71BB9
:1062D000874209D23444494628462246FFF7DAFE6F
:1062E00021462846FFF71BFF4A4631462846FFF75E
:1062F000F8FE012231462846FFF719FEC9E74FF0A4
:106300000008C8E738B571B1056800222846FFF7D4
:106310002AFE044601462846FFF709FE2146BDE84D
:106320003840FFF73EBF38BD70B505680C462846BB
:10633000FFF719FE064601462846FFF7F2FD05EB7A
:10634000C605C4EBC000284470BD70B5056809B926
:10635000002070BDAB6801F00704B3F5004F2CBFFF
:106360000822042207341444E40804EBD1049C42BC
:1063700028BF1C4628462146FFF752FE0646002845
:10638000E6D001462846FFF7CCFDA04209D93444A7
:10639000314628462246FFF77DFE21462846FFF774
:1063A000BEFE284601223146FFF7C1FDAB68B3F5BA
:1063B000004F34BF0423082303EBC6031844C8E787
:1063C0001146FFF7C2BF2DE9F84306681446B268CC
:1063D00001F1FF39B2F5004F34BF0423082319EA55
:1063E00001090F460BD0494239408B424F4628BF26
:1063F0000B46894654B900252846BDE8F8839942E2
:10640000F8D82146BDE8F843FFF79FBFB2F5004F2B
:106410002CBF08250425FB1AE10804F0070001EB56
:10642000D301073003F0070303442B4401EBD301EE
:10643000914228BF11463046FFF7F2FD8046002802
:10644000D9D0B36809EBC005B3F5004F34BF0423BE
:1064500008231D4435447B1E1D44B5FBF7F57D43E1
:10646000A5EB090529463046FFF77DFD2C4407348E
:1064700024F00704A41B804507464FEAE40408D231
:10648000024641463046FFF705FE41463046FFF7DB
:1064900046FE39463046FFF744FD3844844208D270
:1064A000394630462246FFF7F5FD21463046FFF7D4
:1064B00036FE012239463046FFF739FD9CE7F8B534
:1064C000064617461D460C4629B91A463946BDE808
:1064D000F840FFF778BF23B9FFF714FF00242046E8
:1064E000F8BDE2B1531E194219D039462A4630464A
:1064F000FFF769FF07460028F0D021463046FFF736
:1065000013FF85422A46214628BF0246384604F03A
:10651000D8FE21463046FFF7F5FE3C46DFE72A4627
:1065200021463068FFF77FFE0028DED0D7E7B2F5BE
:10653000802F2CBF082304232DE9F0410026D21A16
:106540008C18CD1D25F0070524F00704641BE40812
:10655000056021462046AC60EE60FFF70EFD421D4F
:106560009200013002F107074FEAD7073146A2F146
:10657000100205F11000B8BF324604F0C9FE3A46D9
:1065800031462846FFF7EBFC334632463146284673
:10659000FFF7BCFCA4EB0708284631460122FFF7B1
:1065A000C6FC42463946FFF7DAFC3B4632463946DE
:1065B0002846FFF7ABFC21462846FFF7D0FC4346B0
:1065C000324621462846FFF7A1FC214628460122F3
:1065D000FFF7ADFC3946BDE8F041FFF7A0BD2DE95E
:1065E000F04706460D46174698462BB34FF0000A73
:1065F00098F8004093F80190DB78A40004EB430482
:1066000098F802301C444444CA4509D33946304600
:10661000AC46D8F8042008F10803BDE8F04760470D
:1066200014F8013B0AF1010A204648F82340EAF732
:1066300063FD01300444E7E76FF01500BDE8F08723
:1066400070B5002502462846144614F8013B0BB9E4
:10665000184609E098B18D4207D1702B04D0A3F100
:1066600040023A2A0BD8002070BDA3F140063A2E12
:1066700005D853780135941C002BE9D00020252B38
:10668000224608BF80F00100DEE7F0B4D1E90054F3
:10669000D0E90032002A16DA002C08DA4FF0004662
:1066A0005F4266EB0206BD4274EB06061ADB5B191D
:1066B00042EB0402C0E9003283688A6813448360B5
:1066C000F0BCEFF733BB53EA0206F0D0012D74F1B2
:1066D0000006ECDBDE43AE426FF00046A6EB02069E
:1066E000A641E3E70020F0BC70470020704700F0AF
:1066F0003BBA0FB407B504A951F8040B019100F09F
:1067000033FA03B05DF804EB04B07047002383F361
:106710001188BFF36F8F0423184602DF70470FB450
:1067200007B504A951F8040B0191FFF7E0FF03B08E
:106730005DF804EB04B07047013A01F01F030A440E
:1067400030B54C090121550902F01F02C26001FA5F
:1067500002F2836001FA03F3511E5B420A43AC422A
:10676000036108BF134004604560426108BF0361D4
:1067700030BDF0B587B004460C981D4610B9684688
:10678000FFF7DAFF01684768A368B94253F8212090
:10679000066908D125B1324343F8212007B0F0BD86
:1067A00022EA0602F8E7B5B1324343F821204168F6
:1067B000A268456952F821302B4342F821304FF04E
:1067C000FF310368013342689A42E7D9A26842F870
:1067D00023100133F7E722EA060243F82120A268DA
:1067E0004168466952F8213023EA060342F8213015
:1067F0000268436801329342D0D9A36843F822501B
:10680000F7E7F8B50646DDE906051C46FFF794FFF5
:10681000D0E900139942B66802690BD156F82130CD
:1068200004B9DB4332EA030023D022EA030215BB9A
:106830000020F8BD56F8217004B9FF4332EA070C76
:1068400002D022EA0702F2E756F8237004B9FF43A8
:10685000426932EA070009D0194622EA0702E6E750
:1068600056F8212004B1D243002AE0D101318B42F5
:10687000F6D80120DDE792FAA2F3002AB3FA83F3F7
:1068800008BF4FF0FF3303EB41132B60D0E72DE936
:10689000F04F05460E4690468BB0EFF3118910235A
:1068A00083F31288BFF36F8F002A3FD000293DD0B9
:1068B0000168B1423AD30022406890424FEA421444
:1068C0000DD0AB6853F822305F1C01D10132F4E7E0
:1068D0002BB1DB4393FAA3F3B3FA83F31C44A1EB8C
:1068E000060A0DF10C0B04AF544502D96FF01B00E2
:1068F00012E00023324621462846CDE9007BFFF70F
:1069000080FF80B128460123324621460097FFF7D9
:1069100030FF0020C8F8004089F31188BFF36F8F63
:106920000BB0BDE8F08F039C0134DDE76FF015007C
:10693000F2E72DE9F0434B1E80460D46164689B01E
:106940001344EFF31189102282F31288BFF36F8F83
:10695000F9B102688A421CD3B2421AD99A4218D9B4
:10696000002402AF0A460123314601940097FFF745
:1069700048FF88B1404623462A4631460097FFF734
:10698000F8FE204689F31188BFF36F8F09B0BDE888
:10699000F0836FF01500F5E76FF00D00F2E770B5CA
:1069A00006460C888888241A3069A4B2844285B2CD
:1069B00024BF641BA4B22D1BA8B2984228BF18465E
:1069C0003368234413600B8803440B8070BD70B49C
:1069D000838985880669ED1AADB2731B934228BF7F
:1069E000134670BC0A46011DFFF7D9BF70B40E46AE
:1069F0000146C58831F80A3FEC1AA3B2934228BF7A
:106A00001346324670BCFFF7CABF10B54B880C88DE
:106A1000E41AA4B294420ED31A4492B28B884A80EC
:106A20000A800069D21A92B2824201D2002010BDBF
:106A300003448B80FAE76FF01500F8E72DE9F34186
:106A400006460F4615464FF000082A46304601A973
:106A5000FFF7BDFF044640B102463946019804F0F5
:106A600030FC2D1BA0442744EFD142463046311D57
:106A7000FFF7CBFF404602B0BDE8F0812DE9F341BE
:106A800007460E4615464FF000082A46384601A92B
:106A9000FFF7ACFF044648B12EB1024601993046DB
:106AA00004F00FFC26442D1BA044EED1424638468C
:106AB00007F10A01FFF7A9FF404602B0BDE8F081E7
:106AC0002DE9F34106460F4615464FF000082A46C9
:106AD000304601A9FFF78AFF044640B102460199FA
:106AE000384604F0EEFB2D1B2744A044EFD10022D2
:106AF000304606F10A01FFF788FF404602B0BDE8C4
:106B0000F081704708B503F0A8FD0A220023EAF7D8
:106B1000ABFA08BD7FB50BAB059303930A9B01222B
:106B2000029300231846CDE90033EFF703FC07B0CA
:106B30005DF804FB0020704708B503F08EFD0A22C3
:106B40000023EAF791FA08BD0346D3E8EF0F421C91
:106B5000C3E8E12F0029F8D17047002108B50846A5
:106B6000EFF7C0FA002008BD1FB50023CDE90201F0
:106B70001A4619461846CDE90033EFF7DBFB05B09E
:106B80005DF804FB7047002070470020704700202C
:106B900070474368DA7101224368196043685A718B
:106BA000FFF7F0BF70B515460C4669B1D2E9013662
:106BB0009B1B99420AD813680A460146981904F0AB
:106BC00080FBAB682344AB60204670BD6FF01B00B8
:106BD000FBE770B50E4615461946044618B9BDE8E0
:106BE0007040EFF749BB33B1C2F34A231030120DA6
:106BF000184404F066FBC4E900562046BDE8704026
:106C0000EFF74EBB2DE9F3415F1C4FEA87080646BC
:106C100008F1170020F0070080080C461546FFF722
:106C2000B4FF00238DF80470ADF805308DF80730FF
:106C300068B10346019AA8F1040143F8102F2A46CF
:106C4000294452F8045B8A4243F8045FF9D10023D7
:106C50003146A20102F4E07242EA482222F07F4269
:106C600022F4700222F03F0202B0BDE8F041FFF7CB
:106C7000B0BF7FB50BAB059303930A9B022202932F
:106C800000231846CDE90033EFF754FB07B05DF859
:106C900004FB07B50123019201AAFFF7B3FF03B07C
:106CA0005DF804FB07B5CDE9002302236A46FFF730
:106CB000A9FF03B05DF804FB1FB5CDE90123069BD6
:106CC00001AA03930323FFF79DFF05B05DF804FBC2
:106CD000F8B506460D4614461F4604B9F8BD2146D0
:106CE00028463A46B047241A0544F6E707B5D1E9E5
:106CF00000328DF80700012152680DF10700984716
:106D0000002003B05DF804FB0A2838B504460D46A0
:106D100002D10D20FFF7EAFF29462046FFF7E6FFE4
:106D2000002038BD2DE9F043054687B008460E889F
:106D300091F800900C46D1F808801746EFF7C2FB97
:106D4000011EC6F38216C9F3C2091EDB4846EFF7DF
:106D5000C3FA0346214651F8102B6088C2F34A2239
:106D6000002A01EB020408BF00210022C0F30B102F
:106D7000CDE90407CDE90214284641460196009268
:106D8000EFF7CCFB07B0BDE8F0830023E2E74368F0
:106D900000201B685B689961704743681B681A682C
:106DA00052685360704701212DE9F04143681B6828
:106DB0005A6811771D682F68D5E90136D3E9004874
:106DC0001CB96B681C60BDE8F08121463046424624
:106DD000B847241A0644F3E770B543680C461D68AB
:106DE0006B689869EFF7E8F9214603460F22286897
:106DF000BDE870401847002908DB8068884205D943
:106E0000401A904234BF0020012070470020704794
:106E1000704770B516461A4605460C46FFF7EBFF5D
:106E200048B16968E8682144826814683246A4461B
:106E3000BDE8704060476FF0150070BD70B5164634
:106E40001A4605460C46FFF7D6FF48B16968E86860
:106E50002144826854683246A446BDE870406047C9
:106E60006FF0150070BD10B50B460446FFF7C3FF69
:106E700040B16168E068194483689B682BB1BDE844
:106E8000104018476FF0150010BD6FF05700FBE77A
:106E90007FB50BAB059303930A9B0122029300235A
:106EA0001846CDE90033EFF745FA07B05DF804FB6B
:106EB0002DE9F04187680446FB680D461646984761
:106EC000BB682BB1324629462046BDE8F041184741
:106ED0006FF05700BDE8F0812DE9F74FDDF830B0D5
:106EE0001F4643EA0B030B4381460E46144604D566
:106EF0006FF0150003B0BDE8F08F0D9B002BF7D0AD
:106F00000E9B002BF4D011EB0B03F1D41BEB07020B
:106F1000EED4A04207D1B94201D10020EAE7914264
:106F200001DA9F42E4DB484602F0C7FC10B96FF07B
:106F30001200DFE7204602F0C0FC0028F7D0A3686B
:106F40002046DB6898470E9BD0F800804345CFD39E
:106F5000B3FBF8F508FB15330093002BC8D1DA46D4
:106F6000009B9B45D9D9C24508D2A3682046DB685F
:106F70009847424641790D9804F0CAF9C2455346F4
:106F800038BF43460E9A934228BF1346D9F80820CB
:106F9000009912684846154671180D9A0193A84742
:106FA0000028A7DBA2680099536820461D460D9A69
:106FB000019B3944A84700289CDBDDE900231A44E3
:106FC0000092AAEB030ACBE7704770B50546002490
:106FD000061D2B69A34200D870BD56F8343013B19A
:106FE00055F8340098470134F3E711461A46EFF795
:106FF0000DBD7FB50BAB059303930A9B0122029352
:1070000000231846CDE90033EFF794F907B05DF897
:1070100004FB01460068EFF76DBD08B5EFF700FE11
:10702000BDE80840EFF7FEBF7FB50BAB05930393B8
:107030000A9B0122029300231846CDE90033EFF7A3
:1070400079F907B05DF804FB7FB50BAB05930393AB
:107050000A9B0122029300231846CDE90033EFF783
:1070600069F907B05DF804FB013140B2F0F75ABB93
:1070700000210120EFF73EBD38B504460D4611460C
:107080001A46EFF771FC60B2691CF0F74BFB204623
:1070900038BD6FF08500704761B662B680F3118825
:1070A000BFF36F8F704772B6002383F31188BFF36D
:1070B0006F8FBFF34F8F30BF62B6BFF36F8F7047D4
:1070C00008B5F0F771FC08B5D1E904319847002004
:1070D00008BD4FF0FF324FF0FF33F8F7DBBEF8F793
:1070E00051BF08B5F0F74CFC002008BD7FB50BABD5
:1070F000059303930A9B0122029300231846CDE9CE
:107100000033EFF717F907B05DF804FB0121F0F742
:107110002BBD0021F0F728BD70B513461446072299
:1071200005460E46F0F766FE38B923463146284636
:10713000BDE870400622F0F75DBE70BD2DE9F0415C
:1071400006460D461746002401F1100858F8043F82
:1071500033B10134E4B20C2CF8D10020BDE8F08149
:107160003B46224629463046F0F744FE0028F0DA36
:10717000F4E770474368184783681847C36803B14A
:107180001847184670477FB500200BAA0592039256
:107190000A9A01900292089A00920122EFF7CAF827
:1071A00007B05DF804FB10B5D0F82C3203EBC20435
:1071B00013F832300C2B1DBF01EB83014869636863
:1071C000002018BFC01810BD38B505460C468C30DD
:1071D0004968F0F747FD10B1A0600120256038BD77
:1071E0007FB50BAB059303930A9B01220293002307
:1071F0001846CDE90033EFF79DF807B05DF804FBC2
:107200000246002330B5946D8C420AD8156E254491
:107210008D4206D9282202FB0300C36D1944081BC6
:1072200030BD01330C2B02F12802ECD16FF00700C6
:10723000F6E770B51D465368D0F824111B0A826822
:1072400001EB03110446904730B929462046636894
:107250001022BDE87040184770BD38B50446D4F818
:10726000383208469D18D4F83422D4F830129542AA
:1072700028BF15461944EA1A04F023F8C4F8385216
:10728000002038BDD0F834328B4294BFC0F8383279
:10729000C0F8381200207047D0F830020844704718
:1072A000002008B50B21F1F7EBFD024601460B204B
:1072B000FFF7DAFE00220C210120F1F7E1FD114673
:1072C0000C20FFF7D1FE00220D210220F1F7D8FD9E
:1072D00011460D20FFF7C8FE00220E210320F1F712
:1072E000CFFD11460E20FFF7BFFE00220F21042024
:1072F000F1F7C6FD11460F20FFF7B6FE0022102160
:107300000520F1F7BDFD11461020FFF7ADFE00226C
:1073100011210620F1F7B4FD11461120FFF7A4FE5C
:10732000002212210720F1F7ABFD11461220FFF7D2
:107330009BFE002213210820F1F7A2FD1146132025
:10734000FFF792FE002214210920F1F799FD114662
:107350001420FFF789FE002215210A20F1F790FD85
:1073600011461520FFF780FE002216210B20F1F7B1
:1073700087FD11461620FFF777FE002217210C200B
:10738000F1F77EFD11461720FFF76EFE002218214F
:107390000D20F1F775FD11461820FFF765FE00225C
:1073A00019210E20F1F76CFD11461920FFF75CFE44
:1073B00000221A210F20F1F763FD11461A20FFF772
:1073C00053FE002008BD01208840704710B50F24EF
:1073D000C20000F00C0000F18C4000F50830036E94
:1073E00002F01802944023EA040391400B43036621
:1073F00010BD002208B525201146FFF735FEBDE877
:1074000008402520F0F7A2B97FB50BAB0593039395
:107410000A9B0122029300231846CDE90033EEF7C0
:1074200089FF07B05DF804FBD0E92832C0F8A82036
:107430005B681A68936823F0004323F03F0343F02E
:1074400004039360704710B403460838D0E8EF2F68
:10745000511CC0E8E41F002CF8D11AB95DF8044BA8
:10746000FFF7E2BF6FF00F025DF8044B9A667047BA
:1074700038B583680446DA0712D401230A2503606D
:10748000836823F0004323F03F0343F0010383604C
:107490002368DB0704D4642002F000FA013DF7D131
:1074A00038BD8368D90726D583685A070AD583680B
:1074B00023F0004323F03F0343F01003836083680D
:1074C0005B07FCD4836819070AD5836823F000435F
:1074D00023F03F0343F02003836083681A07FCD442
:1074E000836823F0004323F03F0343F002038360EB
:1074F0008368DB07FCD470474FF48072F2F76EB9F3
:107500004FF40072F2F76AB96FF08500704770B5FA
:1075100003880C889C4226D814889C4223D3448834
:107520004D88A5421FD85588A5421CD385888C88D4
:10753000AC4218D89488AC4215D3C488CE88A642F1
:1075400011D8D688A6420ED30089098981420AD86B
:107550001289824207D3AB4205D8A34294BF0020D0
:107560006FF0850070BD6FF08500FBE710469161FC
:10757000F8F78ABD7FB50BAB059303930A9B0122F5
:10758000029300231846CDE90033EEF7D3FE07B08F
:107590005DF804FB70B504460D468668816830319D
:1075A000826828463A32FFF7B2FF28B929462046BA
:1075B0003369BDE87040184770BD70B504460D468C
:1075C00083688168483182685E6C52324EB12846C9
:1075D000FFF79DFF38B9294620463346BDE8704085
:1075E00018476FF0570070BD10B44468A469A468D0
:1075F000A4465DF8044B604710B44468A469E4688D
:10760000A4465DF8044B604743689B691B691847B3
:107610007FB50BAB059303930A9B02930023184697
:10762000CDE90033EEF786FE07B05DF804FBF8F70E
:1076300031BCF8F7A7BC2DE9F743054606694FF0C2
:10764000FF3210364FF0FF333046FFF7F0FF1821BE
:10765000284601AAF2F73EFB044670BB019A1821A6
:1076600042F0010228460192F2F750FB044620BB8B
:1076700002F0F3FF01AA0746884628461821F2F7D0
:1076800029FB0446C8B940F2E939019BDB0714D451
:1076900002F0E3FFC01B61EB0801484571F10001F6
:1076A00012DB019A182122F0010228460192F2F71A
:1076B0002DFB041E08BF6FF00A043046FFF7B9FF28
:1076C000204603B0BDE8F0831821284601AAF2F74E
:1076D00001FB0028D9D00446EFE7F8B50569064656
:1076E0002B790F46002B3CD110354FF0FF324FF075
:1076F000FF332846FFF79BFFB988FC884B1E013CEF
:1077000024011B0203F4F85304F0F0041C433B88EB
:107710003A89013B03F00F031C43531E18049BB22C
:1077200000F4F810012B44EA00040FD87B8830469F
:107730000B4403FB02227F2A28BF7F22482112022A
:10774000F2F7E4FA074638B944F4000422460C2163
:107750003046F2F7DBFA07462846FFF76AFF38465D
:10776000F8BD6FF00F07FAE7072300200B607047A2
:10777000F7B5064615460C4649B1442101AA0769EA
:10778000F2F7A8FA28B93B792BB90423237085B9FD
:10779000002003B0F0BD019B190601D50323F5E7D6
:1077A0009A0601D50223F1E713F0400318BF012325
:1077B000ECE74021304601AAF2F78CFA0028E8D124
:1077C000019B2B70C3F306236B70E1E74368DB6911
:1077D00009B1987B7047587B70470369C3E902126F
:1077E000704737B5044605694FF0FF32103528461B
:1077F0004FF0FF33FFF71BFF1821204601AAF2F7D5
:1078000069FA38B9019A182142F002022046019221
:10781000F2F77CFA2846FFF70CFF03B030BD70B5D5
:10782000436808465E6C0C461546F3F741FA4FF67E
:10783000FF7398422DD03368582CC3581CD016D8EB
:1078400024F00404502C14D19901DA0002F4F82237
:1078500001F07F51114303F0010211439A0002F439
:10786000FE525B00114303F01C030B4301E0802C2C
:107870000CD02B60002070BD13F0020218BFD02284
:10788000DB0748BF42F00D022A60F3E703F03F0335
:10789000EFE76FF08500EEE770B5436808465E6C71
:1078A0000D461446F3F704FA4FF6FF73984235D0AD
:1078B000582D1DD016D825F00405502D14D1A3093C
:1078C000E20802F4784203F47F03134304F0010258
:1078D0001343A20802F4FE626408134304F00E048A
:1078E0001C4301E0802D10D03368C450002070BDCF
:1078F00014F0D00F14BF0123002314F00D0F4FEA32
:10790000430309D043F00104EEE704F03F0444F0E0
:10791000016444F44024E7E71C46E5E76FF0850086
:10792000E5E7002208B511462720FFF79DFB272039
:10793000EFF70CFF002228201146FFF795FBBDE86A
:1079400008402820EFF702BF70B40C461946436880
:107950005B6C586821F0030320441344851A93425A
:1079600002EB050402D170BCFFF7C6BD52F8046BF0
:107970002660F4E70B4610B4114642680024526CAE
:10798000506821F003021844034602449A4203D18E
:107990005DF8044BFFF7B0BD43F8044BF6E770B554
:1079A0001D46436814465B6C5E680E4429463046AB
:1079B000FFF7A6FD40B9224625F003052544361BF6
:1079C000954202EB060300D170BD1B6842F8043BF0
:1079D000F6E77FB50BAB059303930A9B0122029355
:1079E00000231846CDE90033EEF7A4FC07B05DF89C
:1079F00004FB13B544682089C0F30B0000F083F842
:107A0000002846DBE26893B203F18C4303F50333AD
:107A10001968C2F38450C2F3054200FA02F221EA67
:107A200002021A60E1688BB203F18C4303F5033361
:107A30001868CA0EC1F305418A4002431A606268A1
:107A400093B203F18C4303F503331968C2F38450F6
:107A5000C2F3054200FA02F221EA02021A606168EA
:107A60008BB203F18C4303F503331868CA0EC1F3DC
:107A700005418A4002431A600021206801AA00F0F3
:107A800023FF002805DB019B002219791868F5F710
:107A900009FC02B010BD0B8882B0C3F30B0303F6E0
:107AA0007872C2F30B02202A14D803F18C4303F539
:107AB00003331A684868024300201A600B88C3F336
:107AC0000B0303F18C4303F503331B680193019B04
:107AD00002B070476FF08500FAE70B88C3F30B0321
:107AE00003F67872C2F30B02202A9FBF03F18C4386
:107AF00003F503331A6849689BBF00208A436FF07F
:107B000085001A6070470F2809D84DF6D663C34028
:107B100013F0010F14BF00206FF0850070476FF065
:107B20008500704710B50888C0F30B00FFF7EBFF26
:107B300000281DDB4A6893B203F18C4303F503333D
:107B40001868C2F38454C2F3054204FA02F220EA30
:107B500002021A6049688BB203F18C4303F50333C8
:107B60001868CA0EC1F305418A40024300201A601A
:107B700010BD088808B5C0F30B0000F67873C3F396
:107B80000B03202B0AD800F18C4000F5033002686B
:107B90004B68934314BF0120022008BDFFF7B3FFD9
:107BA000002814BF01200220F7E74163704781637A
:107BB0007047C163704701647047406B7047806BCA
:107BC0007047C06B7047006C70476FF00203036131
:107BD00070476FF00403036170476FF0080303619F
:107BE00070476FF0100303617047C36843F00203EE
:107BF000C3607047C36823F00203C3607047C36863
:107C000043F00403C3607047C36823F00403C360F8
:107C10007047C36843F00803C3607047C36823F02C
:107C20000803C3607047C36843F01003C360704724
:107C3000C36823F01003C3607047436800201A69CB
:107C4000136843F0010313607047436800201A690A
:107C5000136823F001031360704743681B69D86AF7
:107C60007047436800201B695B6A0B60704743687C
:107C700000201B6958627047002270B5456804698E
:107C80002B694668767A964219DCDA6822F001029E
:107C9000DA600A68DA626FF001021A614A682260EB
:107CA0008A686260CA6812F001040ED15C6200202A
:107CB0004A681AB1DA6842F00102DA6070BDEE6813
:107CC00056F832607EB90132DBE740680C68006923
:107CD000406A8442EBD8920748BF00226FF03D0013
:107CE00048BF5A62E4E76FF00F00E7E7036998685E
:107CF00070470369002099607047036918697047ED
:107D0000002208B546201146FFF7AEF9BDE808404D
:107D10004620EFF71BBD002208B547201146FFF7AC
:107D2000A3F9BDE808404720EFF710BD7FB50BABC6
:107D3000059303930A9B0122029300231846CDE981
:107D40000033EEF7F7FA07B05DF804FB70B543684F
:107D5000054606691C6943685B7A013B032B47D8DB
:107D6000DFE803F0352413022369DA060AD5E36855
:107D7000DB0607D56FF01003236103212846F3F7D4
:107D800005FB02E0F3681807F7D4236919070AD541
:107D9000E3681A0707D56FF008032361022128461C
:107DA000F3F7F4FA02E0F3685B07F7D423695807A6
:107DB0000AD5E368590707D56FF004032361012151
:107DC0002846F3F7E3FA02E0F3689A07F7D4236949
:107DD0009B070AD5E368980707D56FF00203236174
:107DE00000212846F3F7D2FA02E0F368D907F7D466
:107DF0002369DA070CD5E368DB0709D56FF00103C7
:107E000023612B692846D3E90021BDE87040104763
:107E100070BD416843685B7A013B032B1DD8DFE8E6
:107E200003F01A1816020B691B69C3F300130A69E1
:107E30001269C2F3C0021A430B691B69C3F38003C2
:107E400013430A691069C0F34000184370470023C8
:107E5000EDE70022F0E70023F3E7002070477FB54D
:107E60000BAB059303930A9B012202930023184650
:107E7000CDE90033EEF75EFA07B05DF804FB0022AF
:107E800008B511461D20FFF7EFF81D20EFF75EFC47
:107E900000221E201146FFF7E7F81E20EFF756FCE0
:107EA00000221F201146FFF7DFF81F20EFF74EFCDE
:107EB000002220201146FFF7D7F82020EFF746FCDC
:107EC000002221201146FFF7CFF82120EFF73EFCDA
:107ED000002222201146FFF7C7F82220EFF736FCD8
:107EE000002223201146FFF7BFF82320EFF72EFCD6
:107EF000002224201146FFF7B7F82420EFF726FCD4
:107F0000002250201146FFF7AFF85020EFF71EFC7B
:107F1000002251201146FFF7A7F85120EFF716FC79
:107F2000002252201146FFF79FF85220EFF70EFC77
:107F3000002253201146FFF797F85320EFF706FC75
:107F4000002254201146FFF78FF85420EFF7FEFB74
:107F5000002255201146FFF787F85520EFF7F6FB72
:107F6000002256201146FFF77FF85620EFF7EEFB70
:107F7000002257201146FFF777F8BDE80840572048
:107F8000EFF7E4BB7FB50BAB059303930A9B02931A
:107F900000231846CDE90033EEF7CCF907B05DF8C1
:107FA00004FB10B504692046F3F70AFD2046F3F7F9
:107FB0003DFD2046BDE81040F3F7A2BD0021F3F7D8
:107FC000B5BD0121F3F7B2BD0221F3F7AFBD032127
:107FD000F3F7ACBD0421F3F7A9BD0521F3F7A6BD66
:107FE0000621F3F7A3BD0721F3F7A0BD0821F3F79E
:107FF0009DBD0921F3F79ABD0A21F3F797BD0B2127
:10800000F3F794BD0C21F3F791BD0D21F3F78EBD6D
:108010000E21F3F78BBD0F21F3F788BDF8B5466845
:108020000446D6E904738B4211D93846F3F7EEFDC6
:1080300058B91C22B36902FB013301229A716068AE
:10804000FFF7AFFF3846F3F7D1FD0020F8BD6FF022
:108050001500FBE770B505460E4641F28A343146FD
:108060002846F3F7E3FD40B1013C04D000210A208B
:1080700002F0DBF8F3E76FF00F0070BD10B50446B7
:10808000F4F766F820B12046BDE81040F8F7E8B9EB
:1080900010BD2DE9F3411C46002390468268236001
:1080A000A3600D465369694601AA9847019B5A1E71
:1080B000019223B96FF0150002B0BDE8F08100987D
:1080C000A26847682168676085B9A8EB0203066863
:1080D000B34228BF334603FB07111A442160A26054
:1080E00002689A4206D808300090DFE76B1AB3FBAB
:1080F000F7F3ECE70020DFE713460022FFF7C9BFE4
:1081000013460A460021FFF7C4BF07B583686946D6
:108110005B6901AA98470020019B5A1E019213B97E
:1081200003B05DF804FB009B53F8082B1044009348
:10813000F2E77FB50BAB059303930A9B01220293F1
:1081400000231846CDE90033EEF7F4F807B05DF8E8
:1081500004FB4FF0FF324FF0FF330430F7F7CEBF90
:108160000020704708B5006904300122114601F073
:1081700098FEFFF7F5FF00EAE07008BD7FB50BAB96
:10818000059303930A9B0122029300231846CDE92D
:108190000033EEF7CFF807B05DF804FB7FB5144667
:1081A0000269054612680E46126C1BB141EA0403CF
:1081B0001B0710D13146284601AAFFF79DFF50B991
:1081C000013C284601AAA119FFF796FFB0FA80F0FA
:1081D000400904B070BD0020FBE7436800205B68E5
:1081E0001B690B60704743685B68586942400A40EE
:1081F00042405A6100207047436800205B689961E3
:108200007047436800205B689962704743680020AC
:108210005A6853694B405361704710B503699868B9
:10822000F8B1884219D1DC680868A142986000D191
:10823000D860002008602AB19A680A60DA689960FC
:1082400002B9D960002010E0814206D108682060A0
:10825000D8688142EDD1DC60EBE704460068002875
:10826000F2D1002AE8D16FF0150010BDF0B54468D6
:108270000120676888401E46C2F3801327EA000782
:108280008B403B4390FAA0F7B7FA87F74FF0030E05
:108290006360D4F808C07F000EFA07F72CEA070CD9
:1082A00090FAA0F7B7FA87F7C2F3C1137F00BB407B
:1082B00043EA0C03A36090FAA0F3B3FA83F3E768F0
:1082C0005B000EFA03F327EA030790FAA0F3B3FA70
:1082D00083F302F030055B00C2F341229A403A4337
:1082E000202DE26016D107292BD890FAA0F3226A3C
:1082F0002BB3B3FA83F30F219B0001FA03F322EAB5
:10830000030290FAA0F3B3FA83F39B0006FA03F397
:108310001343236290FAA0F3B3FA83F390FAA0F028
:108320000321B0FA80F022685B002D0901FA03F303
:10833000400022EA030385401D432560F0BD2B4623
:10834000D9E7030A616A93FAA3F282B1B2FA82F220
:1083500093FAA3F30F27B3FA83F3920007FA02F21A
:108360009B0021EA02029E4016436662D2E72A463B
:10837000EEE712F4003CF8B50C4613461DD0960704
:1083800014D555075CD55022D90611D542F4007298
:1083900003F4C061B1F5806F42D0B1F5C06F19D060
:1083A000B1F5007F18D142F0800215E01022EBE712
:1083B0009F06EDD542F48062EAE7D60305D5D506DF
:1083C00005D4C2F340129202E2E73022E0E74FF414
:1083D0000072DDE742F4C07213F44036056908D03C
:1083E0002F6927FA04F1C9075FBF0121A140394372
:1083F0002961BCF1000F06D01F03416813D501238A
:108400004968A3408B61002321464068FFF72EFF97
:1084100026B92B6923FA04F2D2070BD40020F8BD49
:1084200042F48072D8E75F0341BF01234968A3404B
:108430008B62E8E70122A24023EA02032B61EDE709
:108440006FF08500EBE770B50B468968054611B102
:108450005E680C6801B970BD8A682A4002D0304657
:108460004B6898471CB1236821461C46F2E7234617
:10847000FAE7F8B51F46044640680E461546FFF772
:10848000F5FE112F08D1012303FA06F663682A05C9
:108490005B684CBF9E619E620020F8BD002208B55B
:1084A00011463920FEF7E0FD3920EFF74FF90022A1
:1084B0003A201146FEF7D8FDBDE808403A20EFF714
:1084C00045B9002208B511465820FEF7CDFD5820C9
:1084D000EFF73CF9002259201146FEF7C5FDBDE833
:1084E00008405920EFF732B9002208B5114665203F
:1084F000FEF7BAFD6520EFF729F900226420114646
:10850000FEF7B2FDBDE808406420EFF71FB97FB564
:108510000BAB059303930A9B012202930023184699
:10852000CDE90033EDF706FF07B05DF804FB2DE958
:10853000F74398460B7A154643F00403066907464D
:108540000B720C460B460122AA420AD906F1180901
:108550004FF0FF324FF0FF334846F7F7CFFD0026CC
:1085600020E00AD2197A187D81EA000C1CF0010F74
:1085700001D040071FD589071DD401320C33D2B278
:10858000E2E7012D0CBF002304F11403CDE900380C
:10859000384694E80E0000F0EFF8061E04DB013DBB
:1085A0000C34EDB2002DECD14846F7F76DFD3046A6
:1085B00003B0BDE8F0836FF01506F8E77FB50BABAD
:1085C000059303930A9B0122029300231846CDE9E9
:1085D0000033EDF7AFFE07B05DF804FBF4F7E8BC3D
:1085E00000F0A5B843680169DB681A6822F002024E
:1085F0001A601A6822F004021A601A6822F0200237
:108600001A601A6822F010021A601A6822F04002FA
:108610001A6091F85D201AB91A6822F080021A6077
:1086200070477FB50BAB059303930A9B012202931E
:1086300000231846CDE90033EDF77CFE07B05DF866
:1086400004FBC3681A6842F020021A601A6842F0FC
:1086500010021A601A6842F040021A601A6842F06A
:1086600080021A60704738B543680569DC68FFF717
:10867000B9FF6368DB0142BF636823F08073636006
:10868000002385F85F3095F8603033B995F85D3098
:108690001BB9236823F0010323602846BDE8384056
:1086A000F7F7F2BC38B543680569DC6895F86030C7
:1086B000002B39D095F85F30002B32D16A6E8A4298
:1086C00008D1A26822F40042A2606B66AB6E5BB177
:1086D000002038BDAA6E8A4226D1E26822F4004208
:1086E000E260AB666B6EF2E7236823F00803236059
:1086F000FFF778FFE36943F01003E361E36943F0B8
:108700002003E361E36943F00803E36195F85D301A
:108710001BB9236823F001032360002385F8603030
:10872000D6E76FF00F00D4E76FF01500D1E708B57A
:10873000016991F8603013B191F85F30D3B14368AB
:10874000DA6893699B050AD5D36943F40073D36152
:1087500001234B64FFF787FF6FF0040008BD9369A6
:1087600013F4807306D0D36943F48073D36101237B
:10877000CB64EFE71846F1E72DE9F04F05461646C2
:1087800089B003AF87E80E009DF81490BDF84CA0A7
:1087900029F006038DF81F30049B6968FF2B89BF01
:1087A000FF234B4604939DF81430D1F80C8088BF0A
:1087B00003F0FD032C690498039994BF129A0DF1FC
:1087C0001F028DF8143013F00103C4E9150133D1F1
:1087D0004FF0010BC4E912332846C4F840B02765B6
:1087E000394600935346F4F723FB6868FFF729FFE7
:1087F000D8F8003043F00203C8F8003041F2883264
:1088000000232046F7F77AFC50B12846FFF72BFFEC
:108810004FF0FF324FF0FF332046F7F76FFC58461A
:10882000D4E91121E36C00293AD1A3BB8ABB00280B
:108830003DD06FF0040044E00023C4E91033C4E9E4
:1088400012334FF480632846276539460093534618
:10885000F4F7EEFA6868FFF7F4FED8F8003043F05A
:108860000403C8F8003041F2883200232046F7F7AD
:1088700045FC50B12846FFF7F6FE4FF0FF324FF0AF
:10888000FF332046F7F73AFC0120D4E91121E36CCD
:10889000C9E76364CDE702B161640023E364C8E71C
:1088A000002102B16164A164002BF6D1C1E7049AF2
:1088B000039BB61A1344CDE90336002E7FF46CAF48
:1088C000304609B0BDE8F08F30B503681360057914
:1088D000046804EBC504A34202D36FF0010030BD6D
:1088E0005C798C4201D00833F0E70020F7E7416360
:1088F000704781637047C163704701647047836C40
:108900001B0D1B050B4383647047C16470474168AE
:10891000036949681B680131B3FBF1F30020C2E928
:10892000003070477FB50BAB059303930A9B012280
:10893000029300231846CDE90033EDF7FBFC07B0A6
:108940005DF804FB4368C1F34B101B6801F01F0185
:10895000C05801238B40034214BF01230023002091
:108960001370704710B54368C1F34B101A680123A8
:10897000845801F01F018B4023438350002010BD19
:10898000012210B54368C1F34B14186801F01F01B0
:1089900023588A4023EA02032350002010BD38B533
:1089A00004460D46FFF7DEFF29462046FFF7E8FFA5
:1089B000002038BD030903EB830300F00F0000EB38
:1089C0004300C0B270470A22B0FBF2F302FB13006F
:1089D00040EA0310C0B270477FB50BAB0593039319
:1089E0000A9B0122029300231846CDE90033EDF7DC
:1089F000A1FC07B05DF804FBB0F5805F07D0B0F1D3
:108A0000805F09D1002914BF01200220704700298E
:108A100014BF032004207047002914BF0220032044
:108A2000704743681B68D869DA69C0F3C000D10792
:108A3000DA6948BF40F002009207DA6948BF40F0A7
:108A400004005107DA6948BF40F02000D20542BF58
:108A50004FF4807240F008001A62C10744BF082238
:108A60001A62820744BF01221A62410744BF0222F0
:108A70001A62820644BF04221A62704743681A6869
:108A800052E8003F43F0400342E800310029F7D1AB
:108A9000704743681A6852E8003F23F0400342E8F9
:108AA00000310029F7D1704743681A6852E8003F47
:108AB00043F0200342E800310029F7D170474368B2
:108AC0001A6852E8003F23F0200342E800310029F1
:108AD000F7D1704743681B68D869C0F340107047EE
:108AE000012070470369C3E9021270470269936865
:108AF0000BB1D16818477047002208B53D201146D8
:108B0000FEF7B2FABDE808403D20EEF71FBE002296
:108B100008B53F201146FEF7A7FABDE808403F2000
:108B2000EEF714BE002208B542201146FEF79CFA6B
:108B3000BDE808404220EEF709BE7FB50BAB0593B8
:108B400003930A9B0122029300231846CDE90033C8
:108B5000EDF7F0FB07B05DF804FB43681B68D869CC
:108B6000C0F38010704743681B68D86910F080001C
:108B70001CBF1868C0F38010704710B50269044626
:108B800052680B4612680A6042681268126802F462
:108B9000C062B2F5806F33D0A2F5C060424242415C
:108BA0001A7162681268526802F44052B2F5805F2E
:108BB00028D0B2F5405F27D0002A0CBF0122032243
:108BC0005A71626812681068116800F0102001F490
:108BD000C061FFF711FF9871626800201268926807
:108BE00002F44072A2F540714A424A41DA7161686A
:108BF0000968896811F4804F18BF0322DA7110BD2B
:108C00000222CDE70022DBE70222D9E738B543682C
:108C10000C461B681868196800F0102001F4C06148
:108C2000FFF7EAFE04281AD0D86910F0800015D0AA
:108C3000EFF31181102080F31288BFF36F8F0020B3
:108C4000151A002D06DDDD692D0603D5255C0130E2
:108C50009D62F5E781F31188BFF36F8F38BD6FF028
:108C60008500FBE710B5436810201B68DA6912061F
:108C7000FCD5EFF3118280F31288BFF36F8FDC69AC
:108C8000240604D482F31188BFF36F8FEEE7996254
:108C900082F31188BFF36F8F10BD43681B68DA69D8
:108CA000910602D51A68920607D4D86910F04000E0
:108CB00004D01868C0F3801070470120704738B5A1
:108CC00043680C461B681868196800F0102001F40E
:108CD000C061FFF791FE04280FD000200821151A6B
:108CE000002D0CDDDD69AD0609D55D6A2554DD6911
:108CF00001302D07F3D51962F1E76FF0850038BD1B
:108D000043681B68DA69100744BF08221A62DA69EF
:108D1000920643BF5B6A00200B704FF0FF30704734
:108D20002DE9F8430C790369012C05460E46D0F86D
:108D300004905F6814D0A01ED0F1000848EB000832
:108D40004FEA882848467179F5F7E8FAB379022B9B
:108D500009D0042B30D0231E18BF01231B0306E0CB
:108D60004FF4C068EEE7B4FA84F35B091B07F279AD
:108D7000D9F80010012A14BF00244FF44074B74200
:108D80001DD10A6822F0805222F4B05242EA080251
:108D90001A430A604B6823F4405303434B606B68EB
:108DA00028461A68936823F4407323439360396814
:108DB000BDE8F843F5F7F0BA4FF48053D7E7D1F8A0
:108DC00000C00CF4C06CE0451FBFD1F800C02CF40B
:108DD000C06C4CEA080CC1F800C06968D1F800C04A
:108DE000DCF8041001F4405188421FBFDCF8041085
:108DF00021F440510143CCF8041069680868016807
:108E000001F010218B421FBF016821F010210B439C
:108E100003606B6819688B6803F440739C421FBF42
:108E20008B6823F4407323438B606B681B689968DD
:108E3000490405D5032A09D09A6822F4804204E047
:108E4000032A03D19A6842F480429A6031683B68F1
:108E5000994204D02846F5F79FFA33683B60BDE895
:108E6000F883036801F4006223F400631343036092
:108E7000C36801F4C02123F4C0230B43C3607047CF
:108E800030B50446086808B9106008E020684568F5
:108E90009D4205D3B5FBF3F515602368186830BD16
:108EA00008302060086801380860EBE770B50446B8
:108EB00015461E46F1B901650023636504F164029D
:108EC000334604F1540104F15000FFF7D9FF206646
:108ED000B5B9A5650023E36504F16C02334604F1DE
:108EE0005C0104F15800FFF7CBFF0023A066236468
:108EF000236770BD0B680365002BDDD04B68DCE792
:108F00002B68A365002BE5D06B68E4E710B50B6810
:108F10000C469B880A6EC3F34513082B24D1DAB1A3
:108F20004B6E03B11378DBB280F82030636E93B1DF
:108F3000013B636693B9236D08332365636D013B81
:108F40006365012304F1640204F1540104F150004B
:108F5000FFF796FF206610BD1346E4E7236E002B53
:108F6000F9D001332366F6E792B14B6E03B1138853
:108F70009BB20384636E002BEDD0013B63664BB95B
:108F8000236D08332365636D013B63650223D9E7D5
:108F90001346EDE7236E002BDDD00233E2E710B578
:108FA0000C46D1E91A3122689288C2F34512082A88
:108FB00028D190F83020D2B20BB101B11A702368D9
:108FC0009B88DA0742BF236F01332367E36E93B1B7
:108FD000013BE36683B9A36D0833A365E36D013BF1
:108FE000E365012304F16C0204F15C0104F1580013
:108FF000FFF746FFA06610BDA36E002BFBD0013328
:10900000A366F8E7028E92B20BB101B11A80236811
:109010009B88DB0742BF236F01332367E36E002B7E
:10902000E9D0013BE3663BB9A36D0833A365E36D6B
:10903000013BE3650223D5E7A36E002BDBD00233AF
:10904000DEE708B53C2000220521FEF70DF8BDE85B
:1090500008403C20EEF77ABB08B5632000220521CA
:10906000FEF702F8BDE808406320EEF76FBB30B5AD
:10907000D1B1002213464D68AA420ED18288C2F3B4
:109080000222B3FBF2F102FB11337BB9B1F5803F51
:10909000B4BF08466FF0790030BD0C6804EBC20421
:1090A000646801322344E7E70846F5E76FF01500EE
:1090B000F2E77FB50BAB059303930A9B0122029362
:1090C00000231846CDE90033EDF734F907B05DF819
:1090D00004FB03460A4619790123006803FA01F1EB
:1090E00003691B68194218BF82F0010212B183683C
:1090F000DB68184783681B69FBE74369DA0702D519
:1091000090F83030F9E7036823F001030360036847
:10911000DB07FCD4704710B5036804464BB19A686E
:109120003AB1186900F0BAFB206800210830FFF757
:10913000D0FFA36933B9636004F11000BDE81040AB
:10914000F6F7A2BF10BD10B544680069FFF7E3FF52
:109150002068FFF7D2FF002010BD2DE9F047D0F8BE
:1091600004800569D8F80040064623690F4623F0BD
:1091700002032361236923F001032361236923F0A0
:1091800020032361236923F040032361236923F033
:1091900080032361236923F480732361236923F40B
:1091A0000073236198F81C301BB1236923F0080376
:1091B00023616369DA0702D594F83030F9E7E36890
:1091C0005B021BD563689BB2002B34D1636913F437
:1091D000805FF7D0D6F81090D9F8003073B19A6854
:1091E00062B1998811F4805A08D1186900F056FBD1
:1091F000D9F8000051460830FFF76BFF6369980506
:1092000042BFA36943F40073A36198F81C1023685C
:10921000E268A1B1A36943F01003A361A36943F01D
:109220004003A361A36943F00803A36163681B0CB7
:109230001B0463600BE0636913F0080FC9E703F4D4
:10924000006302F4C0221343B3F5C02FEED02B68A5
:109250009B88D90402D42046FFF74FFF95F84C3085
:1092600033B92F6405F12800BDE8F047F6F70CBFCD
:109270006B6C4BB12A689288D20701D507B92F6F62
:1092800039463046AA6C98472B689B8813F40053E4
:1092900003D16B6005F11000E6E7BDE8F0872DE92A
:1092A000F843476806463B7F0469D7F8009023B12E
:1092B000D9F80030DD0740F10F814846F5F782FA12
:1092C000054628B129463046BDE8F843FFF745BFBB
:1092D000626E0AB9E36EF3B123683D689B88D807D4
:1092E00058D43B7F002B37D02B68EA6803F4006822
:1092F00002F4C02348EA0308B8F5C12F1CD16B69FA
:10930000990724D43868F5F75DFA054618B1014687
:109310003046FFF722FFD9F80030D9F80C2003F4CB
:10932000006302F4C022134340F0CE80636E002B32
:1093300040F0D280E36ECCE06B69DA0703D52146BA
:109340002846FFF72CFEB8F5C02FD8D1DAE7214622
:109350002846FFF7DBFDD5E72B68EA6803F40068D1
:1093600002F4C02348EA0308B8F5C02F07D13868D3
:109370004369DD07FCD52146FFF711FEC2E76B69A3
:109380009B07FCD521462846FFF7C0FDB8F5C12F45
:10939000B8D0ECE7696988076CD5002A6AD0C3F3B6
:1093A0004513082B226E50D1137885F82030636E58
:1093B0009BB1013B6366002B41D1236D08332365CC
:1093C000636D013B6365012304F1640204F1540100
:1093D00004F15000FFF754FD20666B69D90791D561
:1093E000A36E002B8ED0E26E002A8BD0226892886A
:1093F000C2F34512082A49D195F830201A70236823
:109400009B88DA0742BF236F01332367E36E002B8B
:109410003FF478AF013BE366002B30D1A36D0833F6
:10942000A365E36D013BE365012304F16C0204F1E4
:109430005C0104F15800FFF723FDA06662E7236E8C
:10944000002BCAD001332366C7E713882B84636ED1
:10945000002BC2D0013B63663BB9236D0833236503
:10946000636D013B63650223AEE7236E002BB4D02E
:109470000233E8E72B6923F002032B61ADE7A36E0B
:10948000002B3FF43FAF0133A3663BE72A8E1A80DF
:1094900023689B88DB0742BF236F01332367E36E9A
:1094A000002B3FF42FAF013BE3663BB9A36D0833BC
:1094B000A365E36D013BE3650223B6E7A36E002BD2
:1094C0003FF420AF0233DFE7B3F5C12F7FF432AFB3
:1094D000636E002B3FF4F6AEBDE8F8831FB5079C22
:1094E0000294069C019401240094F5F72DFA04B02F
:1094F00010BD1FB50024CDE901440094F5F724FA0E
:1095000004B010BDF0B583695B065CBF0023136037
:10951000CA23436253234362D368002B58D1036CA0
:1095200023F080430364137CF9B1016C21F07C517A
:1095300041EA0363036414689379016C234314794B
:1095400021F07F1143EA0443547921F4FE4143EAB8
:1095500004230B430364036C926803F07F331343CB
:109560000364FF2343620020F0BD0A25B3FBF5F43A
:1095700005FB1433016C43EA041321F07C5141EAEA
:10958000036303640A259379066CB3FBF5F705FBC7
:10959000173326F07F1643EA07131768147926F469
:1095A000FE463E43DBB23343B4FBF5F605FB1644FF
:1095B000517944EA0614E4B243EA0443B1FBF5F4FA
:1095C00005FB141141EA0411C9B243EA0123C1E7C2
:1095D000036C43F080430364036C147C23F07063DA
:1095E00043EA046303640029CCD0A4E7F0B583699F
:1095F0005B065CBF00231360CA23436253234362AC
:10960000D368002B58D1836C23F080438364137C90
:10961000F9B1816C21F07C5141EA036383641468E1
:109620009379816C2343147921F07F1143EA044339
:10963000547921F4FE4143EA04230B438364836C91
:10964000926803F07F3313438364FF234362002057
:10965000F0BD0A25B3FBF5F405FB1433816C43EA36
:10966000041321F07C5141EA036383640A25937952
:10967000866CB3FBF5F705FB173326F07F1643EA3C
:1096800007131768147926F4FE463E43DBB23343D2
:10969000B4FBF5F605FB1644517944EA0614E4B22E
:1096A00043EA0443B1FBF5F405FB141141EA04114C
:1096B000C9B243EA0123C1E7836C43F0804383646A
:1096C000836C147C23F0706343EA04638364002991
:1096D000CCD0A4E74FF47A7313B501930246C06867
:1096E00010F040001CD14FF0E021D36843F080031C
:1096F000D360D368C3F38013019C04B10BB102B0F3
:1097000010BD0B69DB0342BF019B03F1FF330193E3
:10971000D368019CC3F38013002C08BF0120EBE742
:109720000020ECE74FF47A7213B50192C268034649
:1097300002F0800262F0A002C260C2684FF0E02135
:109740000020C2F34012019C74B901280AD04FF4E2
:109750007A724FF0E0210192DA68C2F34012019C64
:1097600004B192B102B010BD002AEED00A69D40350
:1097700042BF019A02F1FF320192DA68019CC2F302
:109780004012002C08BF0120DDE70A69D20342BF66
:10979000019A02F1FF320192DA68019CC2F3401291
:1097A000002C08BF0120DAE7F8B5044615468369A6
:1097B00091B913F040034FF0CA014FF0530209D0A2
:1097C00061626262FFF786FF01282CD10120FF232E
:1097D0006362F8BD2B60F3E7CA21532213F0400304
:1097E00008BF2B6041624262FFF774FF0128EDD091
:1097F0002968AB7922680B43297922F07F1243EA6A
:109800000143697922F4FE4243EA012313432360B2
:10981000E36823F08003E360A3699B0629D4204614
:10982000FFF780FFD3E70A202668AB7929796A79A8
:1098300026F07F162D68B3FBF0F726F4FE462E4384
:10984000B1FBF0F500FB173300FB151143EA0713DA
:10985000DBB241EA0511C9B2334343EA0143B2FB2B
:10986000F0F100FB112242EA0112D2B243EA0223D4
:10987000CDE70020ABE700234FF0FF320380C0E9C3
:1098800002234360036170470023C0E90033C0E94D
:109890000233C0E90433C0E90633704738B50446E3
:1098A00048B1F5F701FCA02305465C43F5F7FCFB46
:1098B000431BA342FAD338BD704740B1C368587800
:1098C00010F001001EBF1878B0FA80F04009704710
:1098D00010B5C36804465B78DB070BD5836963B1B9
:1098E0009847002805DB0020E3685A786FF30002F0
:1098F0005A7010BD4FF0FF30FBE76FF08500F8E7BE
:109900007FB50BAB059303930A9B012202930023BF
:109910001846CDE90033ECF70DFD07B05DF804FB08
:10992000EFF31183102383F31288BFF36F8FFEE7E9
:1099300008B5FFF7F5FF10B54369044633B90020B9
:10994000E268537843F00103537010BD9847002834
:10995000F5D00028B8BF4042FF28A8BFFF20E36829
:109960001870EDE701F0D4BC01F0ABBCC3685B78C4
:10997000DB0701D4FFF7DFBF6FF0770070472DE9F9
:10998000F04F054689B0DDE912680592434632463C
:1099900006A80F4605F1140A00F061FEDDE9063461
:1099A000CDE90234EFF311844FF0100989F31288E6
:1099B000BFF36F8F05F10C0B39462846059A149BAF
:1099C000984730B184F31188BFF36F8F09B0BDE8B9
:1099D000F08F56EA0806F5D0DDE9022306A800F06C
:1099E00063FEDDE906685A4621465046CDE9006827
:1099F000F7F778F8EFF3118489F31288BFF36F8FCC
:109A0000DAE710B400F10C04C0E903440024047543
:109A10005DF8044BFCF78BBD38B50446EFF31185B8
:109A2000102383F31288BFF36F8FFCF76BFC04F1F4
:109A30000C0000F0E7FB30B1294604F11400BDE84A
:109A40003840F7F7E3B885F31188BFF36F8F38BD5F
:109A50008169C26842EA010313F003030FD1036175
:109A60004369013B03FB0122002B01DA0020704710
:109A70000169013B116081690261521AF4E76FF0DC
:109A80001500704710B5C0E905320023C160C361FD
:109A900003720446FFF7DCFF0028A8BFC4E90044B6
:109AA00010BD2DE9F04105460F46EFF31188102354
:109AB00083F31288BFF36F8F0669FEB90468A04272
:109AC0001CD0DCB1D4E9003213605A60637BC4E976
:109AD000006623F002036373A66004F1180000F02F
:109AE00090FD2046C4F8C060276100F026FB414687
:109AF00005F10800BDE8F041F7F788B83E60EB6972
:109B00002F61013BEB6188F31188BFF36F8FBDE8D4
:109B1000F081EDF79FBEFDF7BCBA00BF704710247F
:109B200008B5EFF3118384F31288BFF36F8FFDF74D
:109B3000BAFAF6E7D0E9003213605A600023427B9C
:109B4000C0E9003322F00202427383607047C0E92B
:109B5000032303FB02120023436280F830300372B8
:109B600000F12803C0E90621C0E90000C0E90A337A
:109B7000416101627047F8B50746A1FB02040D463A
:109B8000164634B9F7F724FF014628B96FF00B00E9
:109B900001E06FF01500F8BD334638462A46FFF75E
:109BA000D6FF0123204687F83030F4E7C3680B6006
:109BB00003694B60436A8B607047034610B50846E3
:109BC000EFF31184102282F31288BFF36F8F5A6A69
:109BD0004AB1DA68D96901F074FB002084F3118876
:109BE000BFF36F8F10BD6FF02200F7E770B513461B
:109BF00004460846EFF31186102282F31288BFF361
:109C00006F8F626A9A4211D9D4E90651E2686D1ADF
:109C100053439D429CBF61695B1B194401F051FB9A
:109C2000002086F31188BFF36F8F70BD6FF02200A4
:109C3000F7E7F8B50446EFF31186102383F3128893
:109C4000BFF36F8F0568A84231D02DB32846FFF7C8
:109C500071FF05F1180000F0D4FC6FF022072846D0
:109C6000C5F8C07000F069FA2568AC420AD100233B
:109C70006362236AE361314604F10800BDE8F840FD
:109C8000F6F7C4BF3DB12846FFF754FF05F11800B1
:109C900000F0B7FCE3E7012500236362236AE36178
:109CA000002DE8D186F31188BFF36F8FF8BD002334
:109CB0004362036AC361F5E790F90E308B4201D02D
:109CC000F6F732BF0020704703460020C3E9003397
:109CD000C3E902007047D0E9003213605A600023E4
:109CE000427BC0E9003322F0020242738360704776
:109CF0002DE9F041904604460D469DF81820EFF3FB
:109D00001186102181F31288BFF36F8F02B145686D
:109D1000224652F80C7F974217D0B7B13846FFF76A
:109D2000DAFF07F1180000F06CFC00233846C7F892
:109D3000C030C7F8108000F000FA04F10800314686
:109D4000F6F764FF0020BDE8F081A3B10820F7F723
:109D50003FFE002838D00122C0F80480026001686C
:109D600001F003015DB922680A4302606268206065
:109D70006AB960600BE04046C8F80030EFE72A6837
:109D8000032A16D80160616869B9C4E9000004219A
:109D900004F1140000F0D5FD0028CED186F311881F
:109DA000BFF36F8FCFE70A6802F0030202430A6035
:109DB000DFE722F003020A4302602A6802F003028E
:109DC00040EA02032B60E2E76FF00B00E6E710B514
:109DD000044630B10268930703D0446809B100F02B
:109DE00069FE204610BD0023C0E90033037200F174
:109DF0000C03C0E9033300F11403C0E905337047D5
:109E0000F8B50546EFF31186102383F31288BFF3EC
:109E10006F8FC46800F10C039C4200F1140719D045
:109E2000C4B12046FFF757FF04F1180000F0E9FB2A
:109E300000232046C4F8C030236100F07EF90821D9
:109E4000384600F07EFD314605F10800BDE8F840D7
:109E5000F6F7DCBE0821384600F073FD0028F2D189
:109E600086F31188BFF36F8FF8BD012307B50A464B
:109E700000930021FFF73CFF03B05DF804FB07B53A
:109E80000A46002101230091FFF732FF03B05DF87D
:109E900004FB00210068FFF79ABF00214068FFF72C
:109EA00096BF5AB18A4209D300F11003C0E90212E9
:109EB000C0E90000C0E90433002070476FF01500CE
:109EC00070470023C0E9031101EB8201C0E90000E3
:109ED00003724161704738B5054688000C46F7F7B4
:109EE00077FD014638B128462246FFF7EAFF0123F5
:109EF00000202B7638BD6FF00B00FBE72DE9F04119
:109F000006460F46EFF31188102383F31288BFF340
:109F10006F8FD0E9043293422BD00468A0421ED048
:109F2000ECB1D4E90032002513605A60637BC4E9C8
:109F3000005523F002036373A56004F1180000F0DC
:109F400060FB2046C4F8C050276100F0F6F806F127
:109F500008004146F6F75AFE2846BDE8F081002089
:109F60001F6033690433336188F31188BFF36F8F47
:109F7000F3E76FF00B00F7E7012302688B4022EA5A
:109F80000303036022FA01F000F00100704710B5EE
:109F9000032104460C30FFF7EFFF30B104F110004D
:109FA00000F02FFBB0FA80F0400910BD28B100226C
:109FB00000F58A70114600F071B9704773B5044618
:109FC000EFF31185102383F31288BFF36F8F002303
:109FD000A0F11006032104380193FFF7CDFF28B14B
:109FE000A369304601A90193F6F7DEF985F31188DC
:109FF000BFF36F8F02B070BD38B504460D46102216
:10A00000002101F085F9656038BD13B5019008465F
:10A01000EFF31184102383F31288BFF36F8F01A92C
:10A02000F6F7C2F984F31188BFF36F8F02B010BD49
:10A0300010B5FFF7EAFF041E08DDEFF311801023CF
:10A0400083F31288BFF36F8FF6F710FE204610BD22
:10A0500038B530220D460021044601F059F94FF47D
:10A0600080736560E36038BDD0E9003213605A60E8
:10A070000023427BC0E9003322F002024273836076
:10A080007047C0E9000000207047EFF305800038FA
:10A0900018BF0120704790F90E0070478830704754
:10A0A00008B50B4600F18801184600F01BFE0020A1
:10A0B00008BD10B500240373C0E9064484604273F0
:10A0C0008173C47310BDD0E9003213605A6000235D
:10A0D000C0E90033704708B5FFF7F5FF437B23F075
:10A0E000020343730023836008BD38B504460D4660
:10A0F000F6F700FC637B43F002036373E5B1A560F0
:10A100002B689D4209D16B68C4E900531C606C60E8
:10A1100012E06A689A42F6D01B68002BF3D094F9DB
:10A120000E2093F90E108A42F3D09142F1DD5A6865
:10A13000C4E9003214605C6038BD10B5EFF31184DF
:10A14000102383F31288BFF36F8FF6F791FB84F32C
:10A150001188BFF36F8F10BD08B5EFF31181102286
:10A1600082F31288BFF36F8F83680BB1FFF7B3FFE1
:10A1700081F31188BFF36F8F08BD38B5EFF31184F9
:10A18000102383F31288BFF36F8F002390F8705071
:10A19000427B80F870302DB121B184F31188BFF378
:10A1A0006F8F38BD12F0280FF7D183680BB1FFF71E
:10A1B00092FF437B23F004034373F6F759FBECE76C
:10A1C00001211838FFF7D9BF08B50346EFF3118115
:10A1D000102282F31288BFF36F8F0068834207D08A
:10A1E00008B1FFF778FF81F31188BFF36F8F08BDC7
:10A1F0000020F8E710B5FFF7AFFFBDE810401830BA
:10A2000000F0FFB938B5054604680020AC4200D123
:10A2100038BD002CFCD02046FFF7ECFF2046FFF7AE
:10A220008CFF2C680120A542F1E738B504460D46A5
:10A23000F6F704FEB5F1FF3F08BFB4F1FF3F034658
:10A24000204614D013F109004FEAE37141F10001F7
:10A250000A2871F100030BD36FF00A0383424FF019
:10A2600004038B4106D30A220023E6F7FDFE38BD26
:10A270000020FCE76FF00040F9E7C117633008B534
:10A280004FF064024FF0000341F10001E6F7ECFEED
:10A29000C117F6F7D3FD6423584308BD38B5EFF373
:10A2A0001185102383F31288BFF36F8F0468A042D7
:10A2B00013D0A4B1C4F8C01022612046FFF70BFFF1
:10A2C00004F1180000F09DF92046F6F7D1FA0120BC
:10A2D00085F31188BFF36F8F38BD0020F8E7204663
:10A2E000F6E72DE9F04105460E461746EFF31188D3
:10A2F000102383F31288BFF36F8F0468A0420FD13D
:10A30000002088F31188BFF36F8FBDE8F0813946D4
:10A310002046B0470028F4D16B68A342F0D02468EF
:10A32000002CF4D1ECE7F0B585B006461546DDE922
:10A330000A2302A80C4600F0B7F9DDE9021251EA3F
:10A34000020326D0204600272368013340F8183B3B
:10A350000C9B1F70CDE9001232462968F6F7C2FB4C
:10A36000EFF31183102282F31288BFF36F8F2B60FB
:10A37000226894F82C30013A9907226002D51AB16C
:10A380006FF08B0005B0F0BD23F0020384F82C3091
:10A39000F6E76FF00A00F5E738B504460020002222
:10A3A000054611462046FFF779FF0028F7D12846D9
:10A3B00038BD002342610122C0E90233036103601A
:10A3C000037600F11C03C0E9073300F12403C0E960
:10A3D000093300F13003C0E90C33416080F82C20D0
:10A3E00070472DE9F04F2DED028B8DB0054690465C
:10A3F000DDE9182308A8049100F031F99DED088BE0
:10A40000EFF31183102282F31288BFF36F8F0B9347
:10A41000002395F82C408DF82B3014F0020440F006
:10A42000968095F82C60F64316F0010640F0928075
:10A43000EA896B899A425ED12B68002B5BD0B246C9
:10A4400005F11C03A8EB040B0593EF69059B9F42E4
:10A450003ED0002F3CD0D7F81090ABEB0601D9E9E5
:10A460000123D21A8A4228BF0A46D9F8001004985C
:10A470000691A119014406980792184400F021FFA3
:10A48000D9F80810079A16440A44D9F80410C9F8F4
:10A4900008208A421CD3D7E900210A6051607A7BE8
:10A4A000C7E900AA22F002027A73C7F808A007F1F0
:10A4B000180000F0A6F83846C7F8C0A0C7F810A0EA
:10A4C000FFF73BFE4FF00103B3458DF82B30BCD8AE
:10A4D0003444A0450FD826469DF82B30002B3CD0A5
:10A4E0000B9905F11800F6F791FB30460DB0BDEC65
:10A4F000028BBDE8F08F202105F1300000F021FA39
:10A500009DF82B30A8EB04021843049B8DF82B0018
:10A510001919281DFCF792FA0444A04501D14646BA
:10A52000DAE70DF12B038DED008B294602930BAA80
:10A5300005F12400FFF7F7FE064600283FF471AF4F
:10A5400010F10B0FC8D1002C18BF2646C4E76FF0DE
:10A550008B06C1E76FF01F06BEE70B9B83F31188E4
:10A56000BFF36F8FC1E738B50446EFF311851023B1
:10A5700083F31288BFF36F8F0023C0E902330361B6
:10A5800003685BB190F82C301C3043F00203037475
:10A59000FFF702FF04F12400FFF7FEFE85F31188A8
:10A5A000BFF36F8F38BD38B50446EFF31185102324
:10A5B00083F31288BFF36F8F00231C300374FFF7FF
:10A5C000EBFE04F12400FFF7E7FE85F31188BFF3EB
:10A5D0006F8F38BD08B50246F6F7D2FE70B1D0E9EC
:10A5E00004319B1A61EBE272B3F1004F72F100018A
:10A5F00004DA002AACBF1846002008BD6FF0004006
:10A60000FBE7024638B5EFF31185102383F3128878
:10A61000BFF36F8F0368CBB1F6F7B2FE0446104666
:10A62000F6F7C0FE00224FF000438442C0E9042345
:10A6300006D1F6F7ADFEFFF7CDFF0021F4F798FC49
:10A64000002085F31188BFF36F8F38BD6FF01500C0
:10A65000F7E708B5F6F7AAFF08BDF6F7A7BFB3F10D
:10A66000FF3F08BFB2F1FF3F70B506461D461446D6
:10A6700014D01A4316D0002B08DBF6F797FF041905
:10A6800041EB0501C6E90041304670BD6FF00103A2
:10A690001C1B4FF0FF3363EB0501F3E74FF0FF3472
:10A6A0002146EFE70024FBE7B3F1FF3F08BFB2F11B
:10A6B000FF3FF8B5074616461C4610D054EA020381
:10A6C00011D0F6F773FFB0420A46A14103460AD201
:10A6D000F31A64EB0204C7E900343846F8BD4FF0C2
:10A6E000FF331C46F7E70023FBE70023C0E908120D
:10A6F00000F11802C0E90622C0E900330363436396
:10A70000704710B50446FFF77CFFA8B9636A0BB128
:10A710002046984704F11800FFF756FD60B1FFF797
:10A720000CFDEFF31180102383F31288BFF36F8FBA
:10A73000BDE81040F6F79ABA10BD0346EFF3118258
:10A74000102181F31288BFF36F8F0021006B196312
:10A7500082F31188BFF36F8F704770B5D0E9003472
:10A76000984209D044B1A568EDB115F9526C12F9BF
:10A77000525CB54208D007DDC1E9000421604160A8
:10A7800010E0A342F8D01B68002BF5D09A6862B1A4
:10A7900012F9522CAA42F4D0F3DD5A68C1E9003212
:10A7A0001160596070BDAB7BFFDE937BFCE72DE948
:10A7B000F84F00250F461446984601462E464FF0A6
:10A7C000100AA946BD4202DB3046BDE8F88FEFF320
:10A7D000118B8AF31288BFF36F8F4B7B03F03F031B
:10A7E000082B09D853B1013B072B07D8DFE803F04A
:10A7F000281C06220606062E102B2DD0B8F1000FBD
:10A800003BD12378002B38D04B7B03F03F03082B40
:10A810003AD8002B3AD0013B072B37D8DFE803F0BA
:10A820004339363F363636460B699B68002BE5D0F8
:10A83000022317E00B691B68002BDFD0042311E013
:10A840000B699B68002BD9D001230BE00B695B6A75
:10A85000002BD3D0102305E00B69DA895B899A427B
:10A86000CCD02023CA68C1F80890C2F386300343D5
:10A8700063F39432CA6084F800908BF31188BFF3BD
:10A880006F8F013514319DE7102B13D08C6001368A
:10A89000F3E7224608691030FFF75FFFF6E7086923
:10A8A00022461430F8E722460869F5E7086922468F
:10A8B0002830F1E7086922463030EDE72DE9F04114
:10A8C000846805460E46D4B16378012B22D114F872
:10A8D000533C9A0711D5A4F160073846FFF78AFC6C
:10A8E000082E0CBF6FF003030023236614F8533CBB
:10A8F000DB0602D13846FFF720FC0023237000203E
:10A90000EB68A860C3F38632164366F39433EB60BA
:10A91000BDE8F081022BF0D12378002BEDD054F864
:10A92000048CB8F1000FE8D004F11400FFF769FEC1
:10A930000023A4F1140739464046E362FFF765FBA4
:10A94000DBE738B5EFF31185102383F31288BFF3EB
:10A950006F8F0468A04211D0D4E9003213605A60AE
:10A9600000232046C4E90033FFF7A8FF85F31188D0
:10A97000BFF36F8F201E18BF012038BD0024F5E7FC
:10A980000023C0E9000083607047002383607047A4
:10A9900083680B60C368136070472DE9F347064670
:10A9A000DDE90A9817460C46E1B102F0010AF6F714
:10A9B000A5FA0546EFF31181102383F31288BFF344
:10A9C0006F8FBB0744BF0023B360B36803EA040280
:10A9D000BAF1000F0AD094420AD181F31188BFF373
:10A9E0006F8F1C40204602B0BDE8F087002AF4D1EA
:10A9F00059EA080305D181F31188BFF36F8F002353
:10AA0000EFE7C5E91A473246CDE9009806F10C0098
:10AA1000F6F768F80028F2D1AB6EE2E710B5C46E25
:10AA2000826E4B68E40703EA02030BD59A420BD10E
:10AA3000012380F870300B68436608601830FFF718
:10AA4000E0FD01E0002BF3D1002010BD0023C0E9A0
:10AA500000008360037370470A46F6F759BF4FF052
:10AA6000FF32F6F755BFF6F753BF0A460021F6F757
:10AA70004FBF5200FFF791BF002A0CBF01220322F3
:10AA8000FFF78BBF043270B504460ED2EFF3118589
:10AA9000102686F31288BFF36F8F41F004019847A8
:10AAA00085F31188BFF36F8F08B9002070BD40F89F
:10AAB000044BFBE720B1011F50F8040CFEF7ACBFBC
:10AAC0007047D0F8A8304A689A4208BF08607047BB
:10AAD0007FB50BAB059303930A9B012202930023DE
:10AAE0001846CDE90033EBF725FC07B05DF804FB11
:10AAF00020F02003413B192B05D9303809288CBFA1
:10AB00000020012070470120704720F020004138CC
:10AB100019288CBF0020012070471F2804D9A0F1FC
:10AB20007F03584258417047012070473038092848
:10AB30008CBF00200120704721385D288CBF002089
:10AB400001207047613819288CBF00200120704710
:10AB500020385E288CBF002001207047202805D0B7
:10AB6000093804288CBF002001207047012070475D
:10AB7000413819288CBF002001207047A0F1300314
:10AB8000092B07D920F02000413805288CBF002070
:10AB90000120704701207047A0F14103192B98BF95
:10ABA00020307047A0F16103192B98BF20387047FF
:10ABB0000021E6F7F1BC0A220021F7F7F9BD0A22CD
:10ABC0000021F7F7F5BDF6F77FBFF6F799BF01460D
:10ABD00000220220F6F7B0BF0139024410B59042BE
:10ABE00001D1002005E0037811F8014FA34201D004
:10ABF000181B10BD0130F2E72DE9F0419BB1C91AD5
:10AC00001778044603F1FF3C01448C42204601D9E9
:10AC1000002008E005780134BD42F6D10CEB0405B4
:10AC2000D618A54201D1BDE8F08115F8018D16F8BE
:10AC300001EDF045F5D0E8E710B5044614F8013B06
:10AC4000A3F14102192A11F8012BA2F1410098BF8A
:10AC50002033192803D82032981AEFD010BD981A43
:10AC6000FCD1002AEAD1F9E7024610B51478134660
:10AC70000132002CFAD1013B11F8012B03F8012F0E
:10AC8000002AF9D110BDC9B20346184613F8012BAA
:10AC900012B18A42F9D17047002918BF00207047CD
:10ACA00070B50646E6F728FA451C2846ECF7C8FEBC
:10ACB000044618B12A46314600F003FB204670BD19
:10ACC00010B56AB10139841810F8012B11F8013F51
:10ACD0009A4203D1A04201D0002AF5D1D01A10BD6A
:10ACE0001046FCE710B50139044632B111F8013FB6
:10ACF000013A00F8013B002BF7D1002100F008FBDE
:10AD0000204610BD0246014410B58A42134603D0C6
:10AD10001C780132002CF8D1181A10BD38B511F08A
:10AD2000FF0403460ED12146BDE83840FFF7ABBF14
:10AD3000431C054621461846FFF7A5FF0028F7D11A
:10AD4000284638BD0025F5E70A7870B56AB970BDA8
:10AD50009A4209D10C46054614F8013F002BF6D063
:10AD600015F8016F9E42F7D001300378002BEFD128
:10AD70001846ECE7F0B5044608B9146844B120461B
:10AD80000F4614F8015B17F8016B1EB965B9156021
:10AD9000002005E0B542F6D1002BF0D1146003701D
:10ADA000F0BD1C460CE015B914F8013B0E4616F830
:10ADB000015BAB42F7D1002BF3D0002304F8013C38
:10ADC0001460EDE783070FD1642290FBF2F302FBDE
:10ADD00013035BB94FF4C87390FBF3F203FB12004B
:10ADE000B0FA80F04009704700207047012070479A
:10ADF0002DE9F047C3F137090746884603F01F05E0
:10AE00005FFA89F916464FF0000A384641462A464D
:10AE10005346E6F729F94346D4B23A4688460746F0
:10AE2000092C84BF4C44E4B2AA4204F1300473EB11
:10AE30000A0306F8014BE8D23046BDE8F08710B5AA
:10AE40000C4600F03DFB0028A2BF236801332360BD
:10AE500010BDBDF8001068B111F0100F01D00270E4
:10AE6000704711F0080F02D0C0E9002370474B076C
:10AE700001D5026070478B06FBD50280704710B584
:10AE8000144600F063FB0028A2BF236803F1FF33E0
:10AE9000236010BD70B505460E4631462846FFF7C3
:10AEA000CEFF041E09DB202CF7D0A4F10903042BEC
:10AEB000F3D932462946FFF7E2FF204670BD2DE95F
:10AEC000F04387B01C461746814602AB8846009384
:10AED000D2E9022300F0AAF904AB06460D4600931E
:10AEE00048464146D7E9002300F0A0F90027DDE9F4
:10AEF0000423901953EB050128BF012737B1029BAA
:10AF0000039A013342F10002CDE90232403CDDE90F
:10AF10000223009400F0A5F907B0BDE8F0832DE905
:10AF2000F843B0FA80F6002980460F46A1EB0606EA
:10AF300006F1070625DB0846F9F756F906443846B8
:10AF4000F41BF9F757F93946221A40463D3200F012
:10AF50005DF9B74213DC1F2C6ADC4FF0FF33A340CE
:10AF600038EA03030CBF01240024B0FA80F335460D
:10AF7000F31A9E33FE2B27DD4FF0FF4344E00124FC
:10AF8000F3E74C422046F9F735F9351A2046A5EB90
:10AF90000709F9F72FF921462E4609EB0002404632
:10AFA0003C3200F020F9AF4232DCB9F11F0F3FDC38
:10AFB0004FF0FF3303FA09F338EA030329D0B0FA5C
:10AFC00080F30024EB1A9E33002B23EAE372D4BFF4
:10AFD000012313465B1BA3F19705963B20FA05F16D
:10AFE00020FA03F3C90725D544B14FF0FF31A9403A
:10AFF00020EA010003F0010108431BD00133C3F331
:10B000001603D3B143EAC25300EE103ABDE8F88309
:10B0100000230521B8FBF1F202EB8205A84502D11D
:10B0200001339046F6E79C428CBF002401249CE744
:10B0300000249AE7C3F31603E4E70132E2E72DE9BF
:10B04000F04F061889B09946154641EB010404AB50
:10B050003046DDF84CB021460093A9F1410AD2E90F
:10B06000002300F0E3F806AB074688463046214649
:10B070000093D5E9022300F0D9F80022DDE904634A
:10B08000841951EB0306069B28BF0122D5E9000174
:10B09000D218079B43F10003381848EB0101B8426E
:10B0A00071EB0801E968039138BF0120A96828BF46
:10B0B0000020CDF800A014EB010C039946EB010130
:10B0C00010EB0C0041F10001A04271EB060C34BF03
:10B0D0004FF0010C4FF0000CCDE906231CEB0202EF
:10B0E00043F1000300F0BDF8129BC3E90001149B7B
:10B0F000012BDDE9062329D1D5E90201D5E900C5F7
:10B10000201ACDF800A066EB0101674578EB050534
:10B1100034BF01250025401B61F10001844276EB1C
:10B12000010534BF01250025521B63F1000300F027
:10B1300098F8DDE90623CBE9000120463146CDF839
:10B1400000A000F08EF809B0BDE8F08F17EB070EF5
:10B1500048EB080C201946EB0601BE457CEB0808BD
:10B1600034BF01270027C71941F10008D5E90001C4
:10B1700086457CEB010C34BF01200020D5E9021587
:10B18000381A68F1000C401A6CEB050192185B410B
:10B19000A74278EB060534BF01250025521943F17B
:10B1A0000003874278EB010834BF01250025521BBC
:10B1B000A9F140050095B8E710B5A3FB004302993B
:10B1C000A2FB0020001943F100033F29DBBFA1F1DE
:10B1D0002002C1F1400140398B40D6BFD04023FA54
:10B1E00001F0184310BD30B587B004460846154637
:10B1F00002A9F9F799F8049B204600955A1C059B73
:10B2000043F10003FFF7D8FF07B030BD30B587B07A
:10B2100015460446084602A9F9F714F82046009599
:10B22000DDE90423FFF7C8FF07B030BDF0B50F46D6
:10B230000446A0FB0201059EA7FB02524919A3FB8D
:10B240000445A7FB037342F10002611845F10004B5
:10B25000D21943F10003121943F10003C6E9002398
:10B26000F0BDF0B5059CC4F14007C4F12006A4F17F
:10B270002005E04002FA06F6BB4022FA05F5BA4086
:10B280003343C4F120062B4301FA06F6A4F120054E
:10B29000304321FA05F5E140284319431043F0BD3E
:10B2A000B1EEC00A7047C9B20346024410B59342DA
:10B2B000184601D1002003E0047801338C42F6D116
:10B2C00010BD0A44431E914200D1704710B511F8D9
:10B2D000014B914203F8014FF9D110BD884210B5DE
:10B2E00001EB020402D98442234607D8431EA1423F
:10B2F00008D011F8012B03F8012FF8E702440146AA
:10B300008A4200D110BD13F8014D02F8014DF7E754
:10B3100002440346934200D1704703F8011BF9E74A
:10B3200010B591FBF2F402FB14110460416010BDF2
:10B3300007B501A9FAF784F803B05DF804FB2DE91D
:10B34000F04F55EC104BA446C5F30A54034608468B
:10B3500044EA0C072946C5F313053026E14657EAAF
:10B360000508AE465E7174D10024A1421C716EDAEC
:10B370000121A04219714FF000041ADA204603F1AE
:10B3800012060D25C2F157024FF0300C07F00F01E5
:10B390003F0947EA0E774FEA2E1E002940F08780CA
:10B3A000A84201DB86F800C0013D06F1FF36EDD171
:10B3B00076E00C2868DCC0F10D010126890001F15E
:10B3C000FF3EA1F12108C1F1210706FA08F826FA8B
:10B3D00007F706FA0EF648EA070816EB060A48EBE6
:10B3E000080BDAF100076BEB4B0E1AF1FF3A4BF149
:10B3F000FF3B0AEA0C0A0BEA050B564578EB0B0BF0
:10B4000011DBC1F1200BB1F1200A2CFA01F105FA90
:10B410000BFB58BF45FA0AFA41EA0B0158BF41EA53
:10B420000A01C90724D51CEB060C45EB0805E146CB
:10B43000B5F5801F1CDB5979B4F5806F01F101016E
:10B44000597127D007EA0C070EEA050E97E7002886
:10B4500091E75CB13126C90F0028A4F2FF345E7178
:10B4600019710FDB0C28A6DD0D2005E00124F2E7A1
:10B4700007EA09090EEA0505B4F5806F06D04F46C4
:10B48000AE467CE70020F7E70D2078E759EA05058E
:10B490001A7908D01A794FF4806442F008021A71C0
:10B4A0001C60BDE8F08F42F004021A71F8E7092928
:10B4B000D4BF30318918A8423170B8BF284673E72D
:10B4C00010B583780446DB0717D54FF00002D4E8A7
:10B4D0005F3FC4E8512F0029F9D19BB213B1581E28
:10B4E000C0B20CE0A36898470028F9DA0130A378CD
:10B4F00014BF082204221343A3704FF0FF3010BD85
:10B5000002690346107810B101321A6170476FF07A
:10B5100001007047D1E9043293421EBF5A1C0A61F0
:10B520001870704738B58B780D469B0709D5C4B2A3
:10B530004B6820469847002806DAAB7843F00403AE
:10B54000AB704FF0FF3038BD2046FCE78B78DA0750
:10B5500002D44FF0FF307047431CFAD0C0B2431CF6
:10B56000D1E8DF2F002A04D1C1E8DC3FBCF1000F95
:10B57000F6D1EED18B7823F008038B7070477047BB
:0CB5800001480068704700005C170020C4
:08B58C00485BFE7F0100000096
:10B59400000000000CB701082D5F00080000000047
:10B5A40059FC000800000000B5FC00080000000081
:10B5B400D9FC0008000000000000000030B70108BA
:10B5C4000000000008B80108000000009CB7010852
:10B5D40000000000BCB801080000000098B8010891
:10B5E4000000000074B801080000000050B8010811
:10B5F400000000002CB8010800000000E4B70108B6
:10B6040000000000C0B701080000000054B70108A2
:10B614000000000078B701080000000070B90108BC
:10B624000000000094B90108000000004CB90108B2
:10B6340000000000E0B801080000000004B901089F
:10B644000000000028B9010800000000DCB901086E
:10B6540000000000B8B901081DB300080000000094
:10B66400D9EE000800000000AB5E010800000000F5
:10B674005B6B010800000000FD7900080000000079
:10B6840031020108000000000000000000BA0108B7
:10B6940000000000B4BA01080000000090BA0108DC
:10B6A400000000006CBA01080000000024BA010880
:10B6B40000000000D4BB010800000000B0BB01087A
:10B6C4000000000068BB01080000000044BB010842
:10B6D4000000000020BB010800000000FCBA0108C3
:10B6E400000000008CBB010800000000D8BA01086B
:10B6F4000000000048BA010800000000F8BB01087F
:08B70400000000001CBC01085C
:10B70C00B5560308000000004CBF010816110020BC
:10B71C000000000061B00008000000000000000004
:10B72C0088BD01083260030804DD010808BF010868
:10B73C004811002000000000000000000000000084
:10B74C00000000006ABD01089B4D030800000000CA
:10B75C00000000000E11002088170020A1720108C3
:10B76C00000000000000000064BD0108DE59030861
:10B77C007CD8010878BE01081E110020FC1900209D
:10B78C00E9B8000800000000000000005CBD0108E2
:10B79C004A5B03080CD90108C0BE01082411002023
:10B7AC00E41B0020F1CA00080000000000000000AB
:10B7BC0054BD01086C5B030820D90108C0BE010808
:10B7CC0026110020F81B0020F1CA00080000000020
:10B7DC00000000004CBD01088E5B030834D9010841
:10B7EC00C0BE0108281100200C1C0020F1CA000862
:10B7FC00000000000000000044BD0108B05B03081D
:10B80C0048D90108C0BE01082A110020201C0020C4
:10B81C00F1CA000800000000000000003CBD010857
:10B82C00D25B03085CD90108C0BE01082C110020B2
:10B83C00341C0020F1CA00080000000000000000C9
:10B84C0034BD0108F45B030870D90108C0BE0108BF
:10B85C002E110020481C0020F1CA00080000000036
:10B86C00000000002CBD0108165C030884D90108F7
:10B87C00C0BE0108301100205C1C0020F1CA000879
:10B88C00000000000000000024BD0108385C030823
:10B89C0098D90108C0BE010832110020701C00208C
:10B8AC00F1CA000800000000000000001CBD0108E7
:10B8BC005A5C0308ACD90108C0BE01083411002041
:10B8CC00841C0020F1CA00080000000000000000E9
:10B8DC0014BD01089D56030824D701080000000080
:10B8EC001411002000000000F37901080000000092
:10B8FC00000000000CBD01080A5A0308700100206A
:10B90C00A0BE0108201100200401002075C200080F
:10B91C00000000000000000004BD010811610308D4
:10B92C0008DD010818BF01084A110020DC1D0020A9
:10B93C0009DD00080000000000000000FCBC01084C
:10B94C009561030824DD010868BF01084C11002033
:10B95C00E0010020CDE5000800000000010000001F
:10B96C00F2BC0108B961030884DD010868BF010855
:10B97C004E110020F8010020CDE500080000000069
:10B98C0001000000E8BC0108DD610308D4DD0108FA
:10B99C0068BF01085011002010020020CDE50008FE
:10B9AC000000000000000000DEBC01084F57030837
:10B9BC004CD701083CBE010818110020B419002016
:10B9CC006DB500080000000000000000D4BC0108A8
:10B9DC007757030880D701083CBE01081A110020D4
:10B9EC00E81900206DB50008000000000000000000
:10B9FC00CABC0108E34F030824D50108D4BD0108D3
:10BA0C001011002000000020D5920008000000005A
:10BA1C0001000000C2BC01081558030804D8010835
:10BA2C0070BE01081C1100205D030020DDB700086A
:10BA3C000000000000000000BABC0108C05A030856
:10BA4C0000000000A8BE0108221100207C0100208B
:10BA5C00658101080000000000000000B4BC010872
:10BA6C00155D0308C0D90108E8BE01083611002095
:10BA7C00981C002041CC00080000000001000000D0
:10BA8C00ACBC0108365D030820DA0108E8BE0108E9
:10BA9C0038110020041D002041CC000800000000DB
:10BAAC0001000000A4BC0108575D030868DA010816
:10BABC00E8BE01083A110020701D002041CC00089E
:10BACC0000000000010000009CBC01088A5F030814
:10BADC00F4DA010800BF01083C1100209801002095
:10BAEC0075D60008000000000100000092BC01089F
:10BAFC008A5F030834DB010800BF01083E110020F7
:10BB0C00A401002075D60008000000000100000010
:10BB1C0088BC01088A5F030884DB010800BF0108A8
:10BB2C0040110020B001002075D600080000000074
:10BB3C00010000007EBC01088A5F0308CCDB010811
:10BB4C0000BF010842110020BC01002075D600087E
:10BB5C00000000000100000074BC01088A5F0308AB
:10BB6C001CDC010800BF010844110020C8010020A2
:10BB7C0075D6000800000000010000006ABC010836
:10BB8C008A5F03086CDC010800BF01084611002025
:10BB9C00D401002075D60008000000000100000050
:10BBAC0060BC0108DB6203082CDE010840BF010801
:10BBBC00521100202802002011E8000800000000AB
:10BBCC000100000058BC0108FC6203088CDE01086F
:10BBDC0040BF010854110020A002002011E8000809
:10BBEC00000000000100000050BC01086F56030863
:10BBFC006CD60108E0BD01081211002008180020C5
:10BC0C007DAD0008000000000100000048BC0108E8
:10BC1C00F424030854D40108000000000C11002087
:10BC2C0000000000415F0008000000000000000060
:04BC3C0040BC0108FF
:10BC4000010000800080FF7F010000800080FF7FF6
:10BC5000010000800080FF7F010000800080FF7FE6
:10BC60000100020000800080FF7F010002000080D0
:10BC70000080FF7F0100020000800080FF7F010044
:10BC8000020000800080FF7F010002000080008031
:10BC9000FF7F0100020000800080FF7F0100008024
:10BCA0000080FF7F010000800080FF7F0100008096
:10BCB0000080FF7F00800080FF7F01000080008007
:10BCC000FF7F010000800080FF7F010002000080F4
:10BCD0000080FF7F0100020000800080FF7F0100E4
:10BCE000020000800080FF7F0100020000800080D1
:10BCF000FF7F0100020000800080FF7F01000080C4
:10BD00000080FF7F010000800080FF7F0100008035
:10BD10000080FF7F010000800080FF7F0100008025
:10BD20000080FF7F010000800080FF7F0100008015
:10BD30000080FF7F010000800080FF7F0100008005
:10BD40000080FF7F010000800080FF7F01000080F5
:10BD50000080FF7F010000800080FF7F01000080E5
:10BD60000080FF7F00800080FF7F01000080008056
:10BD7000110012001300140015001C001D001E000D
:10BD80001F0020002100FF7F0080008002000400CF
:10BD9000050006000700080009000A000B000C005F
:10BDA0000D000E000F00100011001200130014000F
:10BDB00015001600170019001A001B001C001D00BA
:10BDC0001E001F0020002100220023002400250067
:02BDD000FF7FF3
:0CBDD400A98F000829940008E40C00006E
:10BDE00069770108DD9F0008F1A90008F9A00008A3
:10BDF000799F000861A40008C9A7000805A90008E8
:10BE000071770108DB770108B1AE0008CD77010832
:10BE1000010000000200020001008000000000019B
:10BE200080000002DB760108010000000100010033
:0CBE3000010010000000200010002000A5
:10BE3C003B7C01084B7C0108637C0108000000007E
:10BE4C006F7C0108F5B300086DB30008797C01081C
:10BE5C00137E01085B7C0108ED7C0108F37C010872
:04BE6C00FB7C010852
:08BE700081B6000835B7000897
:10BE780065BD0008E9BC00081D80010865BC000814
:10BE880059B9000871B80008A5B8000800000000FA
:08BE98000000000000000000A2
:08BEA0001DC20008DDC300080B
:10BEA80089C5000811C7000891C6000869C50008BF
:08BEB80071C50008F1C9000882
:10BEC00073830108DB810108E7810108F98101081A
:10BED000038201080D82010841CA00081B82010883
:08BEE00000000000000000005A
:10BEE800ADCB000835CB00082F850108D5CE00085A
:08BEF800A5860108000000000E
:08BF000099D300080F89010824
:10BF08004589010865890108818901089F89010817
:10BF1800B1D8000819DC0008B9DA0008ADDF00085C
:10BF280059D900080DDB000869DB00080000000093
:08BF380085DE00086DD8000849
:0CBF4000F3940108DD940108479101080A
:10BF4C00977A0108DB7A01080000000081AF000835
:0CBF5C00737B010800000000257B010839
:10BF6800018D0108658C0108238A010899E40008FD
:10BF78007B8B01080D8C0108BF8C01087D8A0108A4
:10BF8800938A0108678B0108A98A0108BF8A0108FA
:10BF98005B8B0108D58A0108FDE100088DE20008E5
:0CBFA8009B8C0108E18A0108E58A010871
:10BFB400F04F030803000000FA4F030803000000D9
:10BFC400AA50030803000000915503080300000071
:10BFD4007C560308030000005B24030803000000F0
:10BFE40085570308030000002258030803000000DB
:10BFF400EB59030803000000822803080100000035
:10C00400F726030803000000DA5A030803000000BF
:10C01400285B030803000000685C030803000000B9
:10C02400645D030803000000AB5D03080300000027
:10C03400A85E030803000000A52C0308010000000B
:10C04400564D030801000000FEED01080300000046
:10C0540057250308030000005226030803000000CC
:10C0640039EE010803000000F65F03080300000036
:10C074001E610308030000009CEC0108030000009B
:10C0840053250308030000000963030803000000AC
:10C09400EF590308030000003F25030803000000D4
:10C0A4000425030803000000ED61030803000000F9
:10C0B400ACD40108C00000204126030801000000A0
:10C0C400040000000F000000010000000800000050
:10C0D4002400000074000000840000000D00000033
:10C0E4000C0000000E00000050000000880000005A
:10C0F400BC00000008000000FFFFFFFF4900000033
:04C10400FFFFFFFF3B
:10C108001BE701081803002069EB0108C17001084A
:10C1180071E80108F55E0108B85F030844BB01082F
:10C12800A35F030820BB01088E5F0308FCBA01085F
:10C13800E15F03088CBB0108755F0308D8BA0108E2
:10C1480088560308E0B80108864D030854B701086B
:10C15800DF2403081CBC0108F559030804B90108C9
:10C16800FC60030828B90108C959030878B7010811
:10C17800CF4F030800BA0108AB5A030848BA0108B0
:10C1880062570308DCB901083A570308B8B901082F
:10C19800435D0308B4BA0108225D030890BA010898
:10C1A800015D03086CBA01085B560308F8BB010877
:10C1B8000158030824BA01089C5B030808B8010861
:10C1C800365B03089CB701081E60030830B70108F6
:10C1D800A561030870B90108C961030894B9010889
:10C1E800816103084CB90108E8620308D4BB01085F
:10C1F800C7620308B0BB0108465C0308BCB8010865
:10C20800245C030898B80108025C030874B80108A4
:10C21800E05B030850B80108BE5B03082CB80108AE
:10C228007A5B0308E4B70108585B0308C0B7010844
:10C23800CD5F030868BB0108A25603080CB70108C4
:10C2480045E90108F50B0008CFE90108650B00086E
:10C25800A6E901082F110008BAE90108B50B000882
:10C26800CFEA0108990200087DEA0108D50A00080A
:10C2780025EA0108110B00083BEA0108250B000814
:10C2880051EA0108FD0A000867EA0108E90A0008FE
:10C298000FEA0108390B000893EA01085908000859
:10C2A800A7EA010805060008BBEA0108950200088C
:10C2B80032E9010855050008F9E90108610F00088D
:10C2C800E3E901089D0F000893E90108310500081A
:10C2D800F7E801085D020008CBE8010879020008C8
:10C2E8006CE90108A90500081FE90108350E0008D6
:10C2F8009CE80108C90F0008E3EA010881B50108B4
:10C308007FE9010811050008E2E801083902000880
:10C31800B3E801084D02000858E90108990500082A
:10C328000BE90108250E000884E8010869100008D7
:10C3380057EF0108717900087EEF0108A979000814
:10C3480096EE0108B11A000889EE01083148010883
:10C358007DEE0108611F000870EE01080D4A010812
:10C3680057EE01089126000849EE01087D4D0108A5
:10C3780064EE0108512300083CEE0108D14B010886
:10C3880064EF0108CFAB010897EF0108B1AB0108D2
:10C39800A3EF0108B7AB01088BEF0108BFAB010899
:10C3A800FFEF0108C97A000831EE0108812800086A
:10C3B80025EE0108F94E010872EF01081D1B01085E
:10C3C8000EEE0108212C00081AEE010829290008A0
:10C3D80002EE0108B9450108F3EF0108AD7A00083B
:10C3E80039EF0108F1AA01080CEF01080BAB0108AD
:10C3F800FDEE01081BAB0108EEEE01082DAB0108AC
:10C40800DFEE010839AB0108B2EE010845AB0108BF
:10C41800D0EE010851AB010848EF01085DAB0108F7
:10C42800C1EE010871AB0108A2EE01087DAB01085D
:10C4380073ED0108C9520108D2ED0108992F0008CF
:10C44800DFED0108D9420008F7ED0108392C000892
:10C45800EBED0108D94000081CF00108417A0008FA
:10C4680046F00108A7B2010870F00108D9AB01082D
:10C478002FF10108C3B201082AF00108F9AB01083D
:10C4880020F10108DDB2010862F0010811B30108CA
:10C49800C7ED01089930000858ED01087D2601080C
:10C4A80067ED010889260108E7EF0108C7AB010815
:10C4B8000DF00108757A0008BCED0108C93F0008B5
:10C4C800B0ED0108DD510108A4ED0108214401087F
:10C4D80097ED0108A1B20108DAEF0108CBAB01081A
:10C4E800D3F0010839AC01088CF0010869AC0108E7
:10C4F8009AF0010887AC0108C5F00108D5100008BA
:10C508007EF00108E910000838F00108A1AC010824
:10C51800B7F00108F9100008F4F00108C1AC0108EF
:10C52800E5F00108E5AC0108A8F0010805AD01082F
:10C5380011F101081DAD010803F1010849AD010819
:10C54800CCEF01089915000854F00108F11B010807
:10C55800BEEF0108B1270108AFEF01089D280108C7
:10C568008CED01087140000880ED01086D5201084A
:10C578002AEF010899AB01081BEF0108A5AB0108D8
:10C5880047ED0108A93C0108E4E6010840BC0108A0
:10C59800F5E601080CB7010803E60108495200084E
:10C5A8009AE70108797001087EE70108EB6F010836
:10C5B8004B6403081B9B010853E7010869770008CF
:10C5C80063E701084D77000840E701089177000804
:10C5D8002BE7010869700108812403080D67010829
:10C5E800742403081F670108B3E701080D9B0008BE
:10C5F80081EB01083979000808E70108D1530008E0
:10C60800C5E70108116E0108D6E70108676E010841
:10C6180008E801084D680008F8E70108136E0108EA
:10C62800E7E701083D6E010893EB01080D1C0108BE
:10C6380033EC010831990108823B0308B5AA0108C7
:10C6480072E701088BA0010872E701088BA00108B6
:10C6580073410308E75E01083EED0108A5190108CA
:10C66800E9EC0108A39A0108F9EC0108859A010888
:10C6780048410308DF5E010816ED01084F9B0108D9
:10C68800FA400308D75E0108AB400308DB5E0108E7
:10C6980031ED0108950C010822ED0108BD0C0108D7
:10C6A80009ED01086814002040EC0108EBA6010818
:10C6B80027EC0108F99F010801EC010851A00108C5
:10C6C800B8EB01086D040108CBEB01084D05010822
:10C6D80017EC010841050108E7EB0108ED04010822
:10C6E800A1EB010831A0010892EC01087CC0010807
:10C6F80065E801085953000818E80108C5530008FF
:10C7080039E80108315300084EE80108B15E010814
:10C7180022E801084D53000859E80108FD520008B5
:10C7280077F00108D9AB010836F10108C3B2010856
:10C7380069F0010811B301089AEB01088D1F01087F
:10C74800BDEC0108A5D20008D4EC0108C98801088D
:10C7580051ED0108592601086D240308F366010804
:10C7680026EB01089F69010811EB01080B6A010813
:10C7780055EB01087D6A010847EB0108C16A010809
:10C788003AEB01083D6A01084FED0108C926010886
:10C798008BEB0108212701087AEB010871270108B2
:10C7A80062EB01081CD501082433030820D50108D1
:10C7B8000A3303081CD501084DEC0108296000085C
:10C7C80070EC0108ED5F0008CCF00108D5100008F6
:10C7D80085F00108E9100008BEF00108F91000080A
:10C7E800FBF00108C1AC0108ECF00108E5AC010858
:10C7F800FAEA0108A9F0000816630308D1F0000856
:10C808007C360308E35E01087A4E0308C579000800
:10C818006C240308EF660108044D030800000000BB
:10C82800F44C030800000000DE4C03080000000080
:10C83800C04C03088D9B0008A94C0308A59B000861
:10C848008D4C0308D19B0008724C030800000000BF
:10C85800574C0308000000003B4C03080000000090
:10C86800214C030800000000064C030800000000EB
:10C87800F24B030800000000DD4B03080000000035
:10C88800BE4B0308000000009F4B03080000000097
:10C89800854B0308000000006B4B030800000000F4
:10C8A800504B0308000000003D4B03080000000047
:10C8B800214B030800000000114B0308419A0008AF
:10C8C800FA4A0308FD9B0008DE4A0308699C000831
:10C8D800CA4A030800000000B44A03089575010815
:10C8E800994A0308BB750108884A0308000000003C
:10C8F800684A030800000000474A030800000000D7
:10C90800264A030800000000064A03080000000049
:10C91800E649030800000000C549030800000000BC
:10C92800A449030800000000824903080000000031
:10C9380072490308000000004E4903080000000087
:10C9480031490308000000001149030800000000F5
:10C95800F048030800000000CD480308000000006C
:10C96800AE480308000000009148030800000000DA
:10C9780078480308000000005C4803080000000035
:10C988003E48030800000000294803080000000092
:10C998000848030800000000E847030800000000FA
:10C9A800CB47030800000000B6470308000000005A
:10C9B800A2470308000000008747030800000000A2
:10C9C8006C470308000000005347030800000000FC
:10C9D8003C4703080000000027470308D1980108D6
:10C9E8000D470308BDF80008EB46030800000000E7
:10C9F800D84603086D990108C1460308BB98010889
:10CA0800AA460308000000008F4603080000000043
:10CA18007446030800000000624603080000000096
:10CA280051460308000000004146030800000000CA
:10CA38002E4603080000000013460308000000000B
:10CA480001460308D96E0108EE45030800000000FE
:10CA5800DB45030800000000C94503089968000881
:10CA6800B4450308B16E0108984503080B81010815
:10CA7800764503080181010853450308F980010838
:10CA880037450308000000002145030800000000A6
:10CA9800FF44030800000000ED4403080000000004
:10CAA800D244030800000000BB4403080000000053
:10CAB800A8440308000000008C440308000000009C
:10CAC80072440308000000005744030800000000F7
:10CAD800334403080000000013440308000000006A
:10CAE800F443030800000000DB43030800000000D3
:10CAF800BD430308000000009D4303080000000038
:10CB080080430308000000006B4303080000000096
:10CB180055430308000000003E43030800000000DE
:10CB28001C43030800000000F8420308000000004E
:10CB3800E442030800000000D14203089D98010860
:10CB4800B6420308F5050108A042030883A00108BE
:10CB580088420308A905010872420308650601080E
:10CB68005D4203086BAA0108494203084DAA01085F
:10CB78003542030859AA0108224203085FAA01089E
:10CB88000842030867AA0108F441030873AA0108C8
:10CB9800DC41030879AA0108C5410308139B010871
:10CBA800AF410308179B01089B41030800000000E0
:10CBB80087410308000000006C410308B106010822
:10CBC80053410308779B010841410308CDFD000844
:10CBD80029410308AD9B01080E410308000000002D
:10CBE800F340030800000000E0400308BB9B010875
:10CBF800CA400308ED9B0108B6400308339C0108AE
:10CC0800A44003080DFD000890400308C99C0108D2
:10CC18007C40030895FE00086640030885FF00086D
:10CC280049400308000000003340030800000000EA
:10CC3800184003080000000000400308000000003E
:10CC4800E73F030800000000CC3F03080000000095
:10CC5800B83F0308A7A50108A43F03080000000087
:10CC6800923F0308000000007F3F0308B3A30108B8
:10CC78006D3F0308000000005A3F0308DD1001085B
:10CC8800413F0308000000002D3F030867A5010885
:10CC9800193F0308E3A30108FF3E03080000000052
:10CCA800F13E030811180108D63E030891A90108AE
:10CCB800BC3E030881A90108A13E0308C118010868
:10CCC800863E03088BA901086A3E03086B9E01088B
:10CCD8004D3E03087F9E0108323E0308019E01086D
:10CCE8001F3E0308250001080B3E0308E79D0108C5
:10CCF800F33D030800000000DA3D0308939E010895
:10CD0800C13D03089B9E0108AD3D0308610D010864
:10CD1800893D0308FD0E0108723D0308000000006C
:10CD2800603D0308890001084E3D0308A39E0108E1
:10CD38003B3D030849010108293D0308FD0001089E
:10CD48001A3D03082BA20108003D0308D79E0108DD
:10CD5800ED3C0308C9010108D93C0308FD9E010800
:10CD6800C83C0308DD5E0008B23C030841760008B1
:10CD78009B3C0308C50701087B3C03080000000032
:10CD88005B3C0308000000003E3C03080000000074
:10CD9800293C03084D1001080F3C0308A1A0010815
:10CDA800F63B0308D1060108D93B030897A0010800
:10CDB800BC3B0308350D0108A53B0308310C0108ED
:10CDC800893B0308E11901086E3B0308291A010889
:10CDD8004E3B030800000000363B0308F509010834
:10CDE800103B030800000000E83A030800000000B8
:10CDF800CB3A030800000000AC3A0308000000002A
:10CE0800973A0308ED1601087D3A03083BA7010885
:10CE1800623A03085D1701084E3A030803A70108A0
:10CE2800313A030800000000143A0308000000002B
:10CE3800FE3903085BA60108EE3903087BA2010846
:10CE4800DE390308B50E0108CF390308B50D01080E
:10CE5800B5390308858D00089D3903086D620008FF
:10CE680087390308F5620008683903081563000864
:10CE7800573903083162000844390308876B0108F1
:10CE88002A390308000000000F39030800000000D9
:10CE9800F538030800000000D73803080000000038
:10CEA800C138030800000000A8380308000000008B
:10CEB8008D380308000000007438030800000000E3
:10CEC80060380308000000003A380308000000003A
:10CED80020380308000000000438030800000000A0
:10CEE800EA37030800000000CF37030800000000FD
:10CEF800BB37030800000000A0370308000000004B
:10CF08008C37030800000000793703080000000090
:10CF180063370308000000003837030800000000EA
:10CF28001637030800000000F5360308000000006B
:10CF3800D8360308C55D0008A936030800000000BC
:10CF48008E360308F913000875360308595E000881
:10CF58005F3603083D7B00084B360308FD7A00085E
:10CF680034360308000000001E36030800000000E5
:10CF78000A36030800000000F4350308000000002A
:10CF8800D835030800000000BD3503080000000084
:10CF9800A2350308000000008735030800000000E0
:10CFA8006D3503080000000052350308000000003A
:10CFB8003835030800000000213503080000000090
:10CFC8000735030800000000ED34030800000000E6
:10CFD800D934030800000000C13403080000000031
:10CFE800AC3403080000000093340308000000007C
:10CFF8007C340308000000006634030800000000C9
:10D008004C340308000000003D3403080000000011
:10D01800283403080000000015340308000000004D
:10D02800F4330308936C0108D3330308A56C010893
:10D03800B2330308B96C010893330308E1630008AD
:10D048007433030800000000533303080000000095
:10D058003F330308817900082A33030800000000E1
:10D068001133030800000000F63203080000000036
:10D07800A3EC010835630008A3EC01083563000838
:08D0880001000000000000009F
:10D09000FFFFFFFFFFFFFF7FFFC99A3B000000007B
:10D0A000BCB80108020000000000000000000010F1
:10D0B0000000002000000030000000400000005090
:10D0C000000000600000007001000000000000008F
:10D0D0000500000000000000190000000000000032
:10D0E0007D00000000000000710200000000000050
:10D0F000350C000000000000093D000000000000A9
:10D100002D31010000000000E1F5050000000000E5
:10D1100065CD1D0000000000F90295000000000030
:10D12000DD0EE90200000000514A8D0E00000000F3
:10D130009573C24800000000E941CC6B010000007B
:10D140008D49FD1A07000000C16FF2862300000020
:10D15000C52EBCA2B1000000D9E9AC2D78030000B7
:10D160003D9160E45811000031D6E275BC560000D4
:10D17000F52E6E4DAEB10100C9EA2683677808002E
:10D18000ED95C28F055A2A00A1EDCCCE1BC2D3006B
:10D1900025A4000A8BCA2204000000000000000041
:10D1A000000000000000001000000000000000006F
:10D1B000B9340332B7F4AD1410DB1AB30892540E2D
:10D1C0000D307D951447BA1A66088F4D26ADC66D91
:10D1D000F598BF85E2B74511CA96853D92BD1DEB16
:10D1E000FCA11860DCEF52163C92AE220BB8C1B421
:10D1F000839D2D5B0562DA1C304C7E8F4E8BB25BBB
:10D2000016F4529F8B56A512FBD4827643ED8AF01A
:10D210008FE7F9311565191850F19BD94A13EEB40F
:10D22000284CF0A686C1251F035FC270CB9E49160D
:10D23000E642889C44EB2014B0650836AD6EA585A7
:10D2400085F0CA14E2FD031A0B899979D5B13D091D
:10D25000D8DA973A35EBCF10AC363F5E73BB38CF98
:10D260003E6752FA44AFBA1501000000000000000A
:10D270000000000000000020345065C05FC9A652C5
:10D28000BB13CBAEC440C21806C8DF7100D5A87C62
:10D29000F56F0FDA58FC27136E4756357D2420654D
:10D2A00002C7E768E48CA41DE9E60268D7CD3961BE
:10D2B0007977FCC2405BEF16798CDE43FFA751F90A
:10D2C00091F3B278F5BDBE11E857E9D6E8BEE87B28
:10D2D000B054AC8F848D751BEA23A499E9F9D38BE4
:10D2E000B7A3714061DA3E15CEE33ECB73F948082F
:10D2F0008C97B427D51B7010A2BFEFB9EB85321500
:10D300004DB44DB49BBB6F1996B6076CF8E7EEAD04
:10D3100036D9B4F59135AE13222218AF4E6A684D56
:10D3200091DAAA3D4F40741E9FBD9EE006A1C098B1
:10D3300057C2A7FDA40E90170E7D497173E3208F8D
:10D34000B220D87605143B12853D7434811343B066
:10D35000AD297A5F27F4351CE2652F227F2B7A3CBA
:10D36000075C143326A6813CBDCBF07A8807703C5D
:10D37000075C143326A6913C4FBB610567ACDD3FCB
:10D38000182D4454FB21E93F9BF681D20B73EF3FEC
:10D39000182D4454FB21F93F763C7935EF39EA3DAD
:10D3A000763C7935EF39EABD0000E0FE422EE63FDB
:10D3B0000000E0FE422EE6BF000000000000E03F5B
:10D3C000000000000000E0BF0000000000000000BE
:10D3D00000000000000000800000000000000000CD
:10D3E00006D0CF43EBFD4C3E0000000000000000E3
:10D3F0000000004003B8E23F000000000000F03FE2
:10D40000000000000000F83F00000040FB21F93F51
:10D41000000000002D44743E000000809846F83C57
:10D420000000006051CC783B00000080831BF03985
:10D430000000004020257A38000000802282E33678
:10D44000000000001DF3693500000C0000000C0016
:10D45000000010088800000000000210256D01087F
:10D4600000000000000000000000000000000000BC
:10D4700029260308312603080000000000000000F0
:10D480000000000065EB010839260308B8ED01082B
:10D490003D2603089CD401083017002029680008A5
:10D4A00050170020FF1F002001000000D96D010867
:10D4B00000000000A76D01089B6D0108000000003E
:10D4C0008F6D010800000000050000000000000052
:10D4D000000000000000010048BA0108010000003F
:10D4E0000000010000000C0048BA01080200000022
:10D4F00000000D000000030048BA0108030000000E
:10D500000000100000000C0048BA010804000000F0
:10D5100000001C000000040048BA0108CC000020F4
:10D520006017002000800242F373010860D50108F3
:10D53000020000000000080070D501080500060088
:10D540000C0014002400440087012E030001020493
:10D550000C6270000C6261000C6252000C624300AD
:10D560008C0000000004000009000000E800CC016D
:10D5700078D5010803000000C0D5010800000000B4
:10D58000C0D501080001000090D501080602000086
:10D590009000000000000000B0000000000000004B
:10D5A000D000000000000000F000000000000000BB
:10D5B0003004000000000000100400000000000023
:10D5C000000000002000000040000000600000009B
:10D5D00080000000A0000000C0000000E00000008B
:10D5E00000010000200100004001000000000000D8
:10D5F0000100000002000000030000000400000021
:10D600000500000006000000070000000800000000
:10D61000090000000A0000000B0000000C000000E0
:10D620000D0000000E0000000F00000006000000CA
:10D630000C000000120000001800000000010000B3
:10D64000060100000C01000012010000180100009A
:10D6500000020000060200000C020000120200009E
:10D660001802000000030000060300000000000094
:10D670000000000000127A0048E8010000000000ED
:10D6800040420F0010D70108E0D6010800001C003E
:10D690000800030003000000030003000000000076
:10D6A0007000B00088016002600278025003000040
:10D6B000B4D6010800A4004000AC00400200000005
:10D6C000D0D6010823790108F0D601080000000037
:10D6D000A0000000000200000E000000E000D808DA
:10D6E0007C1900209C1800205C180020031C0800F6
:10D6F000F8D601080100000000D701080200000070
:10D700006901000000000000890100000000000025
:10D710001F780108997801089F7901084979010863
:10D720007579010834D701081C00DC1106000000DF
:10D730001C00D8433CD701080100000044D7010871
:10D74000010000000001000080010000FFFF000058
:10D750000000000001010000941900200048014071
:10D7600004000000A400000000000400177D010870
:10D770004700000030B70108920F000000000000D1
:10D78000FFFF00000000000001010000C819002098
:10D790000044014004000000A4000000000002005A
:10D7A000017D01084600000030B70108910F00001C
:10D7B00000000000CB7B0108D37B0108DB7B010864
:10D7C000E37B0108F57B0108097C01081D7C010849
:10D7D000317C0108EB7B0108FF7B0108137C010809
:10D7E000277C0108BB7B0108BF7B0108C37B0108C4
:10D7F000C77B0108AB7B0108AF7B0108B37B010845
:10D80000B77B0108001802469400000040000000A9
:10D8100014D801081CD801080100000024D8010810
:10D82000020000009000000000000000B0000000B6
:10D8300000000000010010027200403500000000EE
:10D8400001000000020000000300000004000000CE
:10D8500005000000060000000700000008000000AE
:10D86000090000000A0000000B0000000C0000008E
:10D870000D0000000E0000000F00000088000000F6
:10D88000010000007F7E010800000000000002404F
:10D8900010000000081A0020883805200000000051
:10D8A00000004000000080000000C00000000000F8
:10D8B0000000010000000200000000000100000064
:10D8C0000200000050000000D000000050010000E5
:10D8D000D001000050020000D00200005003000000
:10D8E000D003000050040000D004000050050000E8
:10D8F000D005000050060000D006000050070000D0
:10D90000D00700001000000000FF0000FFFF000033
:10D9100000200242080000008C000000000100000E
:10D92000FFFF0000001C0242070000008C00000006
:10D9300080000000FFFF0000001802420600000007
:10D940008C00000040000000FFFF000000140242B5
:10D95000050000008C00000020000000FFFF000018
:10D9600000100242040000008C00000010000000C3
:10D97000FFFF0000000C0242030000008C000000CA
:10D9800008000000FFFF0000000802420200000043
:10D990008C00000004000000FFFF000000040242B1
:10D9A000010000008C00000002000000FFFF0000EA
:10D9B00000000242000000008C0000000100000096
:10D9C000E9840108E0D9010801000000008400405A
:10D9D000801A0600E8D9010820DA010800000000DA
:10D9E000A000000002000000F0D9010802000000C1
:10D9F00010DA01080200000000DA0108020100004C
:10DA0000C40B000040020000E40B000040020000D4
:10DA10008407000040020000A4070000400200004C
:10DA2000C384010840DA0108010000000028004614
:10DA3000801A060048DA010868DA010800000000D0
:10DA4000A80000008000000050DA0108010000007A
:10DA500058DA01080200000004040000400200003F
:10DA600024040000400200009D84010888DA0108B7
:10DA70000100000000580040801A060090DA0108FA
:10DA8000B0DA0108000000009C0000000000400027
:10DA900098DA010801000000A0DA01080200000085
:10DAA0004403000040020000640300004002000044
:10DAB000BCB8010898B8010874B8010850B801084A
:10DAC0002CB8010808B80108E4B70108C0B701087C
:10DAD0009CB70108000000000000000000000000EA
:10DAE0000000000000000000000000000000000036
:10DAF00000000000003401403F0000000000000072
:10DB0000A4000000002000000CDB010814DB010869
:10DB10000300000034DB01080000000034DB0108D2
:10DB2000000100002CDB010801020000430200009C
:10DB300000000000000C0040040000000000000095
:10DB40009C000000080000004CDB010854DB0108C9
:10DB50000300000084DB01080000000084DB0108F2
:10DB6000000100006CDB010803020000420F00000E
:10DB700000000000620F000000000000820F0000A3
:10DB80000000000000080040040000000000000049
:10DB90009C000000040000009CDB0108A4DB0108DD
:10DBA00003000000CCDB010800000000CCDB010812
:10DBB00000010000BCDB01080202000002030000BB
:10DBC00000000000220300000000000000040040EC
:10DBD00004000000000000009C00000002000000A3
:10DBE000E4DB0108ECDB0108030000001CDC010899
:10DBF000000000001CDC01080001000004DC01083A
:10DC000003020000020200000000000022020000E7
:10DC10000000000082020000000000000000004040
:10DC200004000000000000009C0000000100000053
:10DC300034DC01083CDC0108030000006CDC010856
:10DC4000000000006CDC01080001000054DC010849
:10DC50000302000061020000000000004103000018
:10DC6000000000006103000000000000002C0140E3
:10DC70003F00000000000000A400000000080000B9
:10DC800084DC01088CDC010803000000C4DC01080E
:10DC900000000000C4DC010800010000A4DC010851
:10DCA000040200006101000000000000E103000028
:10DCB00000000000A103000000000000C1030000FC
:10DCC00000000000EF880108F3880108F7880108C8
:10DCD000FB880108FF8801080B8901080400000087
:10DCE00040000000000400000040000001000000AF
:10DCF0001000000000010000001000000000010002
:10DD000000001000000C02467F000000FF00000031
:10DD100014DD0108A800000000002000020000003F
:10DD2000F000C8080024004630B7010806100000C3
:10DD30004CDD0108010000000000000000000000B0
:10DD40000000000054DD0108258B0108A800000038
:10DD5000400000005CDD01080100000064DD0108F6
:10DD600004000000E80C000000020000080D0000A4
:10DD700000020000C80C000000000000A80C000019
:10DD8000000200000048004030B70108920E000079
:10DD9000ACDD0108010000000000000000000000F0
:10DDA00000000000B4DD01080F8B01089C0000009A
:10DDB00000000400BCDD010801000000C4DD010812
:10DDC000020000004703000000020000670300009B
:10DDD000000200000038014030B701088E0F00003B
:10DDE000FCDD010801000000000000000000000050
:10DDF0000000000004DE0108F98A0108A400000008
:10DE0000004000000CDE01080100000014DE0108E3
:10DE100002000000C702000000020000E70200004C
:10DE2000000200000000000000000000002000468A
:10DE300054DE0108599001080000000000000000B5
:10DE4000010000004CDE010800000000A8000000F6
:10DE5000200000005CDE01080100000064DE010813
:10DE600004000000260D000080050000460D0000A3
:10DE700000040000A602000000040000860D00005F
:10DE80000002000000000000000000000038004018
:10DE9000B4DE01084390010800000000000000000B
:10DEA00001000000ACDE0108000000009C00000042
:10DEB00000400000BCDE010802000000E4DE0108B2
:10DEC00004000000CCDE010803010000250600006C
:10DED0008005000045040000000400006504000007
:10DEE00000040000A503000080050000C503000039
:10DEF00000040000E503000000040000250300000A
:10DF000000020000006CDC0200366E010024F40008
:10DF1000001BB70000093D0080841E00504B140018
:10DF200040420F0000E02E000070170000A00F001C
:10DF300000B80B00801A0600400D0300880702009D
:10DF4000A0860100FC6303080A6403081E6403083A
:10DF50002D6403083964030894B5010894B50108D9
:10DF600064B601086CB601080CB701080CB70108CB
:10DF70005B640308000100000000000000000000D6
:10DF80000000000000000000000000000000004051
:10DF9000955969595555545515555556040515410A
:10DFA00010545540455155444045504450555545F1
:10DFB0000040004040044496655556554540455440
:10DFC0005141154055915555555540510501000099
:10DFD00054455454455505040010041014044000E1
:10DFE0000000014055551541540400004400010053
:10DFF0000000004041000044504445505400555535
:10E000005455655100400040010000010005010029
:10E0100011545151545555050000000000000000F6
:10E0200000000000FB21F93FFB2109407CD9124090
:10E03000FB2119407A6A1F407CD92240BBFD254054
:10E04000FB2129403A462C407A6A2F405C473140F8
:10E050007CD932409C6B3440BBFD3540DB8F374070
:10E06000FB2139401BB43A403A463C405AD83D4027
:10E070007A6A3F404C7E40405C4741406C104240D1
:10E080007CD942408CA243409C6B4440AC34454018
:10E09000BBFD4540CBC64640DB8F4740EB58484070
:10E0A000FB21494083F9A200444E6E00FC29150073
:10E0B000D1572700DD34F50062DBC0003C999500A4
:10E0C000419043006351FE00BBDEAB00B761C50069
:10E0D0003A6E2400D24D42004906E00009EA2E00C3
:10E0E0001C92D100EB1DFE0029B11C00E83EA700E8
:10E0F000F535820044BB2E009CE98400B4267000F4
:10E10000417E5F00D6913900538339009CF4390079
:10E110008B5F840028F9BD00F81F3B00DEFF9700ED
:10E120000F980500112FEF000A5A8B006D1F6D002C
:10E13000CF7E360009CB2700464FB7009E663F00D2
:10E140002DEA5F00BA277500E5EBC7003D7BF100C3
:10E15000F739070092528A00FB6BEA001FB15F009B
:10E16000085D8D00300356007BFC4600F0AB6B0071
:10E1700020BCCF0036F49A00E3A91D005E61910037
:10E18000081BE60085996500A0145F008D406800BB
:10E1900080D8FF0027734D0006063100CA561500CF
:10E1A000C9A873007BE260006B8CC0006937AC319A
:10E1B00068212233B40F14336821A2333863ED3E53
:10E1C000DA0F493F5E987B3FDA0FC93F000FC93F26
:10E1D000000F494000CB9640000FC9400053FB4060
:10E1E00000CB164100ED2F41000F49410031624143
:10E1F00000537B41003A8A4100CB9641005CA34129
:10E2000000EDAF41007EBC41000FC94100A0D541E7
:10E210000031E24100C2EE410053FB4100F20342F3
:10E22000003A0A420083104200CB164200141D42FD
:10E23000005C234200A5294200ED2F420036364201
:10E24000007E3C4200C74242000F4942A20000004B
:10E25000F9000000830000006E0000004E00000086
:10E26000440000001500000029000000FC00000030
:10E270002700000057000000D1000000F50000005A
:10E2800034000000DD000000C0000000DB000000E2
:10E290006200000095000000990000003C000000B2
:10E2A000430000009000000041000000FE0000005C
:10E2B0005100000063000000AB000000DE00000021
:10E2C000BB000000C500000061000000B7000000B6
:10E2D000240000006E0000003A0000004200000030
:10E2E0004D000000D2000000E00000000600000029
:10E2F000490000002E000000EA00000009000000B4
:10E30000D1000000920000001C000000FE00000090
:10E310001D000000EB0000001C000000B100000028
:10E3200029000000A70000003E000000E8000000F7
:10E330008200000035000000F50000002E00000003
:10E34000BB0000004400000084000000E900000061
:10E350009C0000007000000026000000B4000000D7
:10E360005F0000007E000000410000003900000056
:10E3700091000000D600000039000000830000007A
:10E380005300000039000000F40000009C00000071
:10E39000840000005F0000008B000000BD00000052
:10E3A000F9000000280000003B0000001F000000F2
:10E3B000F800000097000000FF000000DE000000F1
:10E3C00005000000980000000F000000EF000000B2
:10E3D0002F000000110000008B0000005A00000018
:10E3E0000A0000006D0000001F0000006D0000002A
:10E3F000360000007E000000CF0000002700000073
:10E40000CB00000009000000B70000004F00000032
:10E41000460000003F000000660000009E00000073
:10E420005F000000EA0000002D0000007500000001
:10E4300027000000BA000000C7000000EB00000049
:10E44000E5000000F10000007B0000003D0000003E
:10E450000700000039000000F70000008A000000FB
:10E460005200000092000000EA0000006B00000073
:10E47000FB0000005F000000B10000001F00000072
:10E480008D0000005D000000080000005600000044
:10E49000030000003000000046000000FC00000007
:10E4A0007B0000006B000000AB000000F0000000EB
:10E4B000CF000000BC000000200000009A00000017
:10E4C000F4000000360000001D000000A90000005C
:10E4D000E300000091000000610000005E00000009
:10E4E000E60000001B0000000800000065000000BE
:10E4F00099000000850000005F000000140000008B
:10E50000A000000068000000400000008D00000036
:10E51000FF000000D8000000800000004D00000057
:10E52000730000002700000031000000060000001A
:10E53000060000001500000056000000CA000000A0
:10E5400073000000A8000000C90000006000000087
:10E55000E20000007B000000C00000008C00000012
:10E560006B00000002000000030000000400000037
:10E57000060000000000C93F0000F0390000DA3753
:10E580000000A2330000842E0000502B0000C227A0
:10E590000000D0220000C41F0000C61B000044176A
:10E5A0000400000007000000090000000100020054
:10E5B0000400060008000A000C00100020004000C3
:10E5C0008000000100001F003B005A007800970007
:10E5D000B500D400F300110130014E014661696CB1
:10E5E000656420746F2073657420636F756E746545
:10E5F000725F7365745F746F705F76616C756500D0
:10E60000200010616E616C6F675F72656665726590
:10E610006E636500000101000002020001020201B8
:10E6200000030300010303010203030200040400CA
:10E6300001040401020404020304040300050500AC
:10E64000010505010205050203050503040505048E
:10E65000000606000106060102060602030606037E
:10E660000406060405060605000707000107070162
:10E670000207070203070703040707040507070546
:10E68000060707060008080001080801020808023A
:10E690000308080304080804050808050608080616
:10E6A0000708080700090900010909010209090210
:10E6B00003090903040909040509090506090906EE
:10E6C0000709090708090908000A0A00010A0A01DE
:10E6D000020A0A02030A0A03040A0A04050A0A05CE
:10E6E000060A0A065F6465766963655F6C69737420
:10E6F0005F656E64005F6465766963655F6C69730E
:10E70000745F7374617274006465766963655F66D3
:10E71000726F6D5F68616E646C65005379737465C8
:10E720006D436F7265436C6F636B0061726D5F69FF
:10E7300072715F7072696F726974795F736574006A
:10E7400061726D5F6972715F69735F656E61626C42
:10E7500065640061726D5F6972715F6469736162A3
:10E760006C650061726D5F6972715F656E61626C8C
:10E7700065006B5F69735F696E5F697372006172D8
:10E7800063685F6972715F646973636F6E6E6563FE
:10E79000745F64796E616D696300617263685F695B
:10E7A00072715F636F6E6E6563745F64796E616DC5
:10E7B00069630063616E5F6164645F72785F66695C
:10E7C0006C74657200666C6173685F617265615F2D
:10E7D000636C6F736500666C6173685F617265611D
:10E7E0005F657261736500666C6173685F61726515
:10E7F000615F777269746500666C6173685F6172EE
:10E8000065615F7265616400666C6173685F617207
:10E8100065615F6F70656E006D6174726978456ED9
:10E8200064006D61747269785365744772617973BD
:10E8300063616C6542697473006D617472697847D5
:10E840007261797363616C655772697465006D619B
:10E8500074726978506C6179006D6174726978576F
:10E8600072697465006D6174726978426567696E7A
:10E87000005F5F6378615F707572655F766972745F
:10E8800075616C005F5F7265616C5F5F5F616561A0
:10E8900062695F756C6469766D6F64005F5F726555
:10E8A000616C5F5F5F61656162695F6C6469766D11
:10E8B0006F64005F5F7265616C5F5F5F616561627D
:10E8C000695F75696469766D6F64005F5F72656129
:10E8D0006C5F5F5F61656162695F696469766D6FD6
:10E8E00064005F5F7265616C5F5F5F616561626953
:10E8F0005F7569646976005F5F7265616C5F5F5F19
:10E9000061656162695F69646976005F5F72656114
:10E910006C5F5F5F61656162695F756C3266005F45
:10E920005F7265616C5F5F5F61656162695F6C32D8
:10E9300066005F5F7265616C5F5F5F616561626900
:10E940005F663264005F5F7265616C5F5F5F616527
:10E950006162695F643266005F5F7265616C5F5F10
:10E960005F61656162695F756C3264005F5F7265EB
:10E97000616C5F5F5F61656162695F6C3264005FFB
:10E980005F7265616C5F5F5F61656162695F756938
:10E990003264005F5F7265616C5F5F5F61656162D9
:10E9A000695F693264005F5F7265616C5F5F5F61C0
:10E9B000656162695F64326C7A005F5F7265616C89
:10E9C0005F5F5F61656162695F643275697A005F8C
:10E9D0005F7265616C5F5F5F61656162695F643230
:10E9E000697A005F5F7265616C5F5F5F616561623C
:10E9F000695F66636D70756E005F5F7265616C5F05
:10EA00005F5F61656162695F66636D706C65005F21
:10EA10005F7265616C5F5F5F61656162695F6463BE
:10EA20006D70756E005F5F7265616C5F5F5F6165E1
:10EA30006162695F64636D706765005F5F726561E5
:10EA40006C5F5F5F61656162695F64636D7067746D
:10EA5000005F5F7265616C5F5F5F61656162695FE6
:10EA600064636D706C65005F5F7265616C5F5F5FB2
:10EA700061656162695F64636D706C74005F5F7291
:10EA800065616C5F5F5F61656162695F64636D7042
:10EA90006571005F5F7265616C5F5F5F6165616298
:10EAA000695F64646976005F5F7265616C5F5F5F78
:10EAB00061656162695F646D756C005F5F7265615D
:10EAC0006C5F5F5F61656162695F64737562005F5F
:10EAD0005F7265616C5F5F5F61656162695F646100
:10EAE0006464005F5F7265616C5F5F5F6165616256
:10EAF000695F726561645F7470007379735F636CE2
:10EB00006F636B5F6379636C655F6765745F3332F6
:10EB10000072696E675F6275665F617265615F66EC
:10EB2000696E6973680072696E675F6275665F61BE
:10EB30007265615F636C61696D0072696E675F62C7
:10EB400075665F7075740072696E675F6275665F87
:10EB50007065656B0072696E675F6275665F676599
:10EB60007400737464657272005F5F6173736572C1
:10EB7000745F6E6F5F6172677300737363616E665B
:10EB8000006362767072696E746600737072696E8B
:10EB9000746600676D74696D65006D6B74696D6591
:10EBA000006B5F776F726B5F7375626D69745F7412
:10EBB0006F5F7175657565006B5F776F726B5F7105
:10EBC000756575655F7374617274006B5F776F72E2
:10EBD0006B5F72657363686564756C655F666F72A1
:10EBE0005F7175657565006B5F776F726B5F7363DF
:10EBF000686564756C655F666F725F717565756574
:10EC0000006B5F776F726B5F696E69745F64656CD0
:10EC1000617961626C65006B5F776F726B5F7363C4
:10EC2000686564756C65006B5F776F726B5F696EAA
:10EC30006974006B5F666174616C5F68616C74001D
:10EC40006B5F74696D65725F696E69740073746D72
:10EC500033325F6261636B75705F646F6D61696EA3
:10EC60005F64697361626C655F61636365737300A0
:10EC700073746D33325F6261636B75705F646F6D67
:10EC800061696E5F656E61626C655F616363657328
:10EC900073006C6F675F636F6E73745F736B657423
:10ECA0006368007A5F6C6F675F6D73675F72756E24
:10ECB00074696D655F766372656174650070696E15
:10ECC0006374726C5F636F6E6669677572655F709F
:10ECD000696E730070696E6374726C5F6C6F6F6BDA
:10ECE00075705F7374617465006B5F6D656D5F73E4
:10ECF0006C61625F66726565006B5F6D656D5F7309
:10ED00006C61625F696E6974006B5F7379735F77C2
:10ED10006F726B5F71006B5F6D7367715F696E69B6
:10ED200074006B5F73636865645F756E6C6F636BB3
:10ED3000006B5F73636865645F6C6F636B006B5F30
:10ED40006D616C6C6F63005F5F7265616C5F7673A1
:10ED50006E7072696E7466005F5F7265616C5F7081
:10ED6000757463686172005F5F7265616C5F707576
:10ED70007473005F5F7265616C5F6C6465787000CE
:10ED80005F5F7265616C5F74616E66005F5F726584
:10ED9000616C5F74616E005F5F7265616C5F73715F
:10EDA000727466005F5F7265616C5F73717274008C
:10EDB0005F5F7265616C5F73696E66005F5F72654D
:10EDC000616C5F73696E005F5F7265616C5F706F2D
:10EDD00077005F5F7265616C5F6C6F673130005FF9
:10EDE0005F7265616C5F6C6F6732005F5F72656157
:10EDF0006C5F6C6F6766005F5F7265616C5F6C6F04
:10EE000067005F5F7265616C5F666D6F64005F5F76
:10EE10007265616C5F65787032005F5F7265616C0E
:10EE20005F657870005F5F7265616C5F636F7366CA
:10EE3000005F5F7265616C5F636F73005F5F726537
:10EE4000616C5F6174616E66005F5F7265616C5FCB
:10EE50006174616E3266005F5F7265616C5F6174E0
:10EE6000616E32005F5F7265616C5F6174616E003C
:10EE70005F5F7265616C5F6173696E66005F5F7290
:10EE800065616C5F6173696E005F5F7265616C5F85
:10EE900061636F7366005F5F7265616C5F61636F72
:10EEA00073005F5F7265616C5F697378646967693D
:10EEB00074005F5F7265616C5F69736C6F77657218
:10EEC000005F5F7265616C5F697375707065720079
:10EED0005F5F7265616C5F69737072696E74005F09
:10EEE0005F7265616C5F69736772617068005F5F14
:10EEF0007265616C5F69736469676974005F5F72F2
:10EF000065616C5F6973636E74726C005F5F7265DC
:10EF1000616C5F6973616C706861005F5F726561ED
:10EF20006C5F746F7570706572005F5F7265616CA5
:10EF30005F746F6C6F776572005F5F7265616C5FA5
:10EF40006973616C6E756D005F5F7265616C5F699E
:10EF5000737370616365005F5F7265616C5F5F65AD
:10EF6000786974005F5F7265616C5F617465786970
:10EF700074005F5F7265616C5F65786974005F5FE4
:10EF80007265616C5F61626F7274005F5F72656170
:10EF90006C5F61746F6C005F5F7265616C5F617460
:10EFA0006F66005F5F7265616C5F61746F69005FBF
:10EFB0005F7265616C5F737472746F756C005F5F14
:10EFC0007265616C5F737472746F6C005F5F726501
:10EFD000616C5F737472746F64005F5F7265616C03
:10EFE0005F7372616E64005F5F7265616C5F726116
:10EFF0006E64005F5F7265616C5F66726565005F7D
:10F000005F7265616C5F63616C6C6F63005F5F7200
:10F0100065616C5F7265616C6C6F63005F5F7265E8
:10F02000616C5F6D616C6C6F63005F5F7265616CDA
:10F030005F6D656D6D656D005F5F7265616C5F73BF
:10F040007472647570005F5F7265616C5F6D656D91
:10F05000636872005F5F7265616C5F737472746F76
:10F060006B005F5F7265616C5F6D656D73657400E9
:10F070005F5F7265616C5F6D656D636D70005F5F92
:10F080007265616C5F737472637079005F5F726543
:10F09000616C5F737472636174005F5F7265616C51
:10F0A0005F737472636872005F5F7265616C5F7337
:10F0B00074726E6C656E005F5F7265616C5F737415
:10F0C000726C656E005F5F7265616C5F7374726312
:10F0D0006D70005F5F7265616C5F73747263617302
:10F0E00065636D70005F5F7265616C5F7374726EF3
:10F0F000637079005F5F7265616C5F7374726E63D9
:10F100006D70005F5F7265616C5F737472737472AF
:10F11000005F5F7265616C5F737472726368720026
:10F120005F5F7265616C5F6D656D6D6F7665005FC9
:10F130005F7265616C5F6D656D63707900466169D2
:10F140006C656420746F206F70656E20666C6173EF
:10F150006820617265612C2072632025640A004674
:10F1600061696C656420746F2072656164206865F4
:10F17000616465722C2072632025640A00496E76F2
:10F18000616C696420736B65746368206865616491
:10F1900065720A004661696C656420746F206C6F4B
:10F1A000616420736B657463682C2072632025642E
:10F1B0000A004661696C656420746F2066696E643C
:10F1C000206D61696E2066756E6374696F6E0A00EA
:10F1D00000000000000000000000000000004617D2
:10F1E00000000000000000000000002E00000000F1
:10F1F000000000000000000000000000000000000F
:10F2000000000000000000000000000000000000FE
:10F2100000000000000000000000000000000000EE
:10F2200000000000000000000000000000000000DE
:10F2300000000000000000000000140000000000BA
:10F240000000000000002D4400000000000000004D
:10F250000000002600000000000000000000000088
:10F26000000000000000000000000000000000009E
:10F27000000000000000000000000000000000008E
:10F28000000000000000000000000000000000007E
:10F29000000000000000000000000000000000006E
:10F2A00000001F1600000000000000000000144DC8
:10F2B00004000000000000000000001C000000002E
:10F2C000000000000000000000000000000000003E
:10F2D000000000000000000000000000000000002E
:10F2E000000000000000000000000000000000001E
:10F2F000000000000000000000000000000000000E
:10F30000000000000000000000000D4500000000AB
:10F31000000000000000054218000000000000008E
:10F3200000000011000000000000000000000000CC
:10F3300000000000000000000000000000000000CD
:10F3400000000000000000000000000000000000BD
:10F3500000000000000000000000000000000000AD
:10F36000000000000000000000000000000000009D
:10F37000000001442D0000000000000000000036E5
:10F380001C05000000000000000000060000000056
:10F39000000000000000000000000000000000006D
:10F3A000000000000000000000000000000000005D
:10F3B000000000000000000000000000000000004D
:10F3C000000000000000000000000000000000003D
:10F3D0000000000000000000000000314C040000AC
:10F3E000000000000000002B1916000000000000C3
:10F3F000000000000000000000000000000000000D
:10F4000000000000000000000000000000000000FC
:10F4100000000000000000000000000000000000EC
:10F4200000000000000000000000000000000000DC
:10F4300000000000000000000000000000000000CC
:10F4400000000025452A0000000000000000001F09
:10F45000171620000000000000000000000000005F
:10F46000000000000000000000000000000000009C
:10F47000000000000000000000000000000000008C
:10F48000000000000000000000000000000000007C
:10F49000000000000000000000000000000000006C
:10F4A00000000000000000000000001A38300000DA
:10F4B0000000000000000016160E3D1100000000C4
:10F4C000000000000000000000000000000000003C
:10F4D000000000000000000000000000000000002C
:10F4E000000000000000000000000000000000001C
:10F4F000000000000000000000000000000000000C
:10F5000000000000000000000000000000000000FB
:10F51000000000132F290000000000000000000E72
:10F52000140B3A4C00000000000000000000000036
:10F5300000000000000000000000000000000000CB
:10F5400000000000000000000000000000000000BB
:10F5500000000000000000000000000000000000AB
:10F56000000000000000000000000000000000009B
:10F5700000000000000000000000000C2823000034
:10F5800000000000000000071108316100000000C9
:10F590000000000000000000180000000000000053
:10F5A000000000000000000000000000000000005B
:10F5B000000000000000000000000000000000004B
:10F5C000000000000000000000000000000000003B
:10F5D000000000000000000000000000000000002B
:10F5E00000000006221E00000000000000000001D4
:10F5F0000E062B5500000000000000000000000077
:10F600003D1D0000000000000000000000000000A0
:10F6100000000000000000000000000000000000EA
:10F6200000000000000000000000000000000000DA
:10F6300000000000000000000000000000000000CA
:10F640000000000000000000000000021B19000084
:10F6500000000000000000000B042549000000002D
:10F660000000000000000000511E0000000000002B
:10F67000000000000020000000000000000000006A
:10F68000000000000000000000000000000000007A
:10F69000000000000000000000000000000000006A
:10F6A000000000000000000000000000000000005A
:10F6B000000000001615000000000000000000001F
:10F6C00008031F3F000000000000000000000000D1
:10F6D0006617000000000000000000000037000076
:10F6E000000000000000000000000000000000001A
:10F6F000000000000000000000000000000000000A
:10F7000000000000000000000000000000000000F9
:10F7100000000000000000000000000011110000C7
:10F72000000000000000000005011D3D0000000079
:10F73000000000000000000D870F00000000000026
:10F740000000000000310000000000000000000088
:10F7500000000000000000000000000000000000A9
:10F760000000000000000000000000000000000099
:10F770000000000000000000000000000000000089
:10F78000000000000E0D000000000000000000005E
:10F7900002002153000000000000000000000011E2
:10F7A000940A000000000000000000000029000092
:10F7B0000000000000000000000000000000000049
:10F7C0000000000000000000000000000000000039
:10F7D0000000000000000000000000000000000029
:10F7E0000000000000000000000000000A0A000005
:10F7F000000000000000000000001A71000000007E
:10F80000000000000000000E89070000000000005A
:10F8100000000000002500000000000000000000C3
:10F8200000000000000000000000000000000000D8
:10F8300000000000000000000000000000000000C8
:10F8400000000000000000000000000000000000B8
:10F85000000000000706000000000000000000009B
:10F860000000148214000000000000000000000DE1
:10F870007E030000000000000000000000210000E6
:10F880000000000000000000000000000000000078
:10F890000000000000000000000000000000000068
:10F8A0000000000000000000000000000000000058
:10F8B000000000000000000000000000040400251B
:10F8C00000000000000000000000107C310000007B
:10F8D000000000000000000B7500000000000000A8
:10F8E00000000000001E00000000000000000000FA
:10F8F0000000000000000000000000000000000008
:10F9000000000000000000000000000000000000F7
:10F9100000000000000000000000000000000000E7
:10F920000000000001020036050000000000000099
:10F9300000000D7240010000000000000000000AFD
:10F940006E0000000000000000000000001B00002E
:10F9500000000000000000000000000000000000A7
:10F960000000000000000000000000000000000097
:10F970000000000000000000000000000000000087
:10F980000000000000000000000000000000003443
:10F99000160000000000000000000B6B3F2E00006E
:10F9A00000000000000000086600000000000000E9
:10F9B000000000000018000000000000000000002F
:10F9C0000000000000000000000000000000000037
:10F9D0000000000000000000000000000000000027
:10F9E0000000000000000000000000000000000017
:10F9F000000000000000002F1600000000000000C2
:10FA000000000865365603000000000000000007F3
:10FA10005F00000000000000000000000016000071
:10FA200000000000000000000000000000000000D6
:10FA300000000000000000000000000000000000C6
:10FA400000000000000000000000000000000000B6
:10FA50000000000000000000000000000000002D79
:10FA6000120000000000000000000660306121006C
:10FA70000000000000000006590000030000000024
:10FA80000000000000140000000000000000000062
:10FA90000000000000000000000000000000000066
:10FAA0000000000000000000000000000000000056
:10FAB0000000000000000000000000000000000046
:10FAC000000000000000002A1000000000000000FC
:10FAD0000000045A2D5E2700000000000000000412
:10FAE0005300003100000000000000000012000080
:10FAF0000000000000000000000000000000000006
:10FB000000000000000000000000000000000000F5
:10FB100000000000000000000000000000000000E5
:10FB200000000000000000000000000000000027AE
:10FB30000E00000000000000000002542A582000BF
:10FB400000000000000000034D000057000000000E
:10FB500000000000000F0000000000000000000096
:10FB60000000000000000000000000000000000095
:10FB70000000000000000000000000000000000085
:10FB80000000000000000000000000000000000075
:10FB900000000000000000250D0000000000000033
:10FBA0000000004F28541C0000000000000000026C
:10FBB0004800005C0000000000000000000D000094
:10FBC0002B0000000000000000000000000000000A
:10FBD0000000000000000000000000000000000025
:10FBE0000000000000000000000000000000000015
:10FBF00000000000000000000000000000000022E3
:10FC00000C000000000000000000004B25501B000D
:10FC1000000000000000000143000055000000004B
:10FC200000000000000C00004F0000000000000079
:10FC300000000000000000000000000000000000C4
:10FC400000000000000000000000000000000000B4
:10FC500000000000000000000000000000000000A4
:10FC600000000000000000200A000000000000006A
:10FC700000000047234C19000000000000000000B5
:10FC80003F00004F0000000000000000000A0005D7
:10FC900057000000000000000000000005150000F3
:10FCA0000000000000000000000000000000000054
:10FCB0000000000000000000000000000000000044
:10FCC0000000000000000000000000000000001E16
:10FCD0000900000000000000000000422148170059
:10FCE00000000000000000003A00004A0000000090
:10FCF00000000000000900035200000000000000A6
:10FD000000000000272700000000000000000000A5
:10FD100000000000000000000000000000000000E3
:10FD200000000000000000000000000000000000D3
:10FD3000000000000000001C08000000000000009F
:10FD40000000003E1F4515000000000000000000FC
:10FD5000370000470000000000000000000800001D
:10FD60004E000000000000000000000043290000D9
:10FD7000000000000000000000090000000000007A
:10FD80000000000000000000000000000000000073
:10FD90000000000000000000000000000000001A49
:10FDA00007000000000000000000003B1C4214009F
:10FDB00000000000000000003400004500000000CA
:10FDC00000000000000700004B00000000000000E1
:10FDD000000000004A2700000000000000000000B2
:10FDE00000300000000000000000000000000000E3
:10FDF0000000000000000000000000000000000003
:10FE000000000000000000190600000000000000D3
:10FE1000000000371B3F130000000000000000003E
:10FE2000300000410000000000000000000600005B
:10FE30004800000000000000000000004624000010
:10FE40000000000000000000094D0000000000005C
:10FE500000000000000000000000000000000000A2
:10FE6000000000000000000000000000000000177B
:10FE7000050000000000000000000034193D1200E1
:10FE800000000000000000002E00003F0000000005
:10FE90000000000000040000450000000000000019
:10FEA00000000000422300000000000000000000ED
:10FEB00024540000000000000000000000020000C8
:10FEC0000000000000000000000000000000000032
:10FED0000000000000000016040000000000000008
:10FEE00000000031173A1000000000000000000080
:10FEF0002A00003C00000000000000000003000099
:10FF0000410000000000000000000000402100004F
:10FF1000000000000000000032510000000000005E
:10FF200000000000002200000000000000000000AF
:10FF300000000000000000000000000000000014AD
:10FF400003000000000000000000002D16370F0025
:10FF50000000000000000000270000390000000041
:10FF600000000000000200003F0000000000000050
:10FF7000000000003D1F0000000000000000000025
:10FF8000334F0000000000000000000000440000AB
:10FF90000000000000000000000000000000000061
:10FFA000000000000000001203000000000000003C
:10FFB0000000002B14350E000000000000000000BF
:10FFC00025000037000000000000000000020000D3
:10FFD0003D00000000000000000000003B1E00008B
:10FFE00000000000000000002F4C00000000000096
:10FFF0000000000015550000000000000000000097
:020000040802F0
:1000000000000000000000000000000000000011DF
:1000100002000000000000000000002913320D0063
:100020000000000000000000230000340000000079
:1000300000000000000100003B0000000000000084
:1000400000000000391C000000000000000000005B
:100050002C4A0000000000000000000031570000A2
:10006000000000000000000000030000000000008D
:10007000000000000000001002000000000000006E
:1000800000000026112F0B000000000000000000FF
:10009000200000320000000000000000000000000E
:1000A000380000000000000000000000371C0000C5
:1000B00000000000000000002A47000000000000CF
:1000C000000000004253000000000000000000009B
:1000D000001C000000000000000000000000000FF5
:1000E000010000000000000000000023102D0A00A5
:1000F00000000000000000001E00003000000000B2
:1001000000000000000000003600000000000000B9
:1001100000000000341A0000000000000000000091
:100120002845000000000000000000004C500000C6
:100130000000000000000000002700000000000098
:10014000000000000000000E0100000000000000A0
:1001500000000021102B090000000000000000003A
:100160001C00002E00000000000000000000000045
:100170003400000000000000000000003318000000
:100180000000000000000000264300000000000006
:100190000000001A504D00000000000000000000A8
:1001A0000728000000000000000000000000000D13
:1001B00000000000000000000000001F0F290900DF
:1001C00000000000000000001A00002C00000000E9
:1001D00000000000000000003200000000000000ED
:1001E00000000000311700000000000000000000C7
:1001F00024410000000000000000003D4C4A0000C7
:1002000000000000000000000826000000000000C0
:10021000000000000000000D0000000000000000D1
:100220000000001D0E270800000000000000000074
:100230001800002B0000000000000000000000007B
:100240003000000000000000000000002E1500003B
:100250000000000000000000223E0000000000003E
:1002600000000056474800000000000000000000A9
:100270000426000000000000000000000000000C48
:1002800000000000000000000000001B0D2507001A
:10029000000000000000000016000029000000001F
:1002A00000000000000000002D0000000000000021
:1002B000000000002C1400000000000000000000FE
:1002C000203C0000000000000000056043460000E4
:1002D00000000000000000000124000000000000F9
:1002E000000000000000000B000000000000000003
:1002F000000000190C2406000000000000000000AF
:1003000014000027000000000000000000000000B2
:100310002C00000000000000000000002A13000074
:1003200000000000001504001E3A0000000000005C
:1003300000000D60404400000000000000000000CC
:100340000023000000000000000000000000000A80
:100350000000000000000000000000170B22060053
:100360000000000000000000120000250000000056
:1003700000000000000000002A0000000000000053
:1003800000000000291200000000000000350700F6
:100390001C3800000000000000000D5E3E4200001E
:1003A000000000000000000000220000000000002B
:1003B0000000000000000009000000000000000034
:1003C000000000140A2105000000000000000000E9
:1003D00011000024000000000000000000000000E8
:1003E00029000000000000000000000027120000AB
:1003F00000000000005006001A3600000000000057
:100400000000085B3C40000000000000000000000D
:1004100000210000000000000000000000000008B3
:10042000000000000000000000000013091F04008D
:1004300000000000000000000F000022000000008B
:100440000000000000000000270000000000000085
:10045000010000002611000000000000005E050001
:100460001935000000000000000004583A3F000069
:10047000000000000000000000200000000000005C
:100480000000000000000008000000000000000064
:1004900000000011081E0300000000000000000022
:1004A0000E0000210000000000000000000000001D
:1004B000250000000000000313000000240F0000CE
:1004C000000000000060050017320000000000007E
:1004D00000000156393D000000000000000000004F
:1004E000001F0000000000000000000000000007E6
:1004F00000000000000000000000000F071D0300C6
:1005000000000000000000000C00001F00000000C0
:10051000000000000000000024000000000000189F
:1005200021000000230F000000000000005E070013
:10053000163100000000000000000054373B0000AE
:100540000000000000000000001F0000000000008C
:100550000000000000000007000000000000000094
:100560000000000E071C0300000000000000000057
:100570000B00001E00000000000000000000000052
:10058000230000000000002B29000000220E0000C4
:1005900000000000005A08001530000000000000B4
:1005A00000000052363A0000000000000000000089
:1005B000001E000000000000000000000000000617
:1005C00000000000000000000000000D061B0200FB
:1005D00000000000000000000900001D00000000F5
:1005E00000000700000000002200000000000036AC
:1005F0002C000000200D0000000000000057080043
:10060000142F0000000000000000005034390000EA
:100610000000000000000000001D000000000000BD
:1006200000000000000000050000000000000000C5
:100630000000000C061A020000000000000000008C
:100640000800001D00000000000021000000000064
:1006500021000000000000382D0000001F0D0000E8
:100660000000000000550900132E000000000000EB
:100670000000004E333700000000000000000000C2
:10068000001C000000000000000000000000000549
:1006900000000000000000000000000B051A02002E
:1006A00000000000000000000700001C0000000027
:1006B00000003B00000000002000000000000035AA
:1006C0002D0000001E0C0000000000000053090077
:1006D000122C0000000000000000004C3236000028
:1006E0000000000000000000001C000000000000EE
:1006F00000000000000000050000000000000000F5
:100700000000000A041901000000000000000000C1
:100710000600001C0000000000004D00000000006A
:100720001F000000000000302E0000001E0C000022
:100730000000000000510A00122C00000000000020
:100740000000004B323600000000000000000000F6
:10075000001B00000000000000000000000000047A
:100760000000000000000000000000090418010063
:1007700000000000000F00000500001B000000004A
:1007800000005600000000001F0000000000002DC7
:100790002F0000001D0B000000000000004F0B00A8
:1007A000112B0000000000000000004A313500005D
:1007B0000000000000000000001B0000000000001E
:1007C0000000000000000004000000000000000025
:1007D00000000008041801000000000000290000CB
:1007E0000400001A00000000000057000000000094
:1007F0001E0000000000002B2F0000001D0B000059
:1008000000000000004E0C00112A00000000000053
:100810000000004931350000000000000000000029
:10082000001B0000000000000000000000000003AA
:100830000000000000000000000000080418010093
:1008400000000000004000000300001A000000004B
:1008500000005400000000001E0000000000002AFC
:10086000300000001C0B000000000000004D0D00D7
:10087000102A000000000000000000483034000092
:100880000000000000000000001A0000000000004E
:100890000000000000000003000000000000000055
:1008A00000000007031701000000000000500000D6
:1008B00003000019000000000000520000000000CA
:1008C0001E00000000000029300000001C0B00008A
:1008D00000000000004C0E00102A00000000000084
:1008E000000000473034000000000000000000005D
:1008F000001A0000000000000000000000000003DB
:1009000000000000000000000C00000703160100BA
:1009100000000000005700000200001A0000000064
:1009200000005000000000001D0000000000002832
:10093000310000001C0B000000000000004C0E0005
:10094000102A0000000000000000004730340000C2
:100950000000000000000000001A0000000000007D
:100960000000000000000003000000000000000084
:100970001C030007031600000000000000590000DF
:10098000000000190000000000004F0000000000FF
:100990001D00000000000027320000001C0B0000BA
:1009A00000000000004B0F000F2A000000000000B4
:1009B000000000463034000000000000000000008D
:1009C000001A00000000000000000000000000030A
:1009D00000000000000000002814000703160000BB
:1009E0000000000000590000000000190000000095
:1009F00000004F00000000001D0000000000002665
:100A0000330000001C0A000000000000004B0F0033
:100A10000F2A0000000000000000004630340000F3
:100A20000000000000000000001A000000000000AC
:100A300000000000000000030000000000000000B3
:100A40002D290006021500000000000000580000DB
:100A5000000000190000000000004F00000000002E
:100A60001D00000000000026340000001C0A0000E9
:100A700000000000004A10000F29000000000000E4
:100A800000000046303400000000000000000000BC
:100A9000001A00000000000000000000000000023A
:100AA00000000000000000002E3D000602150000BE
:100AB00000000000005800000000001900000000C5
:100AC00000004E00000000001D0000000000002596
:100AD000350000001B0A000000000000004A110061
:100AE0000F29000000000000000000463034000024
:100AF0000000000000000000001A000000000000DC
:100B000000000000050000020000000000000000DE
:100B10002D4D0006021500000000000000580000E6
:100B2000000000180000000000004E00000000005F
:100B30001D00000000000025360000001C0A000017
:100B400000000000004A12000F2900000000000011
:100B500000000046303400000000000000000000EB
:100B6000001A000000000000000000001000000259
:100B700000000000000000002C59000502150000D4
:100B800000000000005900000000001900000000F3
:100B900000004F00000000001D00000000000024C5
:100BA000360000001B0A000000000000004A12008E
:100BB0000F2A000000000000000000463134000051
:100BC0000000000000000000001A0000000000000B
:100BD00000000000180000020000000000000000FB
:100BE0002B6100030215000000000000005A000005
:100BF000000000180000000000004F00000000008E
:100C00001D00000000000024370000001C0B000045
:100C100000000000004A13000F2A0000000000003E
:100C20000000004631350000000000000000000018
:100C3000001A000000000000000000001C08000274
:100C400000000000000000002A66010202150000FA
:100C500000000000005A0000000000190000000021
:100C600000005000000000001D00000000000024F3
:100C7000380000001C0B000000000000004A1400B7
:100C80000F2B00000000000000000047323500007C
:100C90000000000000000000001B00000000000039
:100CA000000000001E140002000000000000000010
:100CB0002A690E010215000000000000005B000020
:100CC00000000019000000000000500000000000BB
:100CD0001D00000000000024390000001C0B000073
:100CE00000000000004B14000F2B0000000000006B
:100CF0000000004732360000000000000000000045
:100D0000001B000000000000000000001E20000288
:100D100000000000000000002A691C02021500000B
:100D200000000000005C000000000019000000004E
:100D300000005100000000001D0000000000002421
:100D40003A0000001C0B000000000000004C1500E1
:100D5000102B0000000000000000004833360000A7
:100D60000000000000000000001C00000000000067
:100D7000000000001D29000200000000000000002B
:100D80002B6A29050115000000000000005D00002D
:100D900000000019000000000000520000000000E8
:100DA0001E000000000000243C0000001C0B00009E
:100DB00000000000004C1600102C00000000000095
:100DC000000000493437000000000000000000006F
:100DD000001C000000000000000000001D2E0001AB
:100DE00000000000000000002B69340C0015010019
:100DF00000000000005E00000000001A000000007B
:100E000000005300000000001E000000000000254C
:100E10003D0000001D0B000000000000004D170009
:100E2000102D0000000000000000004A35380000CE
:100E30000000000000000000001D00000000000095
:100E4000000000001D300001000000000000000054
:100E50002B6A3C1600160100000000000060000034
:100E60000000001A00000000000055000000000013
:100E70001E000000000000253E0000001E0B0000C8
:100E800000000000004E1700112D000000000000BF
:100E90000000004B36390000000000000000000098
:100EA000001D000000000000000000001D310001D6
:100EB00000000000000000002C6A4226001601001D
:100EC00000000000006200000000001A00000000A6
:100ED00000005700000000001F0000000000002676
:100EE000400000001E0C000000000000005019002F
:100EF000112E0000000000000000004D373A0000F5
:100F00000000000000000000001E000000000000C3
:100F1000000000001D310001000000000000000082
:100F20002C6B463800170100000000000064000030
:100F30000000001B0000000000005900000000003D
:100F40001F00000000000027420000001F0C0000EE
:100F50000000000000521A00112F000000000000E5
:100F60000000004E383C00000000000000000000BF
:100F7000001F000000000000000000001E32000101
:100F800000000000000000002D6C48480017010020
:100F900000000000006600000000001C00000000CF
:100FA00000005B010000000021000000000000289C
:100FB00044000000200D00000000000000541A0052
:100FC0001231000000000000000000503A3D000017
:100FD00000000000000000000020000000000000F1
:100FE000000000001E3200010000000000000000B0
:100FF0002E6D485500180100000000000068000038
:101000000000001C0000000000005D010000000066
:10101000220000000000002A46000000210D000010
:101020000000000000561C00133200000000000009
:10103000000000533C3F00000000000000000000E2
:101040000021000000000000000000001F3300012C
:1010500000000000000000002E6E4965001802002C
:1010600000000000006900000000001D00000000FA
:101070000000600200000000230000000000002BC0
:1010800048000000220E00000000000000591D0072
:101090001434000000000000000000553D41000035
:1010A000000000000000000000230000000000001D
:1010B000000000001F3300010000000000000000DD
:1010C0002F6F49710218020000000000006A000042
:1010D0000600001E00000000000063020000000087
:1010E000240000000000002D4B000000240F000031
:1010F00000000000005C1E0015360000000000002B
:101100000000005840440000000000000000000003
:101110000024000000000000000000002034000156
:1011200000000000000000002F704979051902003E
:1011300000000000006C00000F00001F0000000015
:1011400000006503000000002600000000000030E1
:101150004E0000002611000000000000006020008A
:1011600016380000000000000000005C434700004B
:101170000000000000000000002600000000000049
:101180000000000020350002000000000000000008
:101190003071497F081A030000000000006C000055
:1011A0001A0000210000000000006603000000009B
:1011B000280000000000003251000000271200004B
:1011C0000000000000652200173B00000000000046
:1011D00000000060464A000000000000000000001F
:1011E0000028000000000000000000002035000280
:1011F0000000000000000000307249830A1B040058
:1012000000000000006D0000260000220000000029
:101210000000670300000000290000000000003308
:10122000540000002A13000000000000006A24009F
:10123000193E000000000000000000654A4E00005A
:101240000000000000000000002B00000000000073
:101250000000000021360002000000000000000035
:1012600031734A840B1D040000000000006E000072
:1012700031030025000000000000680300000000AA
:101280002C00000000000033550000002C15000069
:1012900000000000006F28001B420000000000005A
:1012A0000000006B4F520000000000000000000032
:1012B000002E0000000000000000000021360003A6
:1012C000000000000000000032744B850C1F060077
:1012D00000000000006F00003C0B00260000000032
:1012E000000069040000000030000000000000342D
:1012F00056000000301700000000000000712A00B6
:101300001E4700000000000000000072545800005A
:10131000000000000000000000320000000000009B
:101320000000000022370004000000000000000060
:1013300032754C870C22070000000000007100008D
:101340004712002A0000000000006A0400000000AC
:101350003400000000000035570000003419000080
:101360000000000000722C00214C00000000000072
:1013700000000078595E000000000000000000003E
:1013800000360000000000000000000022380006C7
:10139000000000000000000033764D870D25080096
:1013A00000000000007100004F19002E0000000036
:1013B00000006B0400000000390000000000003550
:1013C00058000000391D00000000000000732C00D0
:1013D00025520000000000000000007A5F66000057
:1013E0000000000000000000003A000000000000C3
:1013F000000000002239000700000000000000008B
:1014000033774E880E290A000000000000720000A9
:10141000561C00340000000000006C0400000000B6
:101420003E00000000000036580000003F20000091
:101430000000000000742D002A5A00000000000087
:101440000000007B6370000000000000000000004E
:10145000003D0000000000000000000023390008EB
:10146000010000000000000034784E8A0F2E0D00AD
:1014700000000000007300005D2000390000000043
:1014800000006D0500000000440000000000003670
:1014900059000000452400000000000000752D00E8
:1014A0002E620000000000000000007C6577000054
:1014B0000000000000000000003E000000000000EE
:1014C000000000002439000A0200000000000000B3
:1014D00035794F8B11330F000000000000740000BD
:1014E0006421003F0000000000006E0500040000C1
:1014F0004C000000000000375A0000004D29000099
:101500000000000000762E00336C00000000000098
:101510000000007D657A000000000000000000006F
:10152000003E00000000000000000000243A000C13
:101530000300000000000000357A4F8D13391200BF
:1015400000000000007600006A2100470000000053
:1015500000006F05000D000055000000000000387D
:101560005B000000562F00000000000000772E00F6
:1015700034730000000000000000007E667B000065
:101580000000000000000000003F0000000000001C
:1015900000000000243B000F0500000000000000D8
:1015A000367B518E164015000000000000770000C9
:1015B0006F210050000000000000700500170000BF
:1015C0005E000000000000385C0000005D34000098
:1015D0000000000000782F003575000000000000BA
:1015E0000000007F677C0000000000000000000099
:1015F000003F00000000000000000000253C001239
:101600000700000000000000367D519019481900C5
:101610000000000000770000752100580000000065
:10162000000071060021000369000000000000397D
:101630005D0000005F3800000000000000792F000E
:10164000357600000000000000000080687D00008A
:10165000000000000000000000400000000000004A
:1016600000000000253C00160900000000000000FA
:10167000377D52931D501E000000000000780000CE
:101680007A2000630000000000007206002A0004B7
:1016900071000000000000395E00000060390000A9
:1016A00000000000007A2F003677000000000000E4
:1016B00000000081697E00000000000000000000C2
:1016C000004000000000000000000000263D001A5D
:1016D0000C00000000000000387E5295205A2300C4
:1016E00000000000007A00007E20006F0000000073
:1016F00000007306002F0004740000000000003A90
:101700005F0000006139000000000000007B300035
:10171000367800000000000000000082697F0000B1
:101720000000000000000000004100000000000078
:1017300000000000263D001E0F0000000000000019
:10174000387F53972564290000000000007A0000CC
:10175000841F0076000000000000740600370005BA
:10176000740000000000003A5F000000623A0000D0
:1017700000000000007C300037790000000000000D
:10178000000000836A8000000000000000000000EC
:10179000004200000000000000000000273E00237F
:1017A00013000000000000003880539A2A702F00B8
:1017B00000000000007C0000891E0078000000008E
:1017C00000007506003B0005750000000000003BAE
:1017D00060000000633A000000000000007D31005E
:1017E000387A000000000000000000846B810000D7
:1017F00000000000000000000042000000000000A7
:1018000000000000273E0028180000000000000033
:101810003981539D307B310000000000007C0000C6
:101820008E1D0079000000000000760600400005D3
:10183000760000000000003B61000000643B0000F7
:1018400000000000007E3200387B00000000000035
:10185000000000856B820000000000000000000016
:10186000004300000000000000000000283E002FA0
:101870001D000000000000003A8253A137833200AF
:1018800000000000007E0000941D007A00000000AF
:101890000000770600440005770000000000003CCF
:1018A00062000000643B000000000000007F320086
:1018B000397C000000000000000000866C830000FE
:1018C00000000000000000000043000000000000D5
:1018D00000000000283F003620000000000000004B
:1018E0003A8354A43E87320000000000007F0000CD
:1018F0009A1C007B000000000000770600480005ED
:10190000780000000000003D62000000653C00001F
:1019100000000000008032003A7D0000000000005E
:10192000000000876D85000000000000000000003E
:10193000004400000000000000000000283F013DBE
:1019400022000000000000003B8554A845893200B9
:1019500000000000007F0000A01B007C00000000D1
:101960000000790600490005790000000000003DF4
:1019700063000000663D00000000000000813300AD
:101980003A7E000000000000000000886D86000024
:101990000000000000000000004400000000000003
:1019A0000000000029400243230000000000000066
:1019B0003B8554AC4B8A33000000000000810000DE
:1019C000A61A007D0000000000007A06004B00050A
:1019D0007A0000000000003E64000000673D000047
:1019E00000000000008234003A7F00000000000088
:1019F000000000896E870000000000000000000069
:101A00000045000000000000000000002A400446DD
:101A100023000000000000003C8655B2518A3300CC
:101A20000000000000820000AB19007E00000000F2
:101A300000007A06004C00057B0000000000003F1B
:101A400065000000683E00000000000000833400D4
:101A50003B800000000000000000008A6F8800004A
:101A60000000000000000000004500000000000031
:101A7000000000002A40074823000000000000008A
:101A80003C8755B7558B34000000000000820000F1
:101A9000B119007F0000000000007B06004D00052A
:101AA0007C0000000000003F66000000693E00006E
:101AB00000000000008435003C80000000000000B1
:101AC0000000008B6F890000000000000000000093
:101AD0000046000000000000000000002A41084805
:101AE00023000000000000003D8855BD578B3400E6
:101AF0000000000000840000B619007F0000000014
:101B000000007C06004E00067C0000000000004043
:101B1000670000006A3F00000000000000853600FA
:101B20003C820000000000000000008C708A000071
:101B3000000000000000000000470000000000005E
:101B4000000000002B4109492300000000000000B4
:101B50003E8956C1598C3500000000000084000009
:101B6000BD1900800000000000007D06004E000648
:101B70007D00000000000040670000006A3F000098
:101B800000000000008636003D82000000000000DA
:101B90000000008D718A00000000000000000000BD
:101BA0000047000000000000000000002B41094A2F
:101BB00024000000000000003E8957C4598D350004
:101BC0000000000000850001C21900810000000033
:101BD00000007E07004F00067F000000000000416B
:101BE000680000006B400000000000000087360025
:101BF0003D830000000000000000008E718B00009B
:101C0000000000000000000000480000000000008C
:101C1000000000002C42094A2400000000000000DF
:101C20003E8A58C7598E3600000000000086000525
:101C3000C91900820000000000007F07004F000764
:101C40007F00000000000041690000006C410000BE
:101C500000000000008837003E8400000000000003
:101C60000000008F728C00000000000000000000E7
:101C70000048000000000000000000002C42094B5A
:101C800024000000000000003F8B5ACA5A8F370022
:101C90000000000000870008CF180083000000004B
:101CA0000000800700500007800000000000004294
:101CB0006A0000006D41000000000000008937004C
:101CC0003F8500000000000000000090728D0000C1
:101CD00000000000000000000048000000000000BC
:101CE000000000002D43094B25000000000000000B
:101CF0003F8C5BCD5A903700000000000088000A3E
:101D0000D51800840000000000008007004F000785
:101D100081000000000000426A0000006D420000E7
:101D200000000000008A38003F860000000000002C
:101D300000000091738E0000000000000000000011
:101D40000049000000000000000000002D43094C85
:101D50002500000000000000408C5ED15B91370040
:101D6000000000000089000DDB1800850000000065
:101D700000008107005000078200000000000043BF
:101D80006B0000006E42000000000000008A390075
:101D9000408700000000000000000092748F0000E7
:101DA0000000000000000000004A000000000000E9
:101DB000000000002E43094D260000000000000036
:101DC000418D5FD35B923800000000000089001055
:101DD000E1180085000000000000820800500007A4
:101DE00082000000000000446C0000006F4300000F
:101DF00000000000008B3900408700000000000058
:101E0000000000937490000000000000000000003B
:101E1000004A000000000000000000002E43094DB1
:101E20002600000000000000418E61D55C93380060
:101E300000000000008A0012E61700860000000083
:101E400000008308005000078300000000000044E9
:101E50006D0000006F43000000000000008C39009E
:101E60004089000000000000000000937591000010
:101E70000000000000000000004B00000000000017
:101E8000000000002E440A4E260000000000000062
:101E9000428E62D75C93380000000000008B001473
:101EA000EA170087000000000000830800500007C8
:101EB00084000000000000446D0000007044000039
:101EC00000000000008D3A00418900000000000081
:101ED0000000009475920000000000000000000067
:101EE000004B000000000000000000002F440A4EDC
:101EF0002700000000000000428F63D85C94390086
:101F000000000000008B0016EC17008800000000A5
:101F10000000840800510008850000000000004512
:101F20006D0000007144000000000000008E3A00C7
:101F3000418A000000000000000000957692000039
:101F40000000000000000000004C00000000000045
:101F5000000000002F440A4E27000000000000008F
:101F6000428F64D95D95390000000000008C001795
:101F7000EF180088000000000000850900510008EB
:101F800086000000000000456E0000007145000062
:101F900000000000008E3B00428A000000000000AC
:101FA0000000009676930000000000000000000092
:101FB000004C000000000000000000002F450A4F08
:101FC0002700000000000000439065D95E963A00AB
:101FD00000000000008D0018F118008900000000CA
:101FE000000085090051000886000000000000463E
:101FF0006F0000007245000000000000008F3B00F1
:10200000428B000000000000000000967794000062
:102010000000000000000000004D00000000000073
:102020000000000030450A4F2700000000000000BB
:10203000439065DA5E963A0000000000008D0019BA
:10204000F118008A00000000000086090052000814
:1020500087000000000000466F000000734500008C
:102060000000000000903B00438B000000000000D7
:1020700000000097779400000000000000000000BE
:10208000004D0000000000000000000030450B4F34
:102090002800000000000000449166DA5E973B00D3
:1020A00000000000008E0019F218008A00000000F5
:1020B000000086090052000887000000000000466A
:1020C00070000000734500000000000000903C001C
:1020D000438C00000000000000000098789500008C
:1020E0000000000000000000004D000000000000A3
:1020F0000000000030450A502800000000000000E9
:10210000449266DB5F973B0000000000008E0019E0
:10211000F319008B0000000000008709005200083E
:1021200088000000000000477000000073460000B7
:102130000000000000913C00438C00000000000003
:1021400000000098789500000000000000000000EA
:10215000004E0000000000000000000030460B5060
:102160002800000000000000449266DB5F973B00FF
:1021700000000000008E001AF419008B000000001F
:102180000000870900530008880000000000004795
:1021900070000000744600000000000000913C0048
:1021A000438D0000000000000000009879960000B8
:1021B0000000000000000000004E000000000000D1
:1021C0000000000031460B50290000000000000014
:1021D000449266DC5F983B0000000000008F001A0C
:1021E000F419008C0000000000008709005300086B
:1021F00088000000000000477000000074460000E6
:102200000000000000913C00448D00000000000030
:102210000000009979960000000000000000000016
:10222000004E0000000000000000000031460B508E
:102230002900000000000000449267DC5F983C0029
:1022400000000000008F001AF419008C000000004C
:1022500000008809005300088900000000000048C1
:1022600070000000744700000000000000913C0076
:10227000438D0000000000000000009979960000E6
:102280000000000000000000004E00000000000000
:102290000000000031460B50290000000000000043
:1022A000449267DC5F983C0000000000008F001A39
:1022B000F419008C00000000000088090053000899
:1022C0008900000000000048700000007447000012
:1022D0000000000000913C00438D00000000000061
:1022E0000000009979960000000000000000000046
:1022F000004E0000000000000000000031460B50BE
:102300002900000000000000449267DC5F983C0058
:1023100000000000008F001AF419008C000000007B
:1023200000008809005300088900000000000048F0
:1023300070000000744700000000000000913C00A5
:10234000438D000000000000000000997996000015
:102350000000000000000000004E0000000000002F
:102360000000000031460B50290000000000000072
:10237000449267DC5F983C0000000000008F001A68
:10238000F419008C000000000000880900530008C8
:102390008900000000000048700000007447000041
:1023A0000000000000913C00438D00000000000090
:1023B0000000009979960000000000000000000075
:1023C000004E0000000000000000000031460B50ED
:1023D0002900000000000000449267DC5F983C0088
:1023E00000000000008F001AF419008C00000000AB
:1023F0000000880900530008890000000000004820
:1024000070000000744700000000000000913C00D4
:10241000438D000000000000000000997996000044
:102420000000000000000000004E0000000000005E
:102430000000000031460B502900000000000000A1
:10244000449267DC5F983C0000000000008F001A97
:10245000F419008C000000000000880900530008F7
:102460008900000000000048700000007447000070
:102470000000000000913C00438D000000000000BF
:1024800000000099799600000000000000000000A4
:10249000004E0000000000000000000031460B501C
:1024A0002900000000000000449267DC5F983C00B7
:1024B00000000000008F001AF419008C00000000DA
:1024C000000088090053000889000000000000484F
:1024D00070000000744700000000000000913C0004
:1024E000438D000000000000000000997996000074
:1024F0000000000000000000004E0000000000008E
:102500000000000031460B502900000000000000D0
:10251000449267DC5F983C0000000000008F001AC6
:10252000F419008C00000000000088090053000826
:10253000890000000000004870000000744700009F
:102540000000000000913C00438D000000000000EE
:1025500000000099799600000000000000000000D3
:10256000004E0000000000000000000031460B504B
:102570002900000000000000449267DC5F983C00E6
:1025800000000000008F001AF419008C0000000009
:10259000000088090053000889000000000000487E
:1025A00070000000744700000000000000913C0033
:1025B000438D0000000000000000009979960000A3
:1025C0000000000000000000004E000000000000BD
:1025D0000000000031460B50290000000000000000
:1025E000449267DC5F983C0000000000008F001AF6
:1025F000F419008C00000000000088090053000856
:1026000089000000000000487000000074470000CE
:102610000000000000913C00438D0000000000001D
:102620000000009979960000000000000000000002
:10263000004E0000000000000000000031460B507A
:102640002900000000000000449267DC5F983C0015
:1026500000000000008F001AF419008C0000000038
:1026600000008809005300088900000000000048AD
:1026700070000000744700000000000000913C0062
:10268000438D0000000000000000009979960000D2
:102690000000000000000000004E000000000000EC
:1026A0000000000031460B5029000000000000002F
:1026B000449267DC5F983C0000000000008F001A25
:1026C000F419008C00000000000088090053000885
:1026D00089000000000000487000000074470000FE
:1026E0000000000000913C00438D0000000000004D
:1026F0000000009979960000000000000000000032
:10270000004E0000000000000000000031460B50A9
:102710002900000000000000449267DC5F983C0044
:1027200000000000008F001AF419008C0000000067
:1027300000008809005300088900000000000048DC
:1027400070000000744700000000000000913C0091
:10275000438D000000000000000000997996000001
:102760000000000000000000004E0000000000001B
:102770000000000031460B5029000000000000005E
:10278000449267DC5F983C0000000000008F001A54
:10279000F419008C000000000000880900530008B4
:1027A000890000000000004870000000744700002D
:1027B0000000000000913C00438D0000000000007C
:1027C0000000009979960000000000000000000061
:1027D000004E0000000000000000000031460B50D9
:1027E0002900000000000000449267DC5F983C0074
:1027F00000000000008F001AF419008C0000000097
:10280000000088090053000889000000000000480B
:1028100070000000744700000000000000913C00C0
:10282000438D000000000000000000997996000030
:102830000000000000000000004E0000000000004A
:102840000000000031460B5029000000000000008D
:10285000449267DC5F983C0000000000008F001A83
:10286000F419008C000000000000880900530008E3
:10287000890000000000004870000000744700005C
:102880000000000000913C00438D000000000000AB
:102890000000009979960000000000000000000090
:1028A000004E0000000000000000000031460B5008
:1028B0002900000000000000449267DC5F983C00A3
:1028C00000000000008F001AF419008C00000000C6
:1028D000000088090053000889000000000000483B
:1028E00070000000744700000000000000913C00F0
:1028F000438D000000000000000000997996000060
:102900000000000000000000004E00000000000079
:102910000000000031460B502900000000000000BC
:10292000449267DC5F983C0000000000008F001AB2
:10293000F419008C00000000000088090053000812
:10294000890000000000004870000000744700008B
:102950000000000000913C00438D000000000000DA
:1029600000000099799600000000000000000000BF
:10297000004E0000000000000000000031460B5037
:102980002900000000000000449267DC5F983C00D2
:1029900000000000008F001AF419008C00000000F5
:1029A000000088090053000889000000000000486A
:1029B00070000000744700000000000000913C001F
:1029C000438D00000000000000000099799600008F
:1029D0000000000000000000004E000000000000A9
:1029E0000000000031460B502900000000000000EC
:1029F000449267DC5F983C0000000000008F001AE2
:102A0000F419008C00000000000088090053000841
:102A100089000000000000487000000074470000BA
:102A20000000000000913C00438D00000000000009
:102A300000000099799600000000000000000000EE
:102A4000004E0000000000000000000031460B5066
:102A50002900000000000000449267DC5F983C0001
:102A600000000000008F001AF419008C0000000024
:102A70000000880900530008890000000000004899
:102A800070000000744700000000000000913C004E
:102A9000438D0000000000000000009979960000BE
:102AA0000000000000000000004E000000000000D8
:102AB0000000000031460B5029000000000000001B
:102AC000449267DC5F983C0000000000008F001A11
:102AD000F419008C00000000000088090053000871
:102AE00089000000000000487000000074470000EA
:102AF0000000000000913C00438D00000000000039
:102B0000000000997996000000000000000000001D
:102B1000004E0000000000000000000031460B5095
:102B20002900000000000000449267DC5F983C0030
:102B300000000000008F001AF419008C0000000053
:102B400000008809005300088900000000000048C8
:102B500070000000744700000000000000913C007D
:102B6000438D0000000000000000009979960000ED
:102B70000000000000000000004E00000000000007
:102B80000000000031460B5029000000000000004A
:102B9000449267DC5F983C0000000000008F001A40
:102BA000F419008C000000000000880900530008A0
:102BB0008900000000000048700000007447000019
:102BC0000000000000913C00438D00000000000068
:102BD000000000997996000000000000000000004D
:102BE000004E0000000000000000000031460B50C5
:102BF0002900000000000000449267DC5F983C0060
:102C000000000000008F001AF419008C0000000082
:102C100000008809005300088900000000000048F7
:102C200070000000744700000000000000913C00AC
:102C3000438D00000000000000000099799600001C
:102C40000000000000000000004E00000000000036
:102C50000000000031460B50290000000000000079
:102C6000449267DC5F983B0000000000008F001A70
:102C7000F419008C000000000000880900530008CF
:102C80008900000000000048710000007446000048
:102C90000000000000913D00448D00000000000095
:102CA000000000997996000000000000000000007C
:102CB000004E0000000000000000000031460B50F4
:102CC0002800000000000000449267DC5F983B0091
:102CD00000000000008F001AF419008B00000000B3
:102CE0000000870A00530009880000000000004728
:102CF00071000000744600000000000000913D00DB
:102D0000448D00000000000000000099799600004A
:102D10000000000000000000004E00000000000065
:102D20000000000030450A4F2800000000000000AD
:102D3000449367DB5F983B0000000000008F0019A0
:102D4000F419008B000000000000870A00530009FE
:102D50008800000000000046720000007545000079
:102D60000000000000903E00458D000000000000C3
:102D7000000000987A9500000000000000000000AC
:102D8000004D000000000000000000002F450A4E2A
:102D90002700000000000000439367DB60983A00C2
:102DA00000000000008E0019F418008B00000000E5
:102DB0000000870B0053000A880000000000004557
:102DC000730000007644000000000000008F3F0008
:102DD000468C000000000000000000977B9400007B
:102DE0000000000000000000004C00000000000097
:102DF000000000002E44094D2600000000000000E5
:102E0000419368DA6098390000000000008E0019D4
:102E1000F418018A000000000000860C0052000B2C
:102E200086000000000000437400000077420000AC
:102E300000000000008D4100488A000000000000F2
:102E4000000000967C9300000000000000000000DD
:102E5000004B000000000000000000002D43084C63
:102E60002500000000000000409469D961983800F6
:102E700000000000008D0018F41702890000000017
:102E80000000850D0052000D85000000000000408C
:102E900076000000793F000000000000008B430036
:102EA0004A87000000000000000000957E910000AD
:102EB0000000000000000000004A000000000000C8
:102EC000000000002B410649230000000000000024
:102ED0003D956AD76298360000000000008B00170D
:102EE000F4150487000000000000830F0051000F5C
:102EF000830000000000003D790000007C3C0000E1
:102F000000000000008847004D8400000000000021
:102F100000000092818F000000000000000000000F
:102F2000004800000000000000000000283E0546A8
:102F3000200000000000000039956CD56498340032
:102F40000000000000890116F4140685000000004E
:102F500000008013005000128100000000000038C3
:102F60007C0000007F3700000000000000834B0061
:102F7000517F0000000000000000008E858C0000E2
:102F800000000000000000000045000000000000FC
:102F900000000000243A02411D0000000000000073
:102FA00035966ED26698310000000000008404154A
:102FB000F31209830000000000007C17004E001788
:102FC0007D0000000000003181000000833000001F
:102FD00000000000007C5200577800000000000054
:102FE0000000008A8B870000000000000000000045
:102FF0000041000000000000000000001E34003A04
:1030000017000000000000002D9671CC6A982B007C
:1030100000000000007F0B13F30E0E7E0000000086
:103020000000741F004B001F760000000000002607
:1030300086000000892500000000000000715B0090
:103040005F6D00000000000000000080917E000025
:103050000000000000000000003B00000000000035
:1030600000000000152A002E0F00000000000000E4
:10307000219774C16E9722000000000000741710A1
:10308000F1091775000000000000672C0047002CB4
:1030900069000000000000178D0000008F1500007F
:1030A00000000000005D6A006D5900000000000093
:1030B000000000729C700000000000000000000092
:1030C000003100000000000000000000081C001E8D
:1030D000050000000000000012937AB175941700FB
:1030E000000000000061280BEF02246600000000D1
:1030F0000000533E0042003E550000000000000466
:1031000091000000920200000000000000427900DF
:103110007B3E0000000000000000005DA85C000095
:10312000000000000000000000230000000000007C
:103130000000000001120014000000000000000068
:10314000098E7CA4778F0F00000000000054340A21
:10315000EE002D5C000000000000444B0040004BDE
:1031600046000000000000008E0000008E000000FD
:103170000000000000317F00822D000000000000F0
:1031800000000051AC4F00000000000000000000F3
:10319000001B00000000000000000000000D000FF8
:1031A0000000000000000000048B7D9C788C0B0068
:1031B00000000000004C3B09ED003355000000000A
:1031C00000003B52003E00513D00000000000000A6
:1031D0008C0100058B000000000000000028820028
:1031E000842400000000000000000049AD470000FA
:1031F00000000000000000000016000000000000B9
:1032000000000000000A000C0000000000000000A8
:1032100001887E98798908000000000000473E0977
:10322000EC0037510000000000003655003D00560C
:103230003800000000000000890500098800000037
:103240000000000000238300851E00000000000035
:1032500000000045AE420000000000000000000039
:103260000012000000000000000000000009000A39
:10327000000000000000000000867F957A880600AC
:103280000000000000444108EB00394E000000003F
:1032900000003257003C00593400000000000000DC
:1032A0008708000C8600000000000000001F84005A
:1032B000861A00000000000000000042AF3F00003E
:1032C00000000000000000000010000000000000EE
:1032D00000000000000700080000000000000000DF
:1032E00000857F937A8705000000000000414308B5
:1032F000EB003B4B0000000000003059003B005A3F
:103300003200000000000000850A000E840000006A
:1033100000000000001D850086180000000000006D
:1033200000000040AF3D0000000000000000000071
:10333000000F000000000000000000000006000771
:103340000000000000000000008380917B860400E4
:1033500000000000003F4508EA003D4A0000000070
:1033600000002D5B003B005C30000000000000000E
:10337000840B00108300000000000000001B85008B
:1033800086160000000000000000003FAF3B000078
:103390000000000000000000000E0000000000001F
:1033A0000000000000060007000000000000000010
:1033B00000827F907B85030000000000003E4608ED
:1033C000EA003D490000000000002C5C003B005D6D
:1033D0002F00000000000000840C0011820000009B
:1033E00000000000001A85008615000000000000A3
:1033F0000000003EAF3A00000000000000000000A6
:10340000000D0000000000000000000000050006A4
:1034100000000000000000000082808F7B84030019
:1034200000000000003D4607EA003E4800000000A2
:1034300000002B5C003A005D2E0000000000000040
:10344000830C0012810000000000000000198500BC
:1034500086140000000000000000003DB0390000AC
:103460000000000000000000000D0000000000004F
:103470000000000000050005000000000000000042
:103480000081808F7B84030000000000003C460820
:10349000E9003E470000000000002B5D003A005E9E
:1034A0002D00000000000000820D001281000000CD
:1034B00000000000001985008714000000000000D3
:1034C0000000003DB03900000000000000000000D6
:1034D000000C0000000000000000000000040005D7
:1034E000000000000000000000817F8F7B8403004B
:1034F00000000000003C4708E9003E4700000000D3
:1035000000002A5D003A005E2D000000000000006F
:10351000820D0012800000000000000000188500ED
:1035200086130000000000000000003CAF390000DE
:103530000000000000000000000C0000000000007F
:103540000000000000040005000000000000000072
:1035500000817F8E7B84030000000000003C470850
:10356000E9003F470000000000002A5D003A005ECD
:103570002D00000000000000820D001280000000FD
:103580000000000000188500861300000000000005
:103590000000003CAF380000000000000000000008
:1035A000000C000000000000000000003240004459
:1035B0002E000000000000003F8C6AD1628C4700A2
:1035C0000000000000820215F10E008500000000DE
:1035D00000007326003A0025760000000000001D60
:1035E0008F000000911C00000000000000666400D5
:1035F0006663000000000000000000808D80000075
:103600000000000000000000005300000000000067
:10361000000000005C611968560000000000000016
:103620006C7159E850737000000000000094002293
:10363000F31D00950000000000008F09003B00070B
:1036400091000000000000457A0000007C45000069
:1036500000000000008F4300448D000000000000C7
:103660000000009E6A9E00000000000000000000B4
:10367000047A0400000000000000000077762D7E30
:10368000710000000000000088574EF3435C8A0080
:10369000000000000196002AF228009502000000B8
:1036A00000009A00003C00009B0000000000006445
:1036B00064000000656400000000000000A52A000E
:1036C0002CA500000000000000000DAC4EAC0C006A
:1036D0000000000000000000149114000000000031
:1036E000000000098A843D8C840500000000000071
:1036F0009A4346FA3C4999000000000010930030BC
:10370000F22F00921000000000009D00003D00001C
:103710009D0200000000007951000000527B000073
:103720000000000000B018001AB000000000000007
:1037300000001FB13AB01D000000000000000000B2
:1037400022A122000000000000000013958D4A9580
:10375000910E000000000000A43340FD373AA400A1
:10376000000000001C8E0033F234008E1A000000AE
:1037700000089D00003E00009C0C00000000008935
:1037800042000000438B00000000000008B50B0061
:103790000EB507000000000000002FB02AB02C007A
:1037A000000000000000000030A92E000000000012
:1037B0000000001D9D94559B9B160000000000001A
:1037C000AC283DFF3430AB000000000027880036F5
:1037D000F23900892400000000119B00003F000026
:1037E0009914000000000094370000003796000094
:1037F0000000000012B7030006B71100000000002F
:1038000000003DAE20B039000000000000000000C4
:103810003BB039000000000000000024A3995E9F27
:10382000A11C000000000000B0203BFF3228AF00C8
:10383000000000002F830039F23C00852B000000BF
:103840000018980000400000961C00000000009C3A
:103850002E0000002E9E0000000000001BB600009D
:1038600000B7190000000000000048AC18AE43008B
:10387000000000000000000044B44100000000000F
:103880000000002BA69C63A2A522000000000001FE
:10389000B21A39FF3122B20000000000367F003A30
:1038A000F23E008231000000001D96000040000042
:1038B00094220000000000A12700000028A30000BF
:1038C0000000000021B5000000B71F00000000004C
:1038D000000050A911AC4C000000000000000000E6
:1038E0004BB64800000000000000002FA89E67A40F
:1038F000A726000000000003B31537FF301DB400F9
:10390000000000003A7B003BF240008035000000E0
:10391000002195000041000091250000000000A555
:103920002300000023A600000000000027B40000D0
:1039300000B6250000000000000056A70DAA5100A7
:10394000000000000000000050B84C000000000023
:1039500000000032AAA06AA5A92800000000000506
:10396000B41236FF301AB500000000003D79003C6B
:10397000F241007E38000000002493000041000066
:1039800090280000000000A72000000020A80000F0
:10399000000000002AB3000000B52800000000006D
:1039A00000005BA50BA9550000000000000000000E
:1039B00054B94F000000000000000034AAA06CA61B
:1039C000AA2A000000000007B41036FF3019B50124
:1039D000000000003F78003DF242007C390000000A
:1039E00000269200004100008F2A0000000000A87D
:1039F0001E0000001FAA0000000000002CB2000002
:103A000000B52A000000000000005DA409A85700CE
:103A1000000000000000000056BA51000000000045
:103A200000000034AAA06DA6AA2A0000000000072A
:103A3000B51036FF2F19B502000000003F77003D9A
:103A4000F242007C3A000000002692000041000093
:103A50008E2A0000000000A81E0000001EAA000020
:103A6000000000002DB2000000B52A000000000098
:103A700000005EA409A8580000000000000000003B
:103A800056BA52000000000000000034AAA06CA644
:103A9000AA29000000000007B41036FF2F19B50155
:103AA000000000003F78003DF242007D3900000038
:103AB00000269200004100008F2A0000000000A8AC
:103AC0001E0000001FAA0000000000002CB2000031
:103AD00000B52A000000000000005DA409A85700FE
:103AE000000000000000000056BA51000000000075
:103AF00000000032A9A06BA5A92800000000000565
:103B0000B41336FF301BB500000000003D79003DC6
:103B1000F241007E370000000024930000410000C5
:103B200090290000000000A71F00000020A900004D
:103B3000000000002BB3000000B5280000000000CA
:103B400000005BA50BA9550000000000000000006C
:103B500054B94F00000000000000002EA89E67A48A
:103B6000A723000000000002B31637FF301FB30088
:103B7000000000003A7C003CF2410081330000006C
:103B8000002194000042000092250000000000A5E2
:103B90002200000023A600000000000027B400005F
:103BA00000B6240000000000000057A70FAB500033
:103BB00000000000000000004FB74A0000000000B5
:103BC00000000027A69B62A2A31D000000000000C9
:103BD000B11E39FF3126B000000000003281003AEA
:103BE000F23F00852C000000001B960000430000FF
:103BF000941F0000000000A02800000029A200007F
:103C00000000000021B5000000B71E000000000009
:103C100000004FAA16AE480000000000000000009F
:103C200048B44200000000000000001B9D95599D13
:103C30009B12000000000000AC2A3CFF3434A900B5
:103C40000000000027890038F13C008D21000000B1
:103C500000129A000044000099150000000000982E
:103C600032000000349900000000000017B6000088
:103C700006B8130000000000000041AE24B3390074
:103C800000000000000000003BAD34000000000018
:103C9000000000058A8744908400000000000000B6
:103CA000984944FB3A5395000000000010960031FB
:103CB000F33500970A00000000029D000048000054
:103CC0009D02000000000082470000004D820000BD
:103CD0000000000004B413001CB30000000000004A
:103CE000000026B143B21B000000000000000000ED
:103CF00022991900000000000000000054621F6EAD
:103D00004D00000000000000627F57EC4F865C0011
:103D10000000000000970023F3240095000000003D
:103D200000009204004E00049200000000000054C5
:103D30006F000000794E000000000000009A3E0075
:103D400051900000000000000000009F81970000DB
:103D500000000000000000000065000000000000FE
:103D600000000000394E1058320000000000000032
:103D7000449263E15A953F0000000000008C001B54
:103D8000F41B04880000000000008413005200159A
:103D9000830000000000003C7F0000008935000027
:103DA00000000000008554006A7700000000000059
:103DB0000000008D9B7F000000000000000000005C
:103DC0000048000000000000000000002D450A4FE0
:103DD0002600000000000000369767DB6099320083
:103DE0000000000000840817F4170E800000000097
:103DF00000007C1B0054001E7B000000000000310E
:103E0000850000008E2A000000000000007A5D009E
:103E1000736900000000000000000083A67200002B
:103E20000000000000000000003C00000000000056
:103E300000000000274007492000000000000000AB
:103E400030986BD8629A2C000000000000800E159C
:103E5000F415137B000000000000771F00540022BF
:103E6000770000000000002C880000009125000071
:103E7000000000000075630079630000000000008E
:103E80000000007DAA6C000000000000000000009F
:103E9000003500000000000000000000233D054642
:103EA0001D000000000000002C9A6DD6649B2800C5
:103EB00000000000007E1114F314167800000000CA
:103EC0000000752200550025730000000000002945
:103ED00089000000922200000000000000726600CD
:103EE0007B5F0000000000000000007BAC68000069
:103EF0000000000000000000003100000000000091
:103F000000000000223C05451C00000000000000ED
:103F10002A9A6ED5659B270000000000007C1314D0
:103F2000F3131877000000000000742300550026EA
:103F300072000000000000288A00000093200000AA
:103F400000000000007067007C5D000000000000C1
:103F500000000079AD6600000000000000000000D5
:103F6000003000000000000000000000213B04447D
:103F70001C000000000000002A9A6ED5669B2600F7
:103F800000000000007C1314F313197700000000F8
:103F90000000732300550027720000000000002776
:103FA0008A0000009320000000000000006F6700FE
:103FB0007D5C00000000000000000078AD6500009E
:103FC0000000000000000000002F000000000000C2
:103FD00000000000213B04441C0000000000000021
:103FE0002A9A6ED5659B260000000000007C131401
:103FF000F31318770000000000007323005500261B
:1040000072000000000000288A00000093200000D9
:1040100000000000006F67007C5D000000000000F1
:1040200000000079AD660000000000000000000004
:10403000002F00000000000000000000223C0545A9
:104040001C000000000000002A9A6ED5659B270026
:1040500000000000007D1214F31318770000000028
:1040600000007422005500257300000000000028A5
:10407000890000009221000000000000007166002D
:104080007B5E0000000000000000007AAB680000CA
:1040900000000000000000000030000000000000F0
:1040A00000000000233C05451D000000000000004A
:1040B0002C996DD6659B280000000000007F10142D
:1040C000F31416790000000000007620005500244B
:1040D000750000000000002B880000009024000004
:1040E0000000000000736300786200000000000020
:1040F0000000007CA96B0000000000000000000030
:10410000003200000000000000000000253F0648CB
:104110001F0000000000000031986CD7649B2B004A
:104120000000000000820B15F415127E0000000054
:1041300000007A1B0054001D7A00000000000030CF
:10414000840000008C2A000000000000007A5B0060
:104150006E6B00000000000000000082A1740000EF
:104160000000000000000000003700000000000018
:10417000000000002D43094D250000000000000054
:104180003D9668DA6199350000000000008B001848
:10419000F4170686000000000000830F0054001191
:1041A000830000000000003E790000007E3C00001B
:1041B0000000000000894800558100000000000058
:1041C000000000918A8B0000000000000000000049
:1041D0000045000000000000000000002F450A4FCD
:1041E0002700000000000000429367DB6098390060
:1041F00000000000008E0019F418028A0000000080
:104200000000860C0053000B8700000000000044F3
:10421000740000007842000000000000008E4100A1
:104220004A89000000000000000000967F92000014
:104230000000000000000000004A00000000000034
:104240000000000030460B50280000000000000075
:10425000449367DB5F983B0000000000008F001A6A
:10426000F419008B000000000000870A0053000AC8
:104270008800000000000046720000007545000044
:104280000000000000903E00458C0000000000008F
:10429000000000987B950000000000000000000076
:1042A000004D0000000000000000000031460B50EF
:1042B0002900000000000000449266DC5F983B008B
:1042C00000000000008F001AF419008B00000000AD
:1042D0000000880900530008890000000000004821
:1042E00071000000744600000000000000913D00D5
:1042F000448D000000000000000000997996000045
:104300000000000000000000004E0000000000005F
:104310000000000031460B502900000000000000A2
:10432000449267DC5F983C0000000000008F001A98
:10433000F419008C000000000000880900530008F8
:104340008900000000000048700000007446000072
:104350000000000000913C00438D000000000000C0
:1043600000000099799600000000000000000000A5
:10437000004E0000000000000000000031460B501D
:104380002900000000000000449267DC5F983C00B8
:1043900000000000008F001AF419008C00000000DB
:1043A0000000880900530008890000000000004850
:1043B00070000000744600000000000000913C0006
:1043C000438D000000000000000000997996000075
:1043D0000000000000000000004E0000000000008F
:1043E0000000000031460B502900000000000000D2
:1043F000449267DC5F983C0000000000008F001AC8
:10440000F419008C00000000000088090053000827
:1044100089000000000000487000000074460000A1
:104420000000000000913C00438D000000000000EF
:1044300000000099799600000000000000000000D4
:10444000004E0000000000000000000031460B514B
:104450002900000000000000449267DC5F983C00E7
:1044600000000000008F001AF419008C000000000A
:10447000000088090053000889000000000000487F
:1044800070000000744600000000000000913C0035
:10449000438D0000000000000000009979960000A4
:1044A0000000000000000000004E000000000000BE
:1044B0000000000031460B51290000000000000000
:1044C000449267DC5F983C0000000000008F001AF7
:1044D000F419008C00000000000088090053000857
:1044E00089000000000000487000000074460000D1
:1044F0000000000000913C00438D0000000000001F
:104500000000009979960000000000000000000003
:10451000004E0000000000000000000031460B517A
:104520002900000000000000449267DC5F983C0016
:1045300000000000008F001AF419008C0000000039
:1045400000008809005300088900000000000048AE
:1045500070000000744600000000000000913C0064
:10456000438D0000000000000000009979960000D3
:104570000000000000000000004E000000000000ED
:104580000000000031460B50290000000000000030
:10459000449267DC5F983C0000000000008F001A26
:1045A000F419008C00000000000088090053000886
:1045B0008900000000000048700000007446000000
:1045C0000000000000913C00438D0000000000004E
:1045D0000000009979960000000000000000000033
:1045E000004E0000000000000000000031460B50AB
:1045F0002900000000000000449267DC5F983C0046
:1046000000000000008F001AF419008C0000000068
:1046100000008809005300088900000000000048DD
:1046200070000000744700000000000000913C0092
:10463000438D000000000000000000997996000002
:104640000000000000000000004E0000000000001C
:104650000000000031460B5029000000000000005F
:10466000449267DC5F983C0000000000008F001A55
:10467000F419008C000000000000880900530008B5
:10468000890000000000004870000000744700002E
:104690000000000000913C00438D0000000000007D
:1046A0000000009979960000000000000000000062
:1046B000004E0000000000000000000031460B50DA
:1046C0002900000000000000449267DC5F983C0075
:1046D00000000000008F001AF419008C0000000098
:1046E000000088090053000889000000000000480D
:1046F00070000000744700000000000000913C00C2
:10470000438D000000000000000000997996000031
:104710000000000000000000004E0000000000004B
:104720000000000031460B5029000000000000008E
:10473000449267DC5F983C0000000000008F001A84
:10474000F419008C000000000000880900530008E4
:10475000890000000000004870000000744700005D
:104760000000000000913C00438D000000000000AC
:104770000000009979960000000000000000000091
:10478000004E0000000000000000000031460B5009
:104790002900000000000000449267DC5F983C00A4
:1047A00000000000008F001AF419008C00000000C7
:1047B000000088090053000889000000000000483C
:1047C00070000000744700000000000000913C00F1
:1047D000438D000000000000000000997996000061
:1047E0000000000000000000004E0000000000007B
:1047F0000000000031460B502900000000000000BE
:10480000449267DC5F983C0000000000008F001AB3
:10481000F419008C00000000000088090053000813
:10482000890000000000004870000000744700008C
:104830000000000000913C00438D000000000000DB
:1048400000000099799600000000000000000000C0
:10485000004E0000000000000000000031460B5038
:104860002900000000000000449267DC5F983C00D3
:1048700000000000008F001AF419008C00000000F6
:10488000000088090053000889000000000000486B
:1048900070000000744700000000000000913C0020
:1048A000438D000000000000000000997996000090
:1048B0000000000000000000004E000000000000AA
:1048C0000000000031460B502900000000000000ED
:1048D000449267DC5F983C0000000000008F001AE3
:1048E000F419008C00000000000088090053000843
:1048F00089000000000000487000000074470000BC
:104900000000000000913C00438D0000000000000A
:1049100000000099799600000000000000000000EF
:10492000004E0000000000000000000031460B5067
:104930002900000000000000449267DC5F983C0002
:1049400000000000008F001AF419008C0000000025
:10495000000088090053000889000000000000489A
:1049600070000000744700000000000000913C004F
:10497000438D0000000000000000009979960000BF
:104980000000000000000000004E000000000000D9
:104990000000000031460B5029000000000000001C
:1049A000449267DC5F983C0000000000008F001A12
:1049B000F419008C00000000000088090053000872
:1049C00089000000000000487000000074470000EB
:1049D0000000000000913C00438D0000000000003A
:1049E000000000997996000000000000000000001F
:1049F000004E0000000000000000000031460B5097
:104A00002900000000000000449267DC5F983C0031
:104A100000000000008F001AF419008C0000000054
:104A200000008809005300088900000000000048C9
:104A300070000000744700000000000000913C007E
:104A4000438D0000000000000000009979960000EE
:104A50000000000000000000004E00000000000008
:104A60000000000031460B5029000000000000004B
:104A7000449267DC5F983C0000000000008F001A41
:104A8000F419008C000000000000880900530008A1
:104A9000890000000000004870000000744700001A
:104AA0000000000000913C00438D00000000000069
:104AB000000000997996000000000000000000004E
:104AC000004E0000000000000000000031460B50C6
:104AD0002900000000000000449267DC5F983C0061
:104AE00000000000008F001AF419008C0000000084
:104AF00000008809005300088900000000000048F9
:104B000070000000744700000000000000913C00AD
:104B1000438D00000000000000000099799600001D
:104B20000000000000000000004E00000000000037
:104B30000000000031460B5029000000000000007A
:104B4000449267DC5F983C0000000000008F001A70
:104B5000F419008C000000000000880900530008D0
:104B60008900000000000048700000007447000049
:104B70000000000000913C00438D00000000000098
:104B8000000000997996000000000000000000007D
:104B9000004E0000000000000000000031460B50F5
:104BA0002900000000000000449267DC5F983B0091
:104BB00000000000008F001AF419008C00000000B3
:104BC0000000880900530008890000000000004828
:104BD00071000000744700000000000000913D00DB
:104BE000448D00000000000000000099799600004C
:104BF0000000000000000000004E00000000000067
:104C00000000000031460B502800000000000000AA
:104C1000449267DC5F983B0000000000008F001AA0
:104C2000F419008B000000000000870A0053000800
:104C3000880000000000004771000000744600007A
:104C40000000000000913D00448D000000000000C5
:104C500000000099799600000000000000000000AC
:104C6000004E0000000000000000000030450A4F28
:104C70002800000000000000449267DB5F983B00C2
:104C800000000000008F0019F419008B00000000E4
:104C90000000870A00530009880000000000004659
:104CA00072000000754500000000000000903E000A
:104CB000458C000000000000000000987A9500007C
:104CC0000000000000000000004D00000000000097
:104CD000000000002F450A4E2700000000000000E1
:104CE000439367DB60983A0000000000008E0019D3
:104CF000F418008B000000000000870B0053000A2E
:104D000087000000000000457300000076440000AA
:104D100000000000008F3F00468C000000000000F3
:104D2000000000977B9400000000000000000000DD
:104D3000004C000000000000000000002E44094D5F
:104D40002600000000000000419368DA60983900F6
:104D500000000000008E0019F417018A0000000016
:104D60000000860C0052000B87000000000000438A
:104D7000740000007742000000000000008E410037
:104D8000478A000000000000000000967C930000AD
:104D90000000000000000000004B000000000000C8
:104DA000000000002D43084C25000000000000001A
:104DB000409469D96198380000000000008D001807
:104DC000F4170288000000000000850D0052000D5D
:104DD000850000000000004076000000793F0000E0
:104DE00000000000008B43004A8700000000000024
:104DF000000000957E91000000000000000000000F
:104E0000004A000000000000000000002B4106499D
:104E100023000000000000003D956AD7629836002C
:104E200000000000008B0017F4150487000000004C
:104E30000000830F0051000F830000000000003DC0
:104E4000790000007C3C0000000000000088470062
:104E50004D8400000000000000000092818F0000DF
:104E600000000000000000000048000000000000FA
:104E700000000000283E0545200000000000000062
:104E800039966CD563983400000000000089011643
:104E9000F41406850000000000008013005000128A
:104EA00081000000000000387C0000007F37000017
:104EB0000000000000834B00517F00000000000054
:104EC0000000008E858C0000000000000000000043
:104ED000004500000000000000000000243A0241EC
:104EE0001D0000000000000035966ED2669830006C
:104EF0000000000000840415F31209830000000084
:104F000000007C17004E00177D00000000000031FB
:104F1000810000008330000000000000007C53008E
:104F200057780000000000000000008A8B87000016
:104F30000000000000000000004100000000000030
:104F4000000000001E34003A1800000000000000BD
:104F50002D9671CC6A982B0000000000007F0B1387
:104F6000F30E0E7E000000000000741F004B001FB7
:104F70007600000000000026860000008925000061
:104F80000000000000715B005F6C0000000000008A
:104F900000000080917E0000000000000000000082
:104FA000003B00000000000000000000152A002E59
:104FB0000F00000000000000219774C16E972200CE
:104FC0000000000000741710F109177500000000C0
:104FD0000000682C0047002C69000000000000174A
:104FE0008D0000009015000000000000005D6A00C8
:104FF0006D59000000000000000000729C7000006D
:10500000000000000000000000310000000000006F
:1050100000000000081C001E050000000000000049
:1050200012937BB175941700000000000061280BFB
:10503000EF022466000000000000533E0042003EE4
:1050400055000000000000049100000092020000E2
:1050500000000000004279007B3E000000000000DC
:105060000000005DA85C00000000000000000000DF
:1050700000230000000000000000000001120014E6
:105080000000000000000000098E7CA4778F0E0055
:10509000000000000054340AEE002D5C0000000007
:1050A0000000444B0040004B4600000000000000A0
:1050B0008E0000008E0000000000000000317F0024
:1050C000822D00000000000000000051AC4F0000E5
:1050D0000000000000000000001B000000000000B5
:1050E00000000000000D000F0000000000000000A4
:1050F000048B7D9C788C0B0000000000004C3B0969
:10510000ED0033550000000000003B52003E00520D
:105110003E000000000000008C0100058B00000034
:10512000000000000028820084240000000000002D
:1051300000000049AD470000000000000000000032
:10514000001600000000000000000000000A000C33
:10515000000000000000000001887E9879890800A6
:105160000000000000473E09EC003751000000003D
:1051700000003655003D00563800000000000000D9
:10518000890500098800000000000000002383005A
:10519000851E00000000000000000045AE42000037
:1051A00000000000000000000012000000000000ED
:1051B000000000000009000A0000000000000000DC
:1051C00000867F957A8806000000000000444108B0
:1051D000EB00394E0000000000003257003C00593F
:1051E00034000000000000008708000C860000006A
:1051F00000000000001F8400861A0000000000006C
:1052000000000042AF3F000000000000000000006E
:10521000001000000000000000000000000700086F
:10522000000000000000000000857F937A870500E1
:105230000000000000414308EB003B4B0000000071
:105240000000305A003C005A32000000000000000C
:10525000850A000E8400000000000000001D84008C
:10526000861800000000000000000040B03D000073
:105270000000000000000000000F0000000000001F
:105280000000000000060007000000000000000011
:10529000008380917B86040000000000003F4508E9
:1052A000EB003C4A0000000000002D5B003B005C6E
:1052B0003100000000000000840B000F830000009C
:1052C00000000000001B84008616000000000000A3
:1052D0000000003FAF3B00000000000000000000A5
:1052E000000E0000000000000000000000060007A3
:1052F000000000000000000000827F907B8503001A
:1053000000000000003E4608EA003D4900000000A1
:1053100000002C5C003B005D2F000000000000003E
:10532000840C00118200000000000000001A8500BB
:1053300086150000000000000000003EAF3A0000AB
:105340000000000000000000000D00000000000050
:105350000000000000050006000000000000000042
:1053600000827F907B85030000000000003D46071F
:10537000EA003E480000000000002B5C003B005D9E
:105380002E00000000000000830C001281000000CD
:1053900000000000001985008614000000000000D5
:1053A0000000003DB03900000000000000000000D7
:1053B000000D0000000000000000000000050005D6
:1053C00000000000000000000081808F7B8403004B
:1053D00000000000003C4608E9003E4700000000D5
:1053E00000002B5D003A005E2D0000000000000070
:1053F000830D0012810000000000000000198500EC
:1054000087140000000000000000003DB0390000DB
:105410000000000000000000000C00000000000080
:105420000000000000040005000000000000000073
:1054300000817F8F7B84030000000000003C470850
:10544000E9003E470000000000002A5D003A005ECF
:105450002D00000000000000820D001280000000FE
:105460000000000000188500861300000000000006
:105470000000003CB0390000000000000000000007
:10548000000C000000000000000000000004000507
:10549000000000000000000000817F8E7B8403007C
:1054A00000000000003C4708E9003F470000000002
:1054B00000002A5D003A005E2D00000000000000A0
:1054C000820D00128000000000000000001885001E
:1054D00086130000000000000000003CAF38000010
:1054E0000000000000000000000C000000000000B0
:1054F00000000000324000442E00000000000000C8
:105500003F8C6AD1628C47000000000000820215C7
:10551000F10E00850000000000007226003A002411
:10552000760000000000001C8F000000911C0000AD
:1055300000000000006664006663000000000000D8
:10554000000000808D8000000000000000000000CE
:105550000053000000000000000000005D611968B9
:1055600056000000000000006C7159E85073700094
:105570000000000000940022F31C009400000000D2
:1055800000008F09003B000791000000000000456B
:105590007A0000007C45000000000000008F4300FE
:1055A000448D0000000000000000009E6A9E000084
:1055B0000000000000000000047A04000000000069
:1055C0000000000077762D7E7100000000000000D2
:1055D00088574EF3435C8A00000000000196002AC1
:1055E000F32800950200000000009A00003C000033
:1055F0009B00000000000063640000006564000080
:105600000000000000A52A002CA5000000000000FA
:1056100000000DAC4EAC0C000000000000000000CB
:105620001491140000000000000000098A853D8CE0
:1056300084050000000000009A4346FA3C499A00A5
:105640000000000010930030F22E009210000000C5
:1056500000009D00003D00009D0200000000007958
:1056600051000000527B00000000000000B1180053
:105670001AB000000000000000001FB13AB01D0089
:10568000000000000000000022A122000000000035
:1056900000000013958D4A95910E00000000000057
:1056A000A43340FD373AA400000000001C8E0034F3
:1056B000F234008D1A00000000089D00003E00003A
:1056C0009C0C00000000008942000000438B000099
:1056D0000000000008B50B000EB507000000000038
:1056E00000002FB02AB02C000000000000000000D5
:1056F00030A92E00000000000000001D9D94559B65
:105700009B16000000000000AC283DFF3430AB00C9
:105710000000000027880037F239008924000000CB
:1057200000109B00003F000099140000000000944E
:1057300037000000379600000000000012B7030099
:1057400006B711000000000000003DAE20B0390097
:1057500000000000000000003BB039000000000025
:1057600000000024A3995E9FA11C0000000000001F
:10577000B0203AFF3228AF00000000002F8300392C
:10578000F23C00852B00000000189800004000004B
:10579000961C00000000009C2E0000002E9D0000C2
:1057A000000000001BB6000000B719000000000058
:1057B000000048AC18AE43000000000000000000EC
:1057C00044B44100000000000000002BA69C63A22E
:1057D000A521000000000001B21A39FF3122B200F9
:1057E00000000000367F003AF23E008231000000E7
:1057F000001D96000040000094220000000000A15F
:105800002800000028A300000000000021B50000CF
:1058100000B61F0000000000000050A911AC4C00B1
:1058200000000000000000004BB64800000000002F
:105830000000002FA89E67A4A72600000000000318
:10584000B41537FF301DB400000000003A7B003B68
:10585000F24000803500000000219500004100006A
:1058600091250000000000A52300000023A60000F1
:105870000000000027B4000000B625000000000072
:10588000000056A70DAA5100000000000000000013
:1058900050B84C000000000000000032AAA06AA529
:1058A000A928000000000005B41236FF301AB50028
:1058B000000000003D79003DF241007E380000000C
:1058C000002493000041000090280000000000A781
:1058D0002000000020A80000000000002AB3000003
:1058E00000B528000000000000005BA50BA95500D2
:1058F000000000000000000054BA4F00000000004B
:1059000000000034AAA06CA6AA290000000000072D
:10591000B41036FF3019B501000000003F78003D9B
:10592000F242007D39000000002692000041000094
:105930008F2A0000000000A81E0000001FAA00001F
:10594000000000002CB2000000B52A00000000009A
:1059500000005DA409A8570000000000000000003E
:1059600056BA51000000000000000034AAA06DA645
:10597000AA2A000000000007B51036FF2F19B50253
:10598000000000003F77003DF242007C3A0000003A
:1059900000269100004100008E2A0000000000A8AF
:1059A0001E0000001EAA0000000000002DB2000032
:1059B00000B52A000000000000005EA409A85800FD
:1059C000000000000000000056BA52000000000075
:1059D00000000034AAA06CA6AA290000000000075D
:1059E000B41036FF2F19B501000000003F78003DCC
:1059F000F242007D390000000026920000410000C4
:105A00008F2A0000000000A81E0000001FAA00004E
:105A1000000000002CB2000000B52A0000000000C9
:105A200000005DA409A8570000000000000000006D
:105A300056BA51000000000000000032AAA06BA579
:105A4000A928000000000005B41336FF301BB50084
:105A5000000000003D79003DF241007E370000006B
:105A6000002493000041000090290000000000A7DE
:105A70001F00000020A80000000000002BB3000061
:105A800000B528000000000000005BA50BA9550030
:105A9000000000000000000054B94F0000000000AA
:105AA0000000002EA89E67A4A723000000000002AB
:105AB000B31637FF301FB300000000003A7C003CF3
:105AC000F2410081340000000021940000420000F7
:105AD00092250000000000A52200000023A600007F
:105AE0000000000027B4000000B625000000000000
:105AF000000057A70FAB500000000000000000009E
:105B00004FB74A000000000000000027A69B62A2D9
:105B1000A31D000000000000B11E39FF3126B000B7
:105B2000000000003281003AF23F00852C000000A6
:105B3000001B960000430000941F0000000000A01E
:105B40002800000029A200000000000021B500008C
:105B500000B71E000000000000004FAA16AE48006B
:105B6000000000000000000048B4420000000000F7
:105B70000000001B9D95599D9B1200000000000035
:105B8000AC2A3CFF3434A90000000000278900380B
:105B9000F13C008D2100000000129A00004400003A
:105BA00099150000000000983200000034990000B0
:105BB0000000000017B7000006B813000000000046
:105BC000000041AE24B339000000000000000000D6
:105BD0003BAD340000000000000000058A874490BF
:105BE0008400000000000000994944FB3A539500EE
:105BF0000000000010960031F33500970A00000005
:105C000000029D00004800009D030000000000828B
:105C1000470000004D8200000000000004B51300A2
:105C20001CB3000000000000000026B143B21B00BE
:105C30000000000000000000229919000000000090
:105C40000000000054621F6E4D00000000000000C4
:105C5000627F57EC4F865C00000000000097002335
:105C6000F32400950000000000009204004E0004A0
:105C700092000000000000546F000000794E000008
:105C800000000000009A3E0051900000000000005B
:105C90000000009F8197000000000000000000004D
:105CA000006500000000000000000000394E1058A0
:105CB0003200000000000000449163E15A953F006B
:105CC00000000000008C001BF41B04880000000092
:105CD0000000831300520015830000000000003C08
:105CE0007F0000008935000000000000008554009E
:105CF0006A770000000000000000008D9B7F00001C
:105D0000000000000000000000480000000000004B
:105D1000000000002D450A4F260000000000000092
:105D2000379668DB60993200000000000084081795
:105D3000F4170E810000000000007C1B0054001EC0
:105D40007B00000000000031850000008F2A000069
:105D500000000000007B5D0073690000000000008F
:105D600000000083A6720000000000000000000098
:105D7000003C000000000000000000002740074930
:105D8000200000000000000030986BD8629A2B00C1
:105D90000000000000800E15F414137B00000000CA
:105DA0000000771F00540022770000000000002C44
:105DB00088000000912500000000000000756300CD
:105DC00079630000000000000000007DAA6C000064
:105DD000000000000000000000350000000000008E
:105DE00000000000233D05461D00000000000000EB
:105DF0002C996DD6649B280000000000007E1114D1
:105E0000F3141678000000000000752200550025EC
:105E100073000000000000298A00000092220000A8
:105E200000000000007266007B5F000000000000C0
:105E30000000007BAC6800000000000000000000D3
:105E4000003100000000000000000000223C054579
:105E50001C000000000000002A9A6ED5659B2600F9
:105E600000000000007C1314F313187700000000FA
:105E70000000742300550026720000000000002876
:105E80008A000000932000000000000000706700FE
:105E90007C5D00000000000000000079AD6600009D
:105EA00000000000000000000030000000000000C2
:105EB00000000000213B04441C0000000000000022
:105EC0002A9A6ED5669B260000000000007C131401
:105ED000F31319760000000000007323005500271B
:105EE00072000000000000278A00000093200000DC
:105EF00000000000006F67007D5C000000000000F3
:105F000000000078AD650000000000000000000007
:105F1000002F00000000000000000000213B0444AE
:105F20001C000000000000002A9A6ED5659B260028
:105F300000000000007C1314F31318770000000029
:105F400000007323005500267200000000000028A6
:105F50008A0000009320000000000000007067002D
:105F60007C5D00000000000000000079AD660000CC
:105F70000000000000000000002F000000000000F2
:105F800000000000223C05451C000000000000004D
:105F90002A9A6ED5659B270000000000007D121430
:105FA000F31318770000000000007422005500254C
:105FB000730000000000002889000000922100000A
:105FC00000000000007166007B5E00000000000021
:105FD0000000007AAB680000000000000000000034
:105FE000003000000000000000000000233C0545D8
:105FF0001D000000000000002C996DD6659B280054
:1060000000000000007F1014F31416790000000057
:106010000000762000550024750000000000002AD2
:10602000880000009024000000000000007363005E
:1060300078620000000000000000007CA96B0000F6
:10604000000000000000000000320000000000001E
:1060500000000000253F06481F000000000000006F
:1060600031986CD7639B2B000000000000820B1559
:10607000F415127E0000000000007A1B0054001D81
:106080007A00000000000030840000008C2A00002C
:1060900000000000007A5B006E6B00000000000052
:1060A00000000082A1740000000000000000000059
:1060B0000037000000000000000000002D43094DE3
:1060C00025000000000000003D9668DA6199350067
:1060D00000000000008B0018F41706860000000086
:1060E0000000830F00540011830000000000003EF8
:1060F000790000007E3B000000000000008948009D
:106100005581000000000000000000918A8B000013
:10611000000000000000000000450000000000003A
:10612000000000002F450A4F27000000000000007B
:10613000429367DB6098390000000000008E001970
:10614000F419028A000000000000860C0053000BC6
:106150008700000000000044740000007842000046
:1061600000000000008E41004A890000000000008D
:10617000000000967F920000000000000000000078
:10618000004A0000000000000000000030460B50F4
:106190002800000000000000449367DB60983B008B
:1061A00000000000008F001AF419008B00000000AE
:1061B0000000870A00530009880000000000004624
:1061C00072000000754500000000000000903E00D5
:1061D000468C000000000000000000987B95000045
:1061E0000000000000000000004D00000000000062
:1061F0000000000031460B502900000000000000A4
:10620000449267DC5F983B0000000000008F001A9A
:10621000F419008B000000000000880900530008FA
:106220008900000000000048710000007446000072
:106230000000000000913D00448D000000000000BF
:1062400000000099799600000000000000000000A6
:10625000004E0000000000000000000031460B501E
:106260002900000000000000449267DC5F983C00B9
:1062700000000000008F001AF419008C00000000DC
:106280000000880900530008890000000000004851
:1062900070000000744700000000000000913C0006
:1062A000438D000000000000000000997996000076
:1062B0000000000000000000004E00000000000090
:1062C0000000000031460B502900000000000000D3
:1062D000449267DC5F983C0000000000008F001AC9
:1062E000F419008C00000000000088090053000829
:1062F00089000000000000487000000074470000A2
:106300000000000000913C00438D000000000000F0
:1063100000000099799600000000000000000000D5
:10632000004E0000000000000000000031460B504D
:106330002900000000000000449267DC5F983C00E8
:1063400000000000008F001AF419008C000000000B
:106350000000880900530008890000000000004880
:1063600070000000744700000000000000913C0035
:10637000438D0000000000000000009979960000A5
:106380000000000000000000004E000000000000BF
:106390000000000031460B50290000000000000002
:1063A000449267DC5F983C0000000000008F001AF8
:1063B000F419008C00000000000088090053000858
:1063C00089000000000000487000000074470000D1
:1063D0000000000000913C00438D00000000000020
:1063E0000000009979960000000000000000000005
:1063F000004E0000000000000000000031460B507D
:106400002900000000000000449267DC5F983C0017
:1064100000000000008F001AF419008C000000003A
:1064200000008809005300088900000000000048AF
:1064300070000000744700000000000000913C0064
:10644000438D0000000000000000009979960000D4
:106450000000000000000000004E000000000000EE
:106460000000000031460B50290000000000000031
:10647000449267DC5F983C0000000000008F001A27
:10648000F419008C00000000000088090053000887
:106490008900000000000048700000007447000000
:1064A0000000000000913C00438D0000000000004F
:1064B0000000009979960000000000000000000034
:1064C000004E0000000000000000000031460B50AC
:1064D0002900000000000000449267DC5F983C0047
:1064E00000000000008F001AF419008C000000006A
:1064F00000008809005300088900000000000048DF
:1065000070000000744700000000000000913C0093
:10651000438D000000000000000000997996000003
:106520000000000000000000004E0000000000001D
:106530000000000031460B50290000000000000060
:10654000449267DC5F983C0000000000008F001A56
:10655000F419008C000000000000880900530008B6
:10656000890000000000004870000000744700002F
:106570000000000000913C00438D0000000000007E
:106580000000009979960000000000000000000063
:10659000004E0000000000000000000031460B50DB
:1065A0002900000000000000449267DC5F983C0076
:1065B00000000000008F001AF419008C0000000099
:1065C000000088090053000889000000000000480E
:1065D00070000000744700000000000000913C00C3
:1065E000438D000000000000000000997996000033
:1065F0000000000000000000004E0000000000004D
:106600000000000031460B5029000000000000008F
:10661000449267DC5F983C0000000000008F001A85
:10662000F419008C000000000000880900530008E5
:10663000890000000000004870000000744700005E
:106640000000000000913C00438D000000000000AD
:106650000000009979960000000000000000000092
:10666000004E0000000000000000000031460B500A
:106670002900000000000000449267DC5F983C00A5
:1066800000000000008F001AF419008C00000000C8
:10669000000088090053000889000000000000483D
:1066A00070000000744700000000000000913C00F2
:1066B000438D000000000000000000997996000062
:1066C0000000000000000000004E0000000000007C
:1066D0000000000031460B502900000000000000BF
:1066E000449267DC5F983C0000000000008F001AB5
:1066F000F419008C00000000000088090053000815
:10670000890000000000004870000000744700008D
:106710000000000000913C00438D000000000000DC
:1067200000000099799600000000000000000000C1
:10673000004E0000000000000000000031460B5039
:106740002900000000000000449267DC5F983C00D4
:1067500000000000008F001AF419008C00000000F7
:10676000000088090053000889000000000000486C
:1067700070000000744700000000000000913C0021
:10678000438D000000000000000000997996000091
:106790000000000000000000004E000000000000AB
:1067A0000000000031460B502900000000000000EE
:1067B000449267DC5F983C0000000000008F001AE4
:1067C000F419008C00000000000088090053000844
:1067D00089000000000000487000000074470000BD
:1067E0000000000000913C00438D0000000000000C
:1067F00000000099799600000000000000000000F1
:10680000004E0000000000000000000031460B5068
:106810002900000000000000449267DC5F983C0003
:1068200000000000008F001AF419008C0000000026
:10683000000088090053000889000000000000489B
:1068400070000000744700000000000000913C0050
:10685000438D0000000000000000009979960000C0
:106860000000000000000000004E000000000000DA
:106870000000000031460B5029000000000000001D
:10688000449267DC5F983C0000000000008F001A13
:10689000F419008C00000000000088090053000873
:1068A00089000000000000487000000074470000EC
:1068B0000000000000913C00438D0000000000003B
:1068C0000000009979960000000000000000000020
:1068D000004E0000000000000000000031460B5098
:1068E0002900000000000000449267DC5F983C0033
:1068F00000000000008F001AF419008C0000000056
:1069000000008809005300088900000000000048CA
:1069100070000000744700000000000000913C007F
:10692000438D0000000000000000009979960000EF
:106930000000000000000000004E00000000000009
:106940000000000031460B5029000000000000004C
:10695000449267DC5F983C0000000000008F001A42
:10696000F419008C000000000000880900530008A2
:10697000890000000000004870000000744700001B
:106980000000000000913C00438D0000000000006A
:10699000000000997996000000000000000000004F
:1069A000004E0000000000000000000031460B50C7
:1069B0002900000000000000449267DC5F983C0062
:1069C00000000000008F001AF419008C0000000085
:1069D00000008809005300088900000000000048FA
:1069E00070000000744700000000000000913C00AF
:1069F000438D00000000000000000099799600001F
:106A00000000000000000000004E00000000000038
:106A10000000000031460B5029000000000000007B
:106A2000449267DC5F983C0000000000008F001A71
:106A3000F419008C000000000000880900530008D1
:106A4000890000000000004870000000744700004A
:106A50000000000000913C00438D00000000000099
:106A6000000000997996000000000000000000007E
:106A7000004E0000000000000000000031460B50F6
:106A80002900000000000000449267DC5F983C0091
:106A900000000000008F001AF419008C00000000B4
:106AA0000000880900530008890000000000004829
:106AB00070000000744700000000000000913C00DE
:106AC000438D00000000000000000099799600004E
:106AD0000000000000000000004E00000000000068
:106AE0000000000031460B502900000000000000AB
:106AF000449267DC5F983C0000000000008F001AA1
:106B0000F419008C00000000000088090053000800
:106B10008900000000000048700000007447000079
:106B20000000000000913C00438D000000000000C8
:106B300000000099799600000000000000000000AD
:106B4000004E0000000000000000000031460B5025
:106B50002900000000000000449267DC5F983C00C0
:106B600000000000008F001AF419008C00000000E3
:106B70000000880900530008890000000000004858
:106B800070000000744700000000000000913C000D
:106B9000438D00000000000000000099799600007D
:106BA0000000000000000000004E00000000000097
:106BB0000000000031460B502900000000000000DA
:106BC000449267DC5F983C0000000000008F001AD0
:106BD000F419008C00000000000088090053000830
:106BE00089000000000000487000000074470000A9
:106BF0000000000000913C00438D000000000000F8
:106C000000000099799600000000000000000000DC
:106C1000004E0000000000000000000031460B5054
:106C20002900000000000000449267DC5F983C00EF
:106C300000000000008F001AF419008C0000000012
:106C40000000880900530008890000000000004887
:106C500070000000744700000000000000913C003C
:106C6000438D0000000000000000009979960000AC
:106C70000000000000000000004E000000000000C6
:106C80000000000031460B50290000000000000009
:106C9000449267DC5F983C0000000000008F001AFF
:106CA000F419008C0000000000008809005300085F
:106CB00089000000000000487000000074470000D8
:106CC0000000000000913C00438D00000000000027
:106CD000000000997996000000000000000000000C
:106CE000004E0000000000000000000031460B5084
:106CF0002900000000000000449267DC5F983C001F
:106D000000000000008F001AF419008C0000000041
:106D100000008809005300088900000000000048B6
:106D200070000000744700000000000000913C006B
:106D3000438D0000000000000000009979960000DB
:106D40000000000000000000004E000000000000F5
:106D50000000000031460B50290000000000000038
:106D6000449267DC5F983C0000000000008F001A2E
:106D7000F419008C0000000000008809005300088E
:106D80008900000000000048700000007447000007
:106D90000000000000913C00438D00000000000056
:106DA000000000997996000000000000000000003B
:106DB000004E0000000000000000000031460B50B3
:106DC0002900000000000000449267DC5F983C004E
:106DD00000000000008F001AF419008C0000000071
:106DE00000008809005300088900000000000048E6
:106DF00070000000744700000000000000913C009B
:106E0000438D00000000000000000099799600000A
:106E10000000000000000000004E00000000000024
:106E20000000000031460B50290000000000000067
:106E3000449267DC5F983C0000000000008F001A5D
:106E4000F419008C000000000000880900530008BD
:106E50008900000000000048700000007447000036
:106E60000000000000913C00438D00000000000085
:106E7000000000997996000000000000000000006A
:106E8000004E0000000000000000000031460B50E2
:106E90002900000000000000449267DC5F983C007D
:106EA00000000000008F001AF419008C00000000A0
:106EB0000000880900530008890000000000004815
:106EC00070000000744700000000000000913C00CA
:106ED000438D00000000000000000099799600003A
:106EE0000000000000000000004E00000000000054
:106EF0000000000031460B50290000000000000097
:106F0000449267DC5F983C0000000000008F001A8C
:106F1000F419008C000000000000880900530008EC
:106F20008900000000000048700000007447000065
:106F30000000000000913C00438D000000000000B4
:106F40000000009979960000000000000000000099
:106F5000004E0000000000000000000031460B5011
:106F60002900000000000000449267DC5F983C00AC
:106F700000000000008F001AF419008C00000000CF
:106F80000000880900530008890000000000004844
:106F900070000000744700000000000000913C00F9
:106FA000438D000000000000000000997996000069
:106FB0000000000000000000004E00000000000083
:106FC0000000000031460B502900000000000000C6
:106FD000449267DC5F983C0000000000008F001ABC
:106FE000F419008C0000000000008809005300081C
:106FF0008900000000000048700000007447000095
:107000000000000000913C00438D000000000000E3
:1070100000000099799600000000000000000000C8
:10702000004E0000000000000000000031460B5040
:107030002900000000000000449267DC5F983C00DB
:1070400000000000008F001AF419008C00000000FE
:107050000000880900530008890000000000004873
:1070600070000000744700000000000000913C0028
:10707000438D000000000000000000997996000098
:107080000000000000000000004E000000000000B2
:107090000000000031460B502900000000000000F5
:1070A000449267DC5F983C0000000000008F001AEB
:1070B000F419008C0000000000008809005300084B
:1070C00089000000000000487000000074470000C4
:1070D0000000000000913C00438D00000000000013
:1070E00000000099799600000000000000000000F8
:1070F000004E0000000000000000000031460B5070
:107100002900000000000000449267DC5F983C000A
:1071100000000000008F001AF419008C000000002D
:1071200000008809005300088900000000000048A2
:1071300070000000744700000000000000913C0057
:10714000438D0000000000000000009979960000C7
:107150000000000000000000004E000000000000E1
:107160000000000031460B50290000000000000024
:10717000449267DC5F983C0000000000008F001A1A
:10718000F419008C0000000000008809005300087A
:1071900089000000000000487000000074470000F3
:1071A0000000000000913C00438D00000000000042
:1071B0000000009979960000000000000000000027
:1071C000004E0000000000000000000031460B509F
:1071D0002900000000000000449267DC5F983C003A
:1071E00000000000008F001AF419008C000000005D
:1071F00000008809005300088900000000000048D2
:1072000070000000744700000000000000913C0086
:10721000438D0000000000000000009979960000F6
:107220000000000000000000004E00000000000010
:107230000000000031460B50290000000000000053
:10724000449267DC5F983C0000000000008F001A49
:10725000F419008C000000000000880900530008A9
:107260008900000000000048700000007447000022
:107270000000000000913C00438D00000000000071
:107280000000009979960000000000000000000056
:10729000004E0000000000000000000031460B50CE
:1072A0002900000000000000449267DC5F983C0069
:1072B00000000000008F001AF419008C000000008C
:1072C0000000880900530008890000000000004801
:1072D00070000000744700000000000000913C00B6
:1072E000438D000000000000000000997996000026
:1072F0000000000000000000004E00000000000040
:107300000000000031460B50290000000000000082
:10731000449267DC5F983C0000000000008F001A78
:10732000F419008C000000000000880900530008D8
:107330008900000000000048700000007447000051
:107340000000000000913C00438D000000000000A0
:107350000000009979960000000000000000000085
:10736000004E0000000000000000000031460B50FD
:107370002900000000000000449267DC5F983C0098
:1073800000000000008F001AF419008C00000000BB
:107390000000880900530008890000000000004830
:1073A00070000000744700000000000000913C00E5
:1073B000438D000000000000000000997996000055
:1073C0000000000000000000004E0000000000006F
:1073D0000000000031460B502900000000000000B2
:1073E000449267DC5F983C0000000000008F001AA8
:1073F000F419008C00000000000088090053000808
:107400008900000000000048700000007447000080
:107410000000000000913C00438D000000000000CF
:1074200000000099799600000000000000000000B4
:10743000004E0000000000000000000031460B502C
:107440002900000000000000449267DC5F983C00C7
:1074500000000000008F001AF419008C00000000EA
:10746000000088090053000889000000000000485F
:1074700070000000744700000000000000913C0014
:10748000438D000000000000000000997996000084
:107490000000000000000000004E0000000000009E
:1074A0000000000031460B502900000000000000E1
:1074B000449267DC5F983C0000000000008F001AD7
:1074C000F419008C00000000000088090053000837
:1074D00089000000000000487000000074470000B0
:1074E0000000000000913C00438D000000000000FF
:1074F00000000099799600000000000000000000E4
:10750000004E0000000000000000000031460B505B
:107510002900000000000000449267DC5F983C00F6
:1075200000000000008F001AF419008C0000000019
:10753000000088090053000889000000000000488E
:1075400070000000744700000000000000913C0043
:10755000438D0000000000000000009979960000B3
:107560000000000000000000004E000000000000CD
:107570000000000031460B50290000000000000010
:10758000449267DC5F983C0000000000008F001A06
:10759000F419008C00000000000088090053000866
:1075A00089000000000000487000000074470000DF
:1075B0000000000000913C00438D0000000000002E
:1075C0000000009979960000000000000000000013
:1075D000004E0000000000000000000031460B508B
:1075E0002900000000000000449267DC5F983C0026
:1075F00000000000008F001AF419008C0000000049
:1076000000008809005300088900000000000048BD
:1076100070000000744700000000000000913C0072
:10762000438D0000000000000000009979960000E2
:107630000000000000000000004E000000000000FC
:107640000000000031460B5029000000000000003F
:10765000449267DC5F983C0000000000008F001A35
:10766000F419008C00000000000088090053000895
:10767000890000000000004870000000744700000E
:107680000000000000913C00438D0000000000005D
:107690000000009979960000000000000000000042
:1076A000004E0000000000000000000031460B50BA
:1076B0002900000000000000449267DC5F983C0055
:1076C00000000000008F001AF419008C0000000078
:1076D00000008809005300088900000000000048ED
:1076E00070000000744700000000000000913C00A2
:1076F000438D000000000000000000997996000012
:107700000000000000000000004E0000000000002B
:107710000000000031460B5029000000000000006E
:10772000449267DC5F983C0000000000008F001A64
:10773000F419008C000000000000880900530008C4
:10774000890000000000004870000000744700003D
:107750000000000000913C00438D0000000000008C
:107760000000009979960000000000000000000071
:10777000004E0000000000000000000031460B50E9
:107780002900000000000000449267DC5F983C0084
:1077900000000000008F001AF419008C00000000A7
:1077A000000088090053000889000000000000481C
:1077B00070000000744700000000000000913C00D1
:1077C000438D000000000000000000997996000041
:1077D0000000000000000000004E0000000000005B
:1077E0000000000031460B5029000000000000009E
:1077F000449267DC5F983C0000000000008F001A94
:10780000F419008C000000000000880900530008F3
:10781000890000000000004870000000744700006C
:107820000000000000913C00438D000000000000BB
:1078300000000099799600000000000000000000A0
:10784000004E0000000000000000000031460B5018
:107850002900000000000000449267DC5F983C00B3
:1078600000000000008F001AF419008C00000000D6
:10787000000088090053000889000000000000484B
:1078800070000000744700000000000000913C0000
:10789000438D000000000000000000997996000070
:1078A0000000000000000000004E0000000000008A
:1078B0000000000031460B502900000000000000CD
:1078C000449267DC5F983C0000000000008F001AC3
:1078D000F419008C00000000000088090053000823
:1078E000890000000000004870000000744700009C
:1078F0000000000000913C00438D000000000000EB
:1079000000000099799600000000000000000000CF
:10791000004E0000000000000000000031460B5047
:107920002900000000000000449267DC5F983C00E2
:1079300000000000008F001AF419008C0000000005
:10794000000088090053000889000000000000487A
:1079500070000000744700000000000000913C002F
:10796000438D00000000000000000099799600009F
:107970000000000000000000004E000000000000B9
:107980000000000031460B502900000000000000FC
:10799000449267DC5F983C0000000000008F001AF2
:1079A000F419008C00000000000088090053000852
:1079B00089000000000000487000000074470000CB
:1079C0000000000000913C00438D0000000000001A
:1079D00000000099799600000000000000000000FF
:1079E000004E0000000000000000000031460B5077
:1079F0002900000000000000449267DC5F983C0012
:107A000000000000008F001AF419008C0000000034
:107A100000008809005300088900000000000048A9
:107A200070000000744700000000000000913C005E
:107A3000438D0000000000000000009979960000CE
:107A40000000000000000000004E000000000000E8
:107A50000000000031460B5029000000000000002B
:107A6000449267DC5F983C0000000000008F001A21
:107A7000F419008C00000000000088090053000881
:107A800089000000000000487000000074470000FA
:107A90000000000000913C00438D00000000000049
:107AA000000000997996000000000000000000002E
:107AB000004E0000000000000000000031460B50A6
:107AC0002900000000000000449267DC5F983C0041
:107AD00000000000008F001AF419008C0000000064
:107AE00000008809005300088900000000000048D9
:107AF00070000000744700000000000000913C008E
:107B0000438D0000000000000000009979960000FD
:107B10000000000000000000004E00000000000017
:107B20000000000031460B5029000000000000005A
:107B3000449267DC5F983C0000000000008F001A50
:107B4000F419008C000000000000880900530008B0
:107B50008900000000000048700000007447000029
:107B60000000000000913C00438D00000000000078
:107B7000000000997996000000000000000000005D
:107B8000004E0000000000000000000031460B50D5
:107B90002900000000000000449267DC5F983C0070
:107BA00000000000008F001AF419008C0000000093
:107BB0000000880900530008890000000000004808
:107BC00070000000744700000000000000913C00BD
:107BD000438D00000000000000000099799600002D
:107BE0000000000000000000004E00000000000047
:107BF0000000000031460B5029000000000000008A
:107C0000449267DC5F983C0000000000008F001A7F
:107C1000F419008C000000000000880900530008DF
:107C20008900000000000048700000007447000058
:107C30000000000000913C00438D000000000000A7
:107C4000000000997996000000000000000000008C
:107C5000004E0000000000000000000031460B5004
:107C60002900000000000000449267DC5F983C009F
:107C700000000000008F001AF419008C00000000C2
:107C80000000880900530008890000000000004837
:107C900070000000744700000000000000913C00EC
:107CA000438D00000000000000000099799600005C
:107CB0000000000000000000004E00000000000076
:107CC0000000000031460B502900000000000000B9
:107CD000449267DC5F983C0000000000008F001AAF
:107CE000F419008C0000000000008809005300080F
:107CF0008900000000000048700000007447000088
:107D00000000000000913C00438D000000000000D6
:107D100000000099799600000000000000000000BB
:107D2000004E0000000000000000000031460B5033
:107D30002900000000000000449267DC5F983C00CE
:107D400000000000008F001AF419008C00000000F1
:107D50000000880900530008890000000000004866
:107D600070000000744700000000000000913C001B
:107D7000438D00000000000000000099799600008B
:107D80000000000000000000004E000000000000A5
:107D90000000000031460B502900000000000000E8
:107DA000449267DC5F983C0000000000008F001ADE
:107DB000F419008C0000000000008809005300083E
:107DC00089000000000000487000000074470000B7
:107DD0000000000000913C00438D00000000000006
:107DE00000000099799600000000000000000000EB
:107DF000004E0000000000000000000031460B5063
:107E00002900000000000000449267DC5F983C00FD
:107E100000000000008F001AF419008C0000000020
:107E20000000880900530008890000000000004895
:107E300070000000744700000000000000913C004A
:107E4000438D0000000000000000009979960000BA
:107E50000000000000000000004E000000000000D4
:107E60000000000031460B50290000000000000017
:107E7000449267DC5F983C0000000000008F001A0D
:107E8000F419008C0000000000008809005300086D
:107E900089000000000000487000000074470000E6
:107EA0000000000000913C00438D00000000000035
:107EB000000000997996000000000000000000001A
:107EC000004E0000000000000000000031460B5092
:107ED0002900000000000000449267DC5F983C002D
:107EE00000000000008F001AF419008C0000000050
:107EF00000008809005300088900000000000048C5
:107F000070000000744700000000000000913C0079
:107F1000438D0000000000000000009979960000E9
:107F20000000000000000000004E00000000000003
:107F30000000000031460B50290000000000000046
:107F4000449267DC5F983C0000000000008F001A3C
:107F5000F419008C0000000000008809005300089C
:107F60008900000000000048700000007447000015
:107F70000000000000913C00438D00000000000064
:107F80000000009979960000000000000000000049
:107F9000004E0000000000000000000031460B50C1
:107FA0002900000000000000449267DC5F983C005C
:107FB00000000000008F001AF419008C000000007F
:107FC00000008809005300088900000000000048F4
:107FD00070000000744700000000000000913C00A9
:107FE000438D000000000000000000997996000019
:107FF0000000000000000000004E00000000000033
:108000000000000031460B50290000000000000075
:10801000449267DC5F983C0000000000008F001A6B
:10802000F419008C000000000000880900530008CB
:108030008900000000000048700000007447000044
:108040000000000000913C00438D00000000000093
:108050000000009979960000000000000000000078
:10806000004E0000000000000000000031460B51EF
:108070002900000000000000449267DC5F983C008B
:1080800000000000008F001AF419008C00000000AE
:108090000000880900530008890000000000004823
:1080A00070000000744700000000000000913C00D8
:1080B000448D000000000000000000997996000047
:1080C0000000000000000000004E00000000000062
:1080D0000000000031460B512900000000000000A4
:1080E000449267DC5F983C0000000000008F001A9B
:1080F000F419008C000000000000880900530008FB
:108100008900000000000048700000007447000073
:108110000000000000913C00438D000000000000C2
:1081200000000099799600000000000000000000A7
:10813000004E0000000000000000000031460B511E
:108140002900000000000000449267DC5F983C00BA
:1081500000000000008F001AF419008C00000000DD
:108160000000880900530008890000000000004852
:1081700070000000744700000000000000913C0007
:10818000438D000000000000000000997996000077
:108190000000000000000000004E00000000000091
:1081A0000000000031460B512900000000000000D3
:1081B000449267DC5F983C0000000000008F001ACA
:1081C000F419008C0000000000008809005300082A
:1081D00089000000000000487000000074470000A3
:1081E0000000000000913C00438D000000000000F2
:1081F00000000099799600000000000000000000D7
:10820000004E0000000000000000000031460B514D
:108210002900000000000000449267DC5F983C00E9
:1082200000000000008F001AF419008C000000000C
:108230000000880900530008890000000000004881
:1082400070000000744700000000000000913C0036
:10825000438D0000000000000000009979960000A6
:108260000000000000000000004E000000000000C0
:108270000000000031460B51290000000000000002
:10828000449267DC5F983C0000000000008F001AF9
:10829000F419008C00000000000088090053000859
:1082A00089000000000000487000000074470000D2
:1082B0000000000000913C00438D00000000000021
:1082C0000000009979960000000000000000000006
:1082D000004E0000000000000000000031460B517D
:1082E0002900000000000000449267DC5F983C0019
:1082F00000000000008F001AF419008C000000003C
:1083000000008809005300088900000000000048B0
:1083100070000000744700000000000000913C0065
:10832000438D0000000000000000009979960000D5
:108330000000000000000000004E000000000000EF
:108340000000000031460B51290000000000000031
:10835000449267DC5F983C0000000000008F001A28
:10836000F419008C00000000000088090053000888
:108370008900000000000048700000007447000001
:108380000000000000913C00438D00000000000050
:108390000000009979960000000000000000000035
:1083A000004E0000000000000000000031460B51AC
:1083B0002900000000000000449267DC5F983C0048
:1083C00000000000008F001AF419008C000000006B
:1083D00000008809005300088900000000000048E0
:1083E00070000000744700000000000000913C0095
:1083F000438D000000000000000000997996000005
:108400000000000000000000004E0000000000001E
:108410000000000031460B51290000000000000060
:10842000449267DC5F983C0000000000008F001A57
:10843000F419008C000000000000880900530008B7
:108440008900000000000048700000007447000030
:108450000000000000913C00438D0000000000007F
:108460000000009979960000000000000000000064
:10847000004E0000000000000000000031460B51DB
:108480002900000000000000449267DC5F983C0077
:1084900000000000008F001AF419008C000000009A
:1084A000000088090053000889000000000000480F
:1084B00070000000744700000000000000913C00C4
:1084C000438D000000000000000000997996000034
:1084D0000000000000000000004E0000000000004E
:1084E0000000000031460B51290000000000000090
:1084F000449267DC5F983C0000000000008F001A87
:10850000F419008C000000000000880900530008E6
:10851000890000000000004870000000744700005F
:108520000000000000913C00438D000000000000AE
:108530000000009979960000000000000000000093
:10854000004E0000000000000000000031460B510A
:108550002900000000000000449267DC5F983C00A6
:1085600000000000008F001AF419008C00000000C9
:10857000000088090053000889000000000000483E
:1085800070000000744700000000000000913C00F3
:10859000438D000000000000000000997996000063
:1085A0000000000000000000004E0000000000007D
:1085B0000000000031460B512900000000000000BF
:1085C000449267DC5F983C0000000000008F001AB6
:1085D000F419008C00000000000088090053000816
:1085E000890000000000004870000000744700008F
:1085F0000000000000913C00438D000000000000DE
:1086000000000099799600000000000000000000C2
:10861000004E0000000000000000000031460B5139
:108620002900000000000000449267DC5F983C00D5
:1086300000000000008F001AF419008C00000000F8
:10864000000088090053000889000000000000486D
:1086500070000000744700000000000000913C0022
:10866000438D000000000000000000997996000092
:108670000000000000000000004E000000000000AC
:108680000000000031460B512900000000000000EE
:10869000449267DC5F983C0000000000008F001AE5
:1086A000F419008C00000000000088090053000845
:1086B00089000000000000487000000074470000BE
:1086C0000000000000913C00438D0000000000000D
:1086D00000000099799600000000000000000000F2
:1086E000004E0000000000000000000031460B5169
:1086F0002900000000000000449267DC5F983C0005
:1087000000000000008F001AF419008C0000000027
:10871000000088090053000889000000000000489C
:1087200070000000744700000000000000913C0051
:10873000438D0000000000000000009979960000C1
:108740000000000000000000004E000000000000DB
:108750000000000031460B5129000000000000001D
:10876000449267DC5F983C0000000000008F001A14
:10877000F419008C00000000000088090053000874
:1087800089000000000000487000000074470000ED
:108790000000000000913C00438D0000000000003C
:1087A0000000009979960000000000000000000021
:1087B000004E0000000000000000000031460B5198
:1087C0002900000000000000449267DC5F983C0034
:1087D00000000000008F001AF419008C0000000057
:1087E00000008809005300088900000000000048CC
:1087F00070000000744700000000000000913C0081
:10880000438D0000000000000000009979960000F0
:108810000000000000000000004E0000000000000A
:108820000000000031460B5129000000000000004C
:10883000449267DC5F983C0000000000008F001A43
:10884000F419008C000000000000880900530008A3
:10885000890000000000004870000000744700001C
:108860000000000000913C00438D0000000000006B
:108870000000009979960000000000000000000050
:10888000004E0000000000000000000031460B51C7
:108890002900000000000000449267DC5F983C0063
:1088A00000000000008F001AF419008C0000000086
:1088B00000008809005300088900000000000048FB
:1088C00070000000744700000000000000913C00B0
:1088D000438D000000000000000000997996000020
:1088E0000000000000000000004E0000000000003A
:1088F0000000000030460B5028000000000000007F
:10890000438F66D85F943A0000000000008B001986
:10891000EF180088000000000000840800520008E2
:1089200085000000000000456E0000007145000059
:1089300000000000008E3B00428A000000000000A2
:108940000000009577920000000000000000000089
:10895000004D000000000000000000002E440B4FFE
:108960002600000000000000408A65D25D8E3700BE
:108970000000000000860017E616008200000000DC
:1089800000007F08004F0007800000000000004248
:10899000690000006C410000000000000088380001
:1089A0003F850000000000000000008F758D000072
:1089B0000000000000000000004B0000000000006C
:1089C000000000002C420A4D2400000000000000BE
:1089D0003D8462CC5B8935000000000000810015F9
:1089E000DE15007D0000000000007A07004C000644
:1089F0007B0000000000004065000000683F0000B0
:108A000000000000008336003C80000000000000F1
:108A10000000008A728700000000000000000000D3
:108A20000049000000000000000000002940094A41
:108A300022000000000000003B7F5EC5578432002A
:108A400000000000007C0013D51300780000000037
:108A50000000760600490006760000000000003D98
:108A600061000000643C000000000000007E330054
:108A7000397A000000000000000000846F820000CE
:108A8000000000000000000000470000000000009F
:108A900000000000273D0847200000000000000003
:108AA000387A5ABD547E3000000000000077001272
:108AB000CD120073000000000000700500450005A5
:108AC000710000000000003A5D0000006039000005
:108AD0000000000000783000377500000000000042
:108AE0000000007F6B7C0000000000000000000020
:108AF000004400000000000000000000253907438A
:108B00001E00000000000000347355B44F772D00A4
:108B10000000000000710011C310006D0000000093
:108B200000006B04004100046B00000000000037EF
:108B3000580000005A3600000000000000722E00AD
:108B4000336F00000000000000000079657600002F
:108B500000000000000000000040000000000000D5
:108B6000000000002336063F1D000000000000004A
:108B7000326E51AD4B722B0000000000006B000FF5
:108B8000BB0F00680000000000006504003E000309
:108B9000660000000000003454000000573300005D
:108BA00000000000006D2B00306A00000000000093
:108BB0000000007361710000000000000000000070
:108BC000003D000000000000000000002133063CD2
:108BD0001A000000000000002F694DA4476D280016
:108BE000000000000066000EB20E006400000000ED
:108BF00000006002003B0002610000000000003144
:108C00004F00000052300000000000000068290002
:108C10002E650000000000000000006D5C6B00008D
:108C2000000000000000000000390000000000000B
:108C3000000000001E300438180000000000000092
:108C40002C63499C43662500000000000060000C76
:108C5000A80C005E0000000000005B01003700016E
:108C60005C0000000000002E4B0000004D2D0000B5
:108C700000000000006226002B5F000000000000E2
:108C800000000067576500000000000000000000C1
:108C90000036000000000000000000001C2D04351C
:108CA0001700000000000000295E45933F6123008B
:108CB00000000000005B000BA00B0059000000004A
:108CC0000000560000340000570000000000002B98
:108CD00046000000492A000000000000005D24005A
:108CE000285A0000000000000000006252600000EE
:108CF0000000000000000000003200000000000042
:108D0000000000001A2A03321500000000000000D5
:108D10002658408B3B5B2000000000000056000AF4
:108D2000970A0054000000000000510000300000CD
:108D3000520000000000002842000000442700000C
:108D40000000000000572100255400000000000032
:108D50000000005C4D5A0000000000000000000010
:108D6000002F000000000000000000001827012E66
:108D7000130000000000000023523C8337551E0002
:108D800000000000005000098E08004E00000000A6
:108D900000004C00002D00004C00000000000024EA
:108DA0003E000000402400000000000000511E00B2
:108DB000224F000000000000000000564854000050
:108DC0000000000000000000002B00000000000078
:108DD000000000001624012A11000000000000001D
:108DE000214D387B33501C0000000000004B000771
:108DF000850700490000000000004700002900002E
:108E00004700000000000022390000003C21000063
:108E100000000000004C1C001F4A00000000000081
:108E200000000050434F0000000000000000000060
:108E300000280000000000000000000014210027AE
:108E40000F000000000000001E4733732F4A190076
:108E500000000000004600057C0500430000000003
:108E60000000410000260000410000000000001F3B
:108E700035000000371E0000000000000046190009
:108E80001C440000000000000000004B3E490000B0
:108E900000000000000000000025000000000000AD
:108EA00000000000111E00240D0000000000000062
:108EB0001B422F6A2B4416000000000000410004F2
:108EC0007304003E0000000000003C00002300008E
:108ED0003D0000000000001B31000000321B0000BC
:108EE00000000000004117001A3F000000000000D1
:108EF00000000045394400000000000000000000B0
:108F00000021000000000000000000000F1B0020F6
:108F10000B00000000000000183C2B62273F1300EC
:108F200000000000003A00036A030039000000005E
:108F300000003700001F000037000000000000188C
:108F40002C0000002E18000000000000003B140060
:108F500017390000000000000000003F343E000010
:108F60000000000000000000001E000000000000E3
:108F7000000000000D18001D0900000000000000A6
:108F80001537275A23391100000000000035000270
:108F9000620100330000000000003200001C0000ED
:108FA0003200000000000016280000002A16000011
:108FB0000000000000361100143400000000000022
:108FC0000000003A2F380000000000000000000000
:108FD000001B000000000000000000000B1500193D
:108FE0000700000000000000123222511F330E0063
:108FF00000000000002F00005900002E00000000BB
:1090000000002D00001800002D00000000000013DB
:1090100023000000251200000000000000300F00B7
:10902000112F000000000000000000342A32000070
:109030000000000000000000001700000000000019
:1090400000000000081200160600000000000000EA
:109050000F2C1E491B2D0C0000000000002A0000F0
:10906000500000280000000000002700001500004C
:10907000270000000000000F1F000000201000006B
:1090800000000000002B0C000E2900000000000072
:109090000000002E252D0000000000000000000050
:1090A000001400000000000000000000060E001286
:1090B00003000000000000000C261A4017280900D9
:1090C0000000000000240000460000230000000013
:1090D0000000220000110000220000000000000D2E
:1090E0001B0000001B0D000000000000002609000E
:1090F0000B240000000000000000002820270000D2
:10910000000000000000000000100000000000004F
:1091100000000000040C000F02000000000000002E
:10912000092115391322060000000000001F00006D
:109130003E00001E0000000000001D00000E0000A8
:109140001D0000000000000A1600000017090000C2
:109150000000000000200700091F000000000000C0
:10916000000000221B2100000000000000000000A1
:10917000000D000000000000000000000208000BCD
:109180000000000000000000061B11300F1C04004E
:109190000000000000190000350000180000000069
:1091A00000001700000A0000170000000000000780
:1091B000120000001307000000000000001A040065
:1091C00006190000000000000000001C161B000033
:1091D0000000000000000000000900000000000086
:1091E0000000000000050008000000000000000072
:1091F00003150D280B1601000000000000140000EC
:109200002C00001300000000000012000007000006
:1092100012000000000000030D0000000E0300001B
:109220000000000000150100031400000000000011
:1092300000000016111600000000000000000000F1
:109240000006000000000000000000000002000412
:1092500000000000000000000110082007110000BD
:1092600000000000000E00002300000E00000000BF
:1092700000000D00000300000D00000000000001D0
:10928000090000000A01000000000000000F0000BB
:10929000000F000000000000000000110C10000092
:1092A00000000000000000000003000000000000BB
:1092B00000000000000000010000000000000000AD
:1092C000000A0517030B0000000000000009000061
:1092D0001A00000900000000000008000000000063
:1092E000080000000000000005000000050000006C
:1092F00000000000000A000000090000000000005B
:109300000000000B070B0000000000000000000040
:10931000000000000000000000000000000000004D
:1093200000000000000000000005000F0006000023
:109330000000000000040000110000030000000015
:109340000000020000000000030000000000000018
:109350000000000001000000000000000004000008
:1093600000040000000000000000000502050000ED
:1093700000000000000000000000000000000000ED
:1093800000000000000000000000000000000000DD
:1093900000000007000000000000000000000000C6
:1093A00009000000000000000000000000000000B4
:1093B00000000000000000000000000000000000AD
:1093C000000000000000000000000000000000009D
:1093D000000000000000000000000000000000008D
:1093E000000000000000000000000000000000007D
:1093F000000000000000000000000000000000006D
:10940000000000000000000000000000000000005C
:10941000000000000000000000000000000000004C
:10942000000000000000000000000000000000003C
:10943000000000000000000000000000000000002C
:10944000000000000000000000000000000000001C
:10945000000000000000000000000000000000000C
:1094600000000000000000000000000000000000FC
:1094700000000000000000000000000000000000EC
:1094800000000000000000000000000000000000DC
:1094900000000000000000000000000000000000CC
:1094A00000000000000000000000000000000000BC
:1094B00000000000000000000000000000000000AC
:1094C000000000000000000000000000000000009C
:1094D000000000000000000000000000000000008C
:1094E000000000000000000000000000000000007C
:1094F000000000000000000000000000000000006C
:10950000000000000000000000000000000000005B
:10951000000000000000000000000000000000004B
:10952000000000000000000000000000000000003B
:109530000000000000001600000000000000000015
:10954000000000000000000000000000000000001B
:10955000000000000000000000000000000000000B
:1095600000000000000000000000000000000000FB
:1095700000000000000000000000000000000000EB
:1095800000000000000000000000000000000000DB
:1095900000000000000000000000000000071600AE
:1095A00000000000000000000000000000000000BB
:1095B00000000000000000000000000000000000AB
:1095C000000000000000000000000000000000009B
:1095D000000000000000000000000000000000008B
:1095E000000000000000000000000000000000007B
:1095F000000000000000000000000000000000006B
:109600000000000000111300000000000000000036
:10961000000000000000000000000000000000004A
:10962000000000000000000000000000000000003A
:10963000000000000000000000000000000000002A
:10964000000000000000000000000000000000001A
:10965000000000000000000000000000000000000A
:10966000000000000000000000000000001C0F00CF
:1096700000000000000000000000000000000000EA
:1096800000000000000000000000000000000000DA
:1096900000000000000000000000000000000000CA
:1096A00000000000000000000000000000000000BA
:1096B00000000000000000000000000000000000AA
:1096C000000000000000000000000000000000009A
:1096D0000000000000280A00000000000000000058
:1096E000000000000000000000000000000000007A
:1096F000000000000000000000000000000000006A
:109700000000000000000000000000000000000059
:109710000000000000000000000000000000000049
:109720000000000000000000000000000000000039
:1097300000000000000000000000000000330300F3
:109740000000000000000000000000000000000019
:109750000000000000000000000000000000000009
:1097600000000000000000000000000000000000F9
:1097700000000000000000000000000000000000E9
:1097800000000000000000000000000000000000D9
:1097900000000000000000000000000000000000C9
:1097A00000000000003D000000000000000000007C
:1097B00000000000000000000000000000000000A9
:1097C0000000000000000000000000000000000099
:1097D0000000000000000000000000000000000089
:1097E0000000000000000000000000000000000079
:1097F0000000000000000000000000000000000069
:109800000000000000000000000000000043000015
:109810000000000000000000000000000000000048
:109820000000000000000000000000000000000038
:109830000000000000000000000000000000000028
:109840000000000000000000000000000000000018
:109850000000000000000000000000000000000008
:1098600000000000000000000000000000000000F8
:1098700000000000014000000000000000000000A7
:1098800000000100000000000000000000000000D7
:1098900000000000000000000000000000000000C8
:1098A00000000000000000000000000000000000B8
:1098B00000000000000000000000000000000000A8
:1098C0000000000000000000000000000000000098
:1098D0000000000000000000000000000B39000044
:1098E0000000000000000000000006000000000072
:1098F0000000000000000000000000000000000068
:109900000000000000000000000000000000000057
:109910000000000000000000000000000000000047
:109920000000000000000000000000000000000037
:109930000000000000000000000000000000000027
:1099400000000000142E00000000000000000000D5
:1099500000030900000000000000000000000000FB
:1099600000000000000000000000000000000000F7
:1099700000000000000000000000000000000000E7
:1099800000000000000000000000000000000000D7
:1099900000000000000000000000000000000000C7
:1099A0000000000000000000000000001A2100007C
:1099B000000000000000000000100A00000000008D
:1099C0000000000000000000000000000000000097
:1099D0000000000000000000000000000000000087
:1099E0000000000000000000000000000000000077
:1099F0000000000000000000000000000000000067
:109A00000000000000000000000000000000000056
:109A1000000000001D140000000000000000000015
:109A2000002109000000000000000000000000000C
:109A30000000000000000000000000000000000026
:109A40000000000000000000000000000000000016
:109A50000000000000000000000000000000000006
:109A600000000000000000000000000000000000F6
:109A70000000000000000000000000001B080000C3
:109A8000000000000000000000330600000000009D
:109A900000000000000000000000000000000000C6
:109AA00000000000000000000000000000000000B6
:109AB00000000000000000000000000000000000A6
:109AC0000000000000000000000000000000000096
:109AD0000000000000000000000000000000000086
:109AE0000000000015000000000000000000000061
:109AF0000044010000000000000000000000000021
:109B00000000000000000000000000000000000055
:109B10000000000000000000000000000000000045
:109B20000000000000000000000000000000000035
:109B30000000000000000000000000000000000025
:109B40000000000000000000000000000C00000009
:109B500000000000000000000051000000000000B4
:109B600000000000000000000000000000000000F5
:109B700000000000000000000000000000000000E5
:109B800000000000000000000000000000000000D5
:109B900000000000000000000000000000000000C5
:109BA00000000000000000000000000000000000B5
:109BB00000000000030000000000000000000000A2
:109BC000005700000000000000000000000000003E
:109BD0000000000000000000000000000000000085
:109BE0000000000000000000000000000000000075
:109BF0000000000000000000000000000000000065
:109C00000000000000000000000000000000000054
:109C10000000000000000000000000000000000044
:109C200000000000000000000A55000000000000D5
:109C30000000000000000200000000000000000022
:109C40000000000000000000000000000000000014
:109C50000000000000000000000000000000000004
:109C600000000000000000000000000000000000F4
:109C700000000000000000000000000000000000E4
:109C800000000000000000000000000000000000D4
:109C9000124D0000000000000000000000020D0056
:109CA00000000000000000000000000000000000B4
:109CB00000000000000000000000000000000000A4
:109CC0000000000000000000000000000000000094
:109CD0000000000000000000000000000000000084
:109CE0000000000000000000000000000000000074
:109CF0000000000000000000153F00000000000010
:109D00000000000000131700000000000000000029
:109D10000000000000000000000000000000000043
:109D20000000000000000000000000000000000033
:109D30000000000000000000000000000000000023
:109D40000000000000000000000000000000000013
:109D50000000000000000000000000000000000003
:109D6000142E0000000000000000000000291E006A
:109D700000000000000000000000000000000000E3
:109D800000000000000000000000000000000000D3
:109D900000000000000000000000000000000000C3
:109DA00000000000000000000000000000000000B3
:109DB00000000000000000000000000000000000A3
:109DC00000000000000000000F1E00000000000066
:109DD00000000000003F2100000000000000000023
:109DE0000000000000000000000000000000000073
:109DF0000000000000000000000000000000000063
:109E00000000000000000000000000000000000052
:109E10000000000000000000000000000000000042
:109E20000000000000000000000000000000000032
:109E300008100000000000000000000000521F0099
:109E40000000000000000000000000000000000012
:109E50000000000000000000000000000000000002
:109E600000000000000000000000000000000000F2
:109E700000000000000000000000000000000000E2
:109E800000000000000000000000000000000000D2
:109E900000000000000000000005000000000000BD
:109EA00000000000005E190000000000000000003B
:109EB000000007000000000000000000000000009B
:109EC0000000000000000000000000000000000092
:109ED0000000000000000000000000000000000082
:109EE0000000000000000000000000000000000072
:109EF0000000000000000000000000000000000062
:109F0000000000000000000000000000005F1200E0
:109F1000000000000000000000001F000000000022
:109F20000000000000000000000000000000000031
:109F30000000000000000000000000000000000021
:109F40000000000000000000000000000000000011
:109F50000000000000000000000000000000000001
:109F600000000000000000000000000000000000F1
:109F70000000000000570A00000000000000000080
:109F800000003A0000000000000000000000000097
:109F900000000000000000000000000000000000C1
:109FA00000000000000000000000000000000000B1
:109FB00000000000000000000000000000000000A1
:109FC0000000000000000000000000000000000091
:109FD0000000000000000000000000000048040035
:109FE000000000000000000000005300000000001E
:109FF0000000000000000000000000000000000061
:10A000000000000000000000000000000000000050
:10A010000000000000000000000000000000000040
:10A020000000000000000000000000000000000030
:10A030000000000000000000000000000000000020
:10A0400000000000003700000000000000000000D9
:10A05000000C640000000000000000000000000090
:10A0600000000000000000000000000000000000F0
:10A0700000000000000000000000000000000000E0
:10A0800000000000000000000000000000000000D0
:10A0900000000000000000000000000000000000C0
:10A0A000000000000000000000000000002600008A
:10A0B0000000000000000000001A6B00000000001B
:10A0C0000000000000000000000000000000000090
:10A0D0000000000000000000000000000000000080
:10A0E0000000000000000000000000000000000070
:10A0F0000000000000000000000000000000000060
:10A10000000000000000000000000000000000004F
:10A110000000000000180000000000000000000027
:10A120000024670000000000000000000000080C90
:10A13000000000000000000000000000000000001F
:10A14000000000000000000000000000000000000F
:10A1500000000000000000000000000000000000FF
:10A1600000000000000000000000000000000000EF
:10A17000000000000000000000000000000C0000D3
:10A18000000000000000000000295B00000000004B
:10A190000000000000002019000000000000000086
:10A1A00000000000000000000000000000000000AF
:10A1B000000000000000000000000000000000009F
:10A1C000000000000000000000000000000000008F
:10A1D000000000000000000000000000000000007F
:10A1E000000000000002000000000000000000006D
:10A1F00000284C000000000000000000000040208B
:10A20000000000000000000000000000000000004E
:10A21000000000000000000000000000000000003E
:10A22000000000000000000000000000000000002E
:10A23000000000000000000000000000000000001E
:10A24000000000000000000000000000000000000E
:10A25000000000000000000000213D0000000000A0
:10A26000000000000000612000000000000000006D
:10A2700000000000000000000000000000000000DE
:10A2800000000000000000000000000000000000CE
:10A2900000000000000000000000000000000000BE
:10A2A00000000000000000000000000000000000AE
:10A2B000000000000000000000000000000000009E
:10A2C00000182E00000000000000000000007A1BB3
:10A2D000000000000000000000000000000000007E
:10A2E000000000000000000000000000000000006E
:10A2F000000000000000000000000000000000005E
:10A30000000000000000000000000000000000004D
:10A31000000000000000000000000000000000003D
:10A320000000000000000000000F210000000000FD
:10A330000000000000008715000000000000000081
:10A3400000000011000000000000000000000000FC
:10A3500000000000000000000000000000000000FD
:10A3600000000000000000000000000000000000ED
:10A3700000000000000000000000000000000000DD
:10A3800000000000000000000000000000000000CD
:10A390000008160000000000000000000000880E09
:10A3A0000000000000000000000000280000000085
:10A3B000000000000000000000000000000000009D
:10A3C000000000000000000000000000000000008D
:10A3D000000000000000000000000000000000007D
:10A3E000000000000000000000000000000000006D
:10A3F000000000000000000000020C00000000004F
:10A400000000000000097E080000000000000000BD
:10A410000000163A000000000000000000000000EC
:10A42000000000000000000000000000000000002C
:10A43000000000000000000000000000000000001C
:10A44000000000000000000000000000000000000C
:10A4500000000000000000000000000000000000FC
:10A46000000004000000000000000000000F6F0466
:10A470000000000000000000000038430000000061
:10A4800000000000000000000000000000000000CC
:10A4900000000000000000000000000000000000BC
:10A4A00000000000000000000000000000000000AC
:10A4B000000000000000000000000000000000009C
:10A4C000000000000000000000000000000000008C
:10A4D0000000000000105F0000000000000000000D
:10A4E00000005F41000000000000000000000000CC
:10A4F000000000000000000000000000000000005C
:10A50000000000000000000000000000000000004B
:10A51000000000000000000000000000000000003B
:10A52000000000000000000000000000000000002B
:10A53000000000000000000000000000000E4F00BE
:10A540000000000000000000000083380000000050
:10A5500000000000000000000000000000000000FB
:10A5600000000000000000000000000000000000EB
:10A5700000000000000000000000000000000000DB
:10A5800000000000000000000000000000000000CB
:10A5900000000000000000000000000000000000BB
:10A5A00000000000000A4100000000000000000060
:10A5B00000009A2D000000000000000000000000D4
:10A5C000000000000000000000000000000000008B
:10A5D000000000000000000000000000000000007B
:10A5E000000000000000000000000000000000006B
:10A5F000000000000000000000000000000000005B
:10A600000000000000000000000000000007330010
:10A610000000000000000000001BA223000000005A
:10A620000000000000000005000000000000000025
:10A63000000000000000000000000000000000001A
:10A64000000000000000000000000000000000000A
:10A6500000000000000000000000000000000000FA
:10A6600000000000000000000000000000000000EA
:10A6700000000000000328000000000000000000AF
:10A68000003F9C1B000000000000000000000A09C1
:10A6900000000000000000000000000000000000BA
:10A6A00000000000000000000000000000000000AA
:10A6B000000000000000000000000000000000009A
:10A6C000000000000000000000000000000000008A
:10A6D00000000000000000000000000000011D005C
:10A6E000000000000000000000628D140000000067
:10A6F0000000000000001C08000000000000000036
:10A700000000000000000000000000000000000049
:10A710000000000000000000000000000000000039
:10A720000000000000000000000000000000000029
:10A730000000000000000000000000000000000019
:10A7400000000000000014000000000000000000F5
:10A75000007D7B0E000000000000000000002C05C2
:10A7600000000000000000000000000000000000E9
:10A7700000000000000000000000000000000000D9
:10A7800000000000000000000000000000000000C9
:10A7900000000000000000000000000000000000B9
:10A7A00000000000000000000000000000000C009D
:10A7B00000000000000000000D8D6908000000008E
:10A7C0000000000000003501000000000000000053
:10A7D0000000000000000000000000000000000079
:10A7E0000000000000000000000000000000000069
:10A7F0000000000000000000000000000000000059
:10A800000000000000000000000000000000000048
:10A810000000000000000500000000000000000033
:10A82000318E5A040000000000000000000E3500C8
:10A830000000000000000000000000000000000018
:10A840000000000000000000000000000000000008
:10A8500000000000000000000000000000000000F8
:10A8600000000000000000000000000000000000E8
:10A8700000000000000000000000000000000000D8
:10A8800000000000000000005B844B00000000009E
:10A8900000000000001E3100000000000000000069
:10A8A00000000000000000000000000000000000A8
:10A8B0000000000000000000000000000000000098
:10A8C0000000000000000000000000000000000088
:10A8D0000000000000000000000000000000000078
:10A8E0000000000000000000000000000000000068
:10A8F00081763F00000000000000000000272B00D0
:10A900000000000000000000000000000000000047
:10A910000000000000000000000000000000000037
:10A920000000000000000000000000000000000027
:10A930000000000000000000000000000000000017
:10A940000000000000000000000000000000000007
:10A9500000000000000000119A66330000000000B3
:10A960000000000000292500000000000000000099
:10A9700000000000000000000000000000000000D7
:10A9800000000000000000000000000000000000C7
:10A9900000000000000000000000000000000000B7
:10A9A00000000000000000000000000000000000A7
:10A9B0000000000000000000000000000000003D5A
:10A9C000A25A2A000000000000000000002720001A
:10A9D0000000000000000000000000000000000077
:10A9E0000000000000000000000000000000000067
:10A9F0000000000000000000000000000000000057
:10AA00000000000000000000000000000000000046
:10AA10000000000000000000000000000000000036
:10AA2000000000000000006D9C4E200000000000AF
:10AA30000000000000231B000000000000000000D8
:10AA40000000000000000000000000000000000006
:10AA500000000000000000000000000000000000F6
:10AA600000000000000000000000000000000000E6
:10AA700000000000000000000000000000000000D6
:10AA80000000140000000000000000000000009022
:10AA90008F4419000000000000000000001F170094
:10AAA00000000000000000000000000000000000A6
:10AAB0000000000000000000000000000000000096
:10AAC0000000000000000000000000000000000086
:10AAD0000000000000000000000000000000000076
:10AAE0000000000000000000000032000000000034
:10AAF00000000000000000A0823B120000000000E7
:10AB000000000000001C1300000000000000000016
:10AB10000000000000000000000000000000000035
:10AB20000000000000000000000000000000000025
:10AB30000000000000000000000000000000000015
:10AB40000000000000000000000000000000000005
:10AB5000001B500000000000000000000000059EE7
:10AB600076330C00000000000000000000180F0009
:10AB700000000000000000000000000000000000D5
:10AB800000000000000000000000000000000000C5
:10AB900000000000000000000000000000000000B5
:10ABA00000000000000000000000000000000000A5
:10ABB00000000000000000000047650000000000E9
:10ABC00000000000000007956C2A0600000000004D
:10ABD0000000000000150B00000000000000000055
:10ABE0000000000000000000000000000000000065
:10ABF0000000000000000000000000000000000055
:10AC00000000000000000000000000000000000044
:10AC10000000000001000000000000000000000033
:10AC2000006F6C0000000000000000000000028ABD
:10AC30006223010000000000000000000012080074
:10AC40000000000000000000000000000000000004
:10AC500000000000000000000000000000000000F4
:10AC600000000000000000000000000000000000E4
:10AC70000000000000000000000000002A000000AA
:10AC8000000000000000000000866A0000000000D4
:10AC9000000000000000007F581C000000000000C1
:10ACA00000000000000E0500000000000000000091
:10ACB0000000000000000000000000000000000094
:10ACC0000000000000000000000000000000000084
:10ACD0000000000000000000000000000000000074
:10ACE0000000000063000000000000000000000001
:10ACF00000856400000000000000000000000076F5
:10AD0000501700000000000000000000000C0200CE
:10AD10000000000000000000000000000000000033
:10AD20000000000000000000000000000000000023
:10AD30000000000000000000000000000000000013
:10AD4000000000000000000000000000960300006A
:10AD50000000000000000000007A5C00000000001D
:10AD6000000000000000006C47110000000000001F
:10AD700000000000000900000000000000000000CA
:10AD800000000000000000000000000000000000C3
:10AD900000000000000000000000000000000000B3
:10ADA0000000000000000020000000000000000083
:10ADB00000000000B00500000000000000000000DE
:10ADC000006E56000000000000000000000000635C
:10ADD0003F0C000000000000000000000006000022
:10ADE0000000000000000000000000000000000063
:10ADF0000000000000000000000000000000000053
:10AE00000000000000000000000000000000005BE7
:10AE1000000000000000000000000000B00500007D
:10AE2000000000000000000000664F00000000006D
:10AE3000000000000000005A370800000000000079
:10AE400000000000000400000000000000000000FE
:10AE500000000000000000000000000000000000F2
:10AE600000000000000000000000000000000000E2
:10AE70000000000000000091000000000000000041
:10AE800000000000A304000000000000000000001B
:10AE9000005F4900000000000000000000000053B7
:10AEA000300400000000000000000000000200006C
:10AEB0000000000000000000000000000000000092
:10AEC0000000000000000000000000000000000082
:10AED00000001B000000000000000000000000ACAB
:10AEE00009000000000000000000000096020000C1
:10AEF00000000000000000000058430000000000B7
:10AF0000000000000000004C2A00000000000000CB
:10AF10000000000000000000000000000000000031
:10AF20000000000000000000000000000000000021
:10AF3000000000000000000000004C1300000000B2
:10AF400000000000000000AD0F0000000000000045
:10AF5000000000008B000000000000000000000066
:10AF600000513E000000000000000000000000450D
:10AF700024000000000000000000000000000000AD
:10AF800000000000000000000000000000000000C1
:10AF900000000000000000000000000000000000B1
:10AFA00000006E3E0000000000000000000000A451
:10AFB0000E00000000000000000000008200000001
:10AFC0000000000000000000004B390000000000FD
:10AFD000000000000000003E1F0000000000000014
:10AFE0000000000000000000000000000000000061
:10AFF00000000000000000000000000000000C0045
:10B0000000000000000000000000776B000000005E
:10B01000000000000000009908000000000000008F
:10B0200000000000790000000000000000000000A7
:10B030000045330000000000000000000000003860
:10B0400019000000000000000000000000000000E7
:10B0500000000000000000000000000000000000F0
:10B0600000000000000040000000000000000000A0
:10B070000000728600000000000000000000009147
:10B08000040000000000000000000000710000004B
:10B090000000000000000000003F2F000000000042
:10B0A000000000000000003214000000000000005A
:10B0B0000000000000000000000000000000000090
:10B0C0000000000000000000000000000000790304
:10B0D000000000000000000000006B8D0000000078
:10B0E00000000000000000880100000000000000D7
:10B0F000000000006A0000000000000000000000E6
:10B10000003A2A0000000000000000000000002CAF
:10B11000100000000000000000000000000000001F
:10B12000000000000000000000000000000000001F
:10B130000000000000009836000000000000000041
:10B140000000658800000000000000000000008092
:10B15000000000000000000000000000620000008D
:10B160000000000000000000003526000000000084
:10B1700000000000000000270C000000000000009C
:10B1800000000000000000000000000000000000BF
:10B190000000000000000000000000000000987B9C
:10B1A000000000000000000000005F8200000000BE
:10B1B0000000000000000078000000000000000017
:10B1C000000000005C000000000000000000000023
:10B1D00000312200000000000000000000000022FA
:10B1E0000900000000000000000000000000000056
:10B1F000000000000000000000001100000000003E
:10B200000000000000008DB1000000000000000000
:10B2100000005A7B000000000000000000000071E8
:10B2200000000000000000000000000055000000C9
:10B230000000000000000000002C1E0000000000C4
:10B24000000000000000001D0500000000000000DC
:10B2500000000000000000000000000000000000EE
:10B26000000019050000000000000000000083BD80
:10B2700031000000000000000000547500000000D4
:10B28000000000000000006A000000000000000054
:10B29000000000004F00000000000000000000005F
:10B2A00000281B0000000000000000000000001942
:10B2B000020000000000000000000000000000008C
:10B2C000000000000000000000001919000000004C
:10B2D0000000000000007CBC7800000000000000BE
:10B2E00000004F6F0000000000000000000000643C
:10B2F0000000000000000000000000004900000005
:10B300000000000000000000002417000000000002
:10B310000000000000000015000000000000000018
:10B32000000000000000000000000000000000001D
:10B33000000017230000000000000000000076B4A9
:10B34000AB0C00000000000000004B690000000092
:10B35000000000000000005D000000000000000090
:10B360000000000044000000000000000000000099
:10B370000021150000000000000000000000001285
:10B3800000000000000000000000000000000000BD
:10B390000000000000000000000015220000000076
:10B3A0000000000000006FA9B25200000000000081
:10B3B000000046630000000000000000000000578D
:10B3C0000000000000000000000000003E0000003F
:10B3D0000000000000000000001D1200000000003E
:10B3E000000000000000000E00000000000000004F
:10B3F000000000000000000000000000000000004D
:10B4000000001322000000000000000000006AA1FC
:10B41000B29D0000000000000000425D000001003D
:10B4200000000000000000520000000000000000CA
:10B43000000000003A0000000000000000000000D2
:10B44000001A0F0000000000000000000000000BC8
:10B4500000000000000000000000000000000000EC
:10B4600000000000000000000000122100000000A9
:10B470000000000000006499A7BD17000000000054
:10B4800000003E5800001A03000000000000004CBD
:10B490000000000000000000000000003500000077
:10B4A000000000000000000000170C000000000079
:10B4B0000000000000000008000000000000000084
:10B4C000000000000000000000000000000000007C
:10B4D0000000111F000000000000000000005F924B
:10B4E0009FBF3A000000000000003A5300002B3ECE
:10B4F0000000000000000047000000000000000005
:10B50000000000003100000000000000000000000A
:10B5100000140A0000000000000000000000000508
:10B52000000000000000000000000000000000001B
:10B53000000000000000000000000F1D00000000DF
:10B54000000000000000598B98BA41000000000084
:10B550000000354E00002B9100000000000000426A
:10B560000000000000000000000000002C000000AF
:10B5700000000000000000000011070000000000B3
:10B5800000000000000000020000000000000000B9
:10B5900000000000000000000000000000000000AB
:10B5A00000000E1B0000000000000000000054849A
:10B5B00091B33A00000000000000324A000024C7A6
:10B5C000110000000000003D000000000800000025
:10B5D0000000000028000000000000000000000043
:10B5E000000D050000000000000000000000000049
:10B5F000000000000000000000000000000000004B
:10B60000000000000000000000000C190000000015
:10B610000000000000004F7D8AAC360000000000F2
:10B6200000002E44000021CE290000000000003858
:10B630000000000031310000000000002400000084
:10B640000000000000000000000A020000000000EE
:10B6500000000000000000000000000000000000EA
:10B6600000000000000000000000000000000000DA
:10B6700000000B17000000000000000000004B76E7
:10B6800083A533000000000000002B4000001FC510
:10B69000260000000000003300000000448300008A
:10B6A000000000002000000000000000000000007A
:10B6B0000008000000000000000000000000000082
:10B6C000000000000000000000000000000000007A
:10B6D000000000000000000000000A16000000004A
:10B6E00000000000000046707D9D3000000000005A
:10B6F0000000273C00001DBD1F0000000000002FBF
:10B700000000000043B10000000000001B0000002A
:10B7100000003500000000000004000000000000F0
:10B720000000000000000000000000000000000019
:10B730000000000000000000000000000000000009
:10B740000000081400000000000000000000416A32
:10B7500076962D00000000000000233700001BB586
:10B760001C0000000000002A0000000040B10000A2
:10B7700000000000170000000000890F000000001A
:10B7800000020000000000000000000000000000B7
:10B7900000000000000000000000000000000000A9
:10B7A0000000000000000000000007120000000080
:10B7B0000000000000003D64708F2B0000000000BE
:10B7C00000002034000019AE1A000000000000261E
:10B7D000000000003EA60000000000001400000071
:10B7E0000000AE3800000000000000000000000C67
:10B7F0000B0000000000000000000000000000003E
:10B800000000000000000000000000000000000038
:10B810000000061100000000000000000000385D7C
:10B820006A8829000000000000001D2F000017A6F4
:10B830001900000000000021000000003A9F0000F5
:10B8400000000000100000000000AD4800000000F3
:10B8500000000000000000295D0000000000000062
:10B8600000000000000000000000000000000000D8
:10B8700000000000000000000000050F00000000B4
:10B88000000000000000345865822700000000001E
:10B8900000001B2B0000169F170000000000001E78
:10B8A0000000000038980000000000000C000000BC
:10B8B0000000A74100000000000000000000002A76
:10B8C000B1000000000000000000000000070000C0
:10B8D0000000000000000000000000000000000068
:10B8E0000000040E000000000000000000003053C3
:10B8F0005F7B240000000000000017280000149760
:10B90000150000000000001A000000003592000041
:10B9100000000000090000000000A13A0000000043
:10B920000000000000000025CD080000000000001D
:10B9300000000000004014000000000000000000B3
:10B9400000000000000000000000030C00000000E8
:10B950000000000000002D4E5A752200000000007B
:10B9600000001524000013921400000000000017CE
:10B9700000000000328C0000000000000600000003
:10B9800000009A38000000000000000000000023C2
:10B99000C815000000000000000000000056700004
:10B9A0000000000000000000000000000000000097
:10B9B0000000020B00000000000000000000294908
:10B9C000556F200000000000000012210000128BC3
:10B9D0001300000000000013000000002F8600008C
:10B9E000000000000300000000009435000000008B
:10B9F0000000000000000021C11400000000000051
:10BA000000000000004DC005000000000000000024
:10BA100000000000000000000000010A000000001B
:10BA20000000000000002644506A1E0000000000D4
:10BA30000000101E00001084110000000000001023
:10BA4000000000002D800000000000000000000049
:10BA500000008E3300000000000000000000001F06
:10BA6000BA12000000000000000000000048CC56A0
:10BA700000000000000000000000000810000000AE
:10BA8000000000080000000000000000000022404C
:10BA90004C651B000000000000000D1A00000E7F26
:10BAA000100000000000000D000000002A7B0000D4
:10BAB00000000000000000000000883000000000CE
:10BAC000000000000000001DB31200000000000094
:10BAD000000000000045C69E0000000000000000BD
:10BAE0000000000630000000000000070000000019
:10BAF0000000000000001F3B475F1A00000000002C
:10BB000000000B1700000D790F0000000000000A74
:10BB10000000000028750000000000000000000088
:10BB20000000832E00000000000000000000001C48
:10BB3000AC11000000000000000000000042BFA5A2
:10BB40005300000000000000000000043415000055
:10BB500000000006000000000000000000001C378C
:10BB6000435A1800000000000000091400000C7384
:10BB70000D0000000000000700000000267100001A
:10BB8000000000000000000000007E2B000000000C
:10BB9000000000000000001AA610000000000000D5
:10BBA00000000000003FBAA3A6050000000000004E
:10BBB0000000000334280000000000050000000021
:10BBC00000000000000019333E5516000000000080
:10BBD0000000071200000B6D0C00000000000004C4
:10BBE00000000000246B00000000000000000000C6
:10BBF0000000792A00000000000000000000001989
:10BC0000A00E00000000000000000000003CB3A0F7
:10BC1000B7610000000000000000000234270000AF
:10BC20000000000400000000000000000000172FCA
:10BC30003B511500000000000000050F00000A69DC
:10BC40000B0000000000000100000000226700005F
:10BC50000000000000000000000074280000000048
:10BC600000000000000000189A0E00002A000000EA
:10BC7000000000000039AD9BB3AA000000000000E6
:10BC80000000000233260000000000030000000056
:10BC9000000000000000142B374C130000000000CF
:10BCA0000000030C000008640A000000000000000F
:10BCB0000000000020630000000000000000000001
:10BCC00000006F25000000000000000000000016CA
:10BCD000950D000062350000000000000037A796B7
:10BCE000B0B2090000000000000000013125000092
:10BCF0000000000200000000000000000000122808
:10BD000033481200000000000000010A0000075F35
:10BD10000900000000000000000000001F5E00009D
:10BD2000000000000000000000006A240000000085
:10BD30000B000000000000158F0C0000768800004A
:10BD4000000000000035A191ADAD0400000000002E
:10BD5000000000012F24000000000001000000008E
:10BD60000000000000000F2430441000000000001C
:10BD7000000000080000065A080000000000000053
:10BD8000000000001C5A000000000000000000003D
:10BD900000006622000000006C000000000000139C
:10BDA0008A0B0000759D00000000000000339B8C92
:10BDB000A8A8010000000000000000002D220000E3
:10BDC00000000000000000000000000000000D2145
:10BDD0002D400F0000000000000000060000055686
:10BDE0000700000000000000000000001B560000DB
:10BDF00000000014000000000000622000000000AD
:10BE0000BA00000000000013850A000072920000D2
:10BE10000000000000309687A2A300000000000090
:10BE2000000000002B2100000000000000000000C6
:10BE30000000000000000A1E2A3D0E000000000065
:10BE40000000000400000452060000000000000092
:10BE500000000000195200000000007900000000FE
:10BE600000005E1F00000000C20000000000001182
:10BE7000800900006E8C000000000000002E9183FD
:10BE80009D9E00000000000000000000291F00002F
:10BE90000000000000000000000000000000081C7E
:10BEA00027390C0000000000000000020000034ED3
:10BEB0000500000000001E0000000000174F0000F9
:10BEC000000009B90000000000005A1D0000000039
:10BED000B6000000000000107B0900006B88000025
:10BEE00000000000002C8C7F999A000000000000E8
:10BEF00000000000271E00000000000000000000FD
:10BF0000000000000000061924360B0000000000AD
:10BF1000000000000000034A04000000002B68003D
:10BF200000000000164B0000000010BC00000000E4
:10BF30000000561B00000000AF0000000000000FD2
:10BF4000770800006884000000000000002A877A5B
:10BF5000949500000000000000000000261D000075
:10BF600000000000000000000000000000000416B7
:10BF700021330A000000000010000000000002470A
:10BF800003000000006F8100000000001548000061
:10BF900000000AB5000000000000531A0000000075
:10BFA000AA0000000000000E73070000658000007A
:10BFB00000000000002983778F910000000000003E
:10BFC00000000000241B0000000000000000000032
:10BFD00000000000000002131F30090000000000F4
:10BFE00061000000000001430200000000917E009B
:10BFF0000000000013450000000004B00000000035
:10C000000000501900000000A50000000000000D15
:10C010006E060000627C00000000000000277E73B6
:10C020008B8C00000000000000000000231A0000BC
:10C0300000000000000000000000000000000111EE
:10C040001C2D08000000002B9E0000000000004096
:10C050000200000000937A0000000000124200007D
:10C06000000004AC0000000000004C1700000000BD
:10C07000A10000000000000C6B0600005F790000CA
:10C080000000000000257B6F878900000000000091
:10C090000000000021190000000000000000000066
:10C0A000000002000000000F1A2B070000000085AE
:10C0B000A50000000000003D010000000090780095
:10C0C00000000000113F0000000003A70000000076
:10C0D00000004916000000009D0000000000000B59
:10C0E000670500005D760000000000000024776C0A
:10C0F0008385000000000000000000002018000000
:10C100000000000000000000000017000000000D0B
:10C110001827060000000BBA9C0000000000003940
:10C1200000000000008D750000000000103C0000C1
:10C13000000003A3000000000000471500000000FD
:10C14000990000000000000A630400005A72000019
:10C1500000000000002273688082000000000000E0
:10C16000000000001E17000000000000000000009A
:10C1700000121D000000000A15250400000059BF30
:10C18000970000000000003600000000008A7100E7
:10C19000000000000E3900000000029F00000000B7
:10C1A000000044130000000094000000000000099B
:10C1B0005F040000576F00000000000000206F6562
:10C1C0007C7E000000000000000000001D16000042
:10C1D000000000000000000000261C000000000815
:10C1E000132204000000A3BD9400000000000034EE
:10C1F0000000000000876F00000000000D37000005
:10C200000000029B0000000000004113000000003D
:10C2100091000000000000095D030000556D000062
:10C2200000000000001F6C62797A0000000000002E
:10C23000000000001C1500000000000000000000CD
:10C2400000261B0000000006112003000042B1BBC5
:10C2500090000000000000310000000000846C002D
:10C26000000000000D3400000000019800000000F4
:10C2700000003E11000000008D00000000000008DA
:10C2800059030000536A000000000000001E685FB0
:10C290007577000000000000000000001B14000083
:10C2A000000000000000000000251A000000000649
:10C2B000101D02000095B2B98D0000000000002E94
:10C2C0000000000000816A00000000000C32000045
:10C2D000000001940000000000003C10000000007D
:10C2E0008A000000000000075702000051670000AC
:10C2F00000000000001D655D727400000000000079
:10C30000000000001A130000000000000000000000
:10C3100000261A00000000030D1C020010BFAFB77A
:10C320008B0000000000002C00001500007F67005B
:10C33000000000000B300000000001910000000030
:10C340000000390F00000000860000000000000718
:10C35000530200004E64000000000000001C625AFE
:10C360006F710000000000000000000019120000C2
:10C37000000000000000000000251900000000017E
:10C380000C19010038C6ADB6880000000000002A74
:10C39000002B2800007C6500000000000A2E000031
:10C3A0000000018E000000000000370E00000000B9
:10C3B0008300000000000006510200004C620000F3
:10C3C00000000000001A5F576D6F000000000000C1
:10C3D0000000000018120000000000000000000033
:10C3E00000251900000000000A17000046C4ADB384
:10C3F000850000000000002700772B000079630013
:10C4000000000000092D00000000018A000000006B
:10C410000000350E00000000800000000000000554
:10C420004E0100004B6000000000000000195D5547
:10C430006A6C0000000000000000000017110000FE
:10C4400000000000000000000025180000000000AF
:10C450000816000043C2ACB08200000000000024B7
:10C4600010AF2600007761000000000009310000D5
:10C4700000000087000000000000330B00000000F7
:10C480007D000000000000054C000000495E000037
:10C490000000000000185A53676900000000000007
:10C4A0000000000016100000000000000000000066
:10C4B00000251700000000000614000040C0A9ACD1
:10C4C000800000000000002128C6240000755F00E5
:10C4D00000000000084B0B0000000084000000007A
:10C4E00000003108000000007B0000000000000494
:10C4F00049000000475C0000000000000017575191
:10C50000656700000000000000000000151000003A
:10C5100000000000000000000024170000000000E0
:10C52000051200003EBFA6A97E0000000000002109
:10C5300034C7230000735D0000000000077A21006B
:10C54000000000820000000000003407000000002E
:10C55000780000000000000347000000465A000079
:10C56000000000000016554F636500000000000049
:10C5700000000000140F0000000000000000000098
:10C580000023160000000000031100003DBDA4A61A
:10C590007B0000000000002238C7220000705B0012
:10C5A000000000000BA12E00000000800000000031
:10C5B0000000450C000000007600000000000001B3
:10C5C0004400000044580000000000000015534DD6
:10C5D000606300000000000000000000140E000076
:10C5E0000000000000000000002316000000000012
:10C5F000020F00003CBBA1A47A0000000000002153
:10C6000037C42100006F5A00000000000EAF300058
:10C610000000007D000000000000540F000000003A
:10C6200074000000000000014400000043550000B9
:10C63000000000000014504B5E600000000000008D
:10C6400000000000130D00000000000000000000CA
:10C650000022150000000000000D00003BB99FA063
:10C66000770000000000001F36C22000006D580057
:10C670000000000012BD30000000007B0000000040
:10C6800000007313000000007100000000000003B0
:10C6900044000000415400000000000000134E4917
:10C6A0005B5E00000000000000000000120D0000B2
:10C6B0000000000000000000002115000000000044
:10C6C000000B00003AB69C9E760000000000001DA2
:10C6D00035BF2000006B56000000000013BD300085
:10C6E000000000790000000000069F130000000019
:10C6F0006F0000000000000B4400000040520000EA
:10C700000000000000124C47595C000000000000CF
:10C7100000000000110C00000000000000000000FC
:10C720000021140000000000000A000039B49A9CA7
:10C73000740000000000001B34BD1F00006954009D
:10C740000000000010B92F0000000076000000007B
:10C750000020BA11000000006D0000000000001F62
:10C76000420000003E5000000000000000114A4559
:10C77000585A00000000000000000000110C0000EA
:10C780000000000000000000002014000000000075
:10C790000008000038B1989A710000000000001AEB
:10C7A00032BA1F0000675300000000000DB62E00D3
:10C7B00000000075000000000031C1100000000002
:10C7C0006A000000000020363F0000003D4E0000DF
:10C7D0000000000000114843555800000000000010
:10C7E00000000000100B000000000000000000002E
:10C7F00000201300000000000007000037AF9698EB
:10C80000700000000000001831B81E0000665200E1
:10C81000000000000CB42E000000007200000000B8
:10C820000036C10F000000006900000000005843FE
:10C830003C0000003B4D000000000000001046419D
:10C840005456000000000000000000000F0B000024
:10C850000000000000000000001F130000000000A6
:10C860000006000036AD94966E0000000000001730
:10C8700031B61E0000645100000000000BB12D0015
:10C8800000000070000000000033BF0F0000000037
:10C890006700000000009046390000003A4C00009C
:10C8A00000000000000F444052550000000000004E
:10C8B000000000000F0A000000000000000000005F
:10C8C000001E1200000000000004000036AB92932E
:10C8D0006C0000000000001530B41D0000634F0024
:10C8E000000000000AAF2C000000006E00000000F5
:10C8F000002FBD0E00000000650000000000B543E1
:10C9000038000000394A000000000015000F423EC8
:10C910005053000000000000000000000E0A00005C
:10C920000000000000000000001E120000000000D7
:10C930000003000035A88F916B0000000000001379
:10C940002EB21D0000614D00000000000AAC2C005A
:10C950000000006C00000000002DBB0F0000000074
:10C96000630000000003C5413B00000037480000A1
:10C9700000000736000F403C4F510000000000004F
:10C98000000000000D090000000000000000000091
:10C99000001D1200000000000001000034A68E8F70
:10C9A0006A000000000000122DB01C0000604C0066
:10C9B0000000000009AA2B000000006A000000002F
:10C9C000002CB80D0000000062000000000FC83FFE
:10C9D000340000003747000000002C4F000D3F3BA3
:10C9E0004D4F000000000000000000000D09000095
:10C9F0000000000000000000001D11000000000009
:10CA00000000000033A48C8E6800000000000010BD
:10CA10002DAE1C00005E4B000000000009A82A009B
:10CA20000000006900000000002BB60D00000000AF
:10CA3000600000000015C73E3300000036460000CD
:10CA400000005E59000C3E3A4B4E00000000000012
:10CA5000000000000C0800000000000000000000C2
:10CA6000001C1000000000000000000033A38A8BAF
:10CA7000660000000000000F2CAC1B00005D4900A8
:10CA80000000000009A52A00000000670000000067
:10CA9000002BB30C000000005E0000000016C53D36
:10CAA000310000003444000000009159000C3C3972
:10CAB000494D000000000000000000000C080000CC
:10CAC0000000000000000000001C1000000000003A
:10CAD0000000000032A1898A650000000000000EFD
:10CAE0002BAA1B00005B49000000000008A32A00DD
:10CAF0000000006600000000002AB10C00000000E9
:10CB00005D0000000015C33C2E0000003343000010
:10CB10000000B854000A3937494C000000000000FA
:10CB2000000000000B0800000000000000000000F2
:10CB3000001B10000000000000000000329F8789E9
:10CB4000640000000000000D2AA91A00005A4800E5
:10CB50000000000008A1290000000064000000009F
:10CB6000002AB00C000000005B0000000013C23B74
:10CB70002D000000324100000014CA51000A373570
:10CB8000484B000000000005000000000A070000FC
:10CB90000000000000000000001A0F00000000006C
:10CBA00000000000319D8587620000000000000B3E
:10CBB00029A61A000059470000000000079F29001D
:10CBC00000000063000000000029AE0C000000001F
:10CBD0005A0000000012C03A2D000000324100004F
:10CBE0000038CF4E000A3835464900000000070BD8
:10CBF000000000000A070000000000000000000024
:10CC0000001A0F000000000000000000309C848526
:10CC1000610000000000000A29A519000058460024
:10CC200000000000069D28000000006100000000D8
:10CC30000029AC0B00000000590000000012BF3AB0
:10CC40002C00000031400000005ED04D0009363459
:10CC5000444700000000190C000000000A06000014
:10CC60000000000000000000001A0F00000000009B
:10CC7000000000002F9A838360000000000000087D
:10CC800028A319000057450000000000069C28005A
:10CC900000000060000000000028AA0A0000000058
:10CCA000570000000012BD382A000000303F00008D
:10CCB0000080CE4D000935334346000000002B0BA9
:10CCC0000000000009060000000000000000000055
:10CCD00000190F0000000000000000002F98818262
:10CCE0005F0000000000000827A219000056440061
:10CCF00000000000069927000000005F000000000F
:10CD00000028A80A00000000560000000012BB38EE
:10CD1000290000002F3E00000097CC4C0008343260
:10CD2000424500000000380A00000000090600002B
:10CD3000000000000000000000190E0000000000CC
:10CD4000000000002E9780815D00000000000006BA
:10CD500026A019000055430000000000059726009A
:10CD60000000005E000000000027A609000000008F
:10CD7000540000000012BA37280000002E3D0000C9
:10CD8000149DCA4B000832304044000000023B09A9
:10CD90000000000009050000000000000000000085
:10CDA00000180E0000000000000000002E957E7F9D
:10CDB0005D00000000000006269F1800005342009E
:10CDC00000000000059626000000005C0000000046
:10CDD0000027A50900000000540000000012B8362A
:10CDE000270000002D3C0000369FC94B0007322F62
:10CDF0004043000000113D0800000000080500004D
:10CE0000000000000000000000180E0000000000FC
:10CE1000000000002E957E7F5C00000000000005F1
:10CE2000269E1800005342000000000005962600D0
:10CE30000000005B000000000026A40900000000C4
:10CE4000530000000011B836260000002D3B000002
:10CE5000589FC84A0007302F3F420000001E3D087F
:10CE600000000000080500000000000000000000B5
:10CE700000180E0000000000000000002D947D7ED0
:10CE80005B00000000000004259D180000524100D6
:10CE900000000000049426000000005B0000000079
:10CEA0000026A20900000000520000000011B73562
:10CEB000250000002C3A00007CA0C74A00062F2E57
:10CEC0003E41000000293D08000000000804000069
:10CED000000000000000000000180E00000000002C
:10CEE000000000002D937C7D5B000000000000032B
:10CEF000259D180000524100000000000494260007
:10CF00000000005A000000000026A20800000000F7
:10CF1000510000000011B735240000002C3A000039
:10CF2000979FC74A00062F2D3D410000002F3D0866
:10CF300000000000070400000000000000000000E6
:10CF400000180E0000000000000000002D937C7D02
:10CF50005B00000000000002249D18000052400009
:10CF600000000000039325000000005900000000AD
:10CF70000026A10800000000510000000011B63496
:10CF8000240000002C3A000DA69EC74A00062E2D54
:10CF90003D41000000313D08000000000704000092
:10CFA000000000000000000000180E00000000005B
:10CFB000000000002D937C7D5B000000000000025B
:10CFC000249D18000051400000000000049325003B
:10CFD00000000059000000000026A1080000000029
:10CFE000510000000011B734230000002B3A002943
:10CFF000AD9DC74A00062E2D3C40000000303D0884
:10D000000000000007040000000000000000000015
:10D0100000180E0000000000000000002D937C7D31
:10D020005B00000000000001259D18000052400038
:10D0300000000000049326000000005900000000DA
:10D040000026A10800000000510000000011B734C4
:10D05000230000002B3A0049B29DC74A00062E2D3E
:10D060003C40000000303D080000000007040000C4
:10D07000000000000000000000180E00000000008A
:10D08000000000002D947D7D5B0000000000000189
:10D09000259D180000524000000000000493260067
:10D0A00000000059000000000026A2080000000057
:10D0B000510000000011B735230000002B3A006931
:10D0C000B49CC84A00062E2D3C40000000303D08AC
:10D0D0000000000007040000000000000000000045
:10D0E00000180E0000000000000000002E947D7E5D
:10D0F0005B00000000000001259E18000052410066
:10D1000000000000049426000000005A0000000007
:10D110000027A20800000000510005000012B835E9
:10D12000230000002C3A0086B49CC94B00062E2D2B
:10D130003D40000000303D080000000007040000F2
:10D14000000000000000000000190E0000000000B8
:10D15000000000002E967F7F5C00000000000002AF
:10D1600025A019000053410000000000049526008E
:10D170000000005B000000000027A4080000000081
:10D18000520013000012BA36240000002C3B009C11
:10D19000B39CCA4C00062E2D3D41000000303D08D6
:10D1A0000000000007040000000000000000000074
:10D1B00000190E0000000000000000002F98808180
:10D1C0005D0000000000000226A119000054430089
:10D1D00000000000049627000000005D0000000031
:10D1E0000028A50800000000530024000012BC36EF
:10D1F000240000002D3C00ACB29CCB4C00062F2E2E
:10D200003E42000000303E0800000000080500001B
:10D210000000000000000000001A0F0000000000E5
:10D22000000000002F9A82825F00000000000002D0
:10D2300026A31900005644000000000004982800AE
:10D240000000005E000000000029A80900000000A6
:10D25000550036000013BE37250000002E3D00B4F7
:10D26000B19DCC4D0007302F3F43000000303E09F8
:10D2700000000000080500000000000000000000A1
:10D28000001A0F000000000000000000319C84859F
:10D29000600000000000000327A61A0000574500A8
:10D2A00000000000059B29000000005F0000000056
:10D2B0000029AA0900000000560A47000013C139DE
:10D2C000260000002E3E01B8B09DCD4F0007313042
:10D2D0004144000000303E09000000000805000045
:10D2E0000000000000000000001B0F000000000014
:10D2F00000000000319F87876200000000000003EB
:10D3000028A91A000059460000000000059E2A00C6
:10D310000000006100000000002AAD0A00000000CB
:10D32000581C57000014C43A28000000304005BAC9
:10D33000B09DCD50000732314246000000303E091A
:10D3400000000000090600000000000000000000CE
:10D35000001C1000000000000000000033A2898AB9
:10D36000640000000000000429AC1B00005A4800C3
:10D370000000000006A12A00000000640000000078
:10D38000002BB00A000000005A3064000014C73BB4
:10D3900029000000314107BAB09DCE510008343356
:10D3A0004448000000303E0900000000090600006B
:10D3B0000000000000000000001D1100000000003F
:10D3C0000000000034A58C8D6700000000000005FF
:10D3D0002BAF1C00005C49000000000006A42B00DD
:10D3E0000000006600000000002CB40B00000000EC
:10D3F0005D466E000014CA3C2B000000324307BAA1
:10D40000B09DCE5200093634464A000000303E0935
:10D41000000000000A0700000000000000000000FB
:10D42000001E1200000000000000000035A98F90CF
:10D430006A000000000000062CB41D00005F4B00D5
:10D440000000000007A82C00000000690000000098
:10D45000002DB80C000000005F5B76000014CD3E8C
:10D460002C000000344406B9B09DCE520009373676
:10D47000484C000000303E09000000000B0700008F
:10D480000000000000000000001F1200000000006B
:10D490000000000037AD93946C000000000000080D
:10D4A0002EB81E0000624E000000000007AC2E00E7
:10D4B0000000006C00000000002EBC0D0000000009
:10D4C000636E7B000013CD402F000000364705B986
:10D4D000B09DCE52000A3A384B4E000000303E0953
:10D4E000000000000C080000000000000000000028
:10D4F00000201300000000000000000039B29799DE
:10D50000700000000000000930BD1F0000655100E0
:10D510000000000008B12F000000007006000000AD
:10D52000002FC00E00000000657E7E000013CE417B
:10D5300031000000384A03B8B19DCE52000B3C3B8D
:10D540004D51000000303E09000000000D090000B0
:10D550000000000000000000002114000000000096
:10D56000000000003BB79C9D730000000000000B12
:10D5700032C22000006954000000000009B63100EA
:10D580000000007414000000002FC20E0000000014
:10D59000698A80000013CE41330000003B4D01B882
:10D5A000B19DCE52000C3F3D5055000000303E0969
:10D5B000000000000E0A0000000000000000000053
:10D5C0000023160000000000000000003DBCA2A2E5
:10D5D000780000000000000C33C82100006C5700E8
:10D5E000000000000AB932000000007825000000A9
:10D5F000002FC40F000000006D9381000013CE4285
:10D60000360000003D5000B8B19DCE52000D4240A2
:10D610005458000000303E09000000000F0B0000CD
:10D6200000000000000000000024170000000000BF
:10D63000000000003FC0A7A87C0000000000000E12
:10D6400035CD230000705B00000000000ABB3300F2
:10D650000000007E39000000002FC50F0000000010
:10D66000729881000013CE4338000000415400B886
:10D67000B09DCE52000F4643575C000000303E097B
:10D6800000000000100C000000000000000000007E
:10D6900000251800000000000000000041C4ABAFEE
:10D6A000810000000000001036D0240000755F00EB
:10D6B000000000000BBD3300000000824D000000A0
:10D6C000002FC61000000000779A81000013CE439F
:10D6D0003C000000445800B8B19DCE5200104947AC
:10D6E0005C60000000303E0900000000110D0000E9
:10D6F000000000000000000000251A0000000000EB
:10D700000000000042C6ADB6870000000000001215
:10D7100036D12400007A6300000001000CBE330003
:10D720000000008862000001002FC8110000000006
:10D730007D9B81000013CE443F000000475C00B891
:10D74000B19DCE5200124E4B6065000000303E0984
:10D7500000000000130E00000000000000000000A8
:10D7600000261A00000000000000000042C8AEB908
:10D770008D0000000000001437D12400007F6800F5
:10D78000000004000CBF33000000018F750000048E
:10D79000002FC91200000000839A81000013CE46BA
:10D7A000430000004A6000B8B19DCE520014524FB1
:10D7B000656A000000303E0900000000140F000000
:10D7C000000000000000000000261C000000000017
:10D7D0000000000042C8AFBC93000000000000162B
:10D7E00037D1240000856D00000007000CC0330015
:10D7F0000000019687010007002FCB1200000000F7
:10D80000899981000013CE46470000004E6500B89C
:10D81000B19DCE52001557536B6F000000303E098A
:10D8200000000000161100000000000000000000D1
:10D8300000261C00000000000000000042C8AFBD30
:10D84000990000000000001838D12400008B7200FD
:10D8500000010C000DC132000000029D9702000B78
:10D86000002FCC1300000000919881000013CE47D8
:10D870004B000000526A00B8B19DCE5200175C58B0
:10D880007075000000303E09000000001812000012
:10D89000000000000000000000261C000000000046
:10D8A0000002000042C8AFBE9E0000000000001B46
:10D8B00038D1240000917700000410000EC333001B
:10D8C000000003A5A4020010002FCE1400000000E9
:10D8D000989680000013CE4850000000577000B8A2
:10D8E000B19DCE52001A625D777C000000303E0987
:10D8F000000000001A1400000000000000000000FA
:10D9000000261C00000000000004000042C8AFBE5A
:10D91000A00000000000001E39D1240000957D0207
:10D92000000815000FC53300000003AEAF03031558
:10D93000002FD11600000000A19580000013CE49F1
:10D94000550200005C7700B8B19DCE52001C69639F
:10D950007E83000000303E09000000001D1600001C
:10D96000000000000000000000261C000000000075
:10D970000007000042C8AFBEA10000000000002167
:10D980003AD124000098820C000B1B000FC7330013
:10D99000000004B7B803061A002ED31700000000D9
:10D9A000AA9481000013CE4B5B030000617D00B898
:10D9B000B19DCE52001F6F69858A000000303E097C
:10D9C000000000001F180000000000000000000020
:10D9D00000261C00000000000009000042C8AFBE85
:10D9E000A0000000000000243BD12400009983180F
:10D9F000000E210010C83300000005BEBF040A203D
:10DA0000002ED51700000000B49381000013CE4C07
:10DA100060040000678500B8B19DCF520021767088
:10DA20008D92000000303E0900000000221B000023
:10DA3000000000000000000000261C0000000000A4
:10DA4000000C000042C8AFBEA0000000000000298A
:10DA50003CD12400009983250012270011CB33000C
:10DA6000010005C1C4040D26002ED81900010000D4
:10DA7000BC9281000012CE4E670500006E8D00B88A
:10DA8000B19DCE5200257E78969B000000303E0965
:10DA900000000000251D0000000000000000000044
:10DAA00000261C0000000000000F000042C8AFBEAE
:10DAB000A00000000000002D3DD124000099833219
:10DAC00000162C0012CD3300040005C1C704112C30
:10DAD000002FDB1A00040000C09281000012CE4F1C
:10DAE0006E060000749500B8B19DCE520028877F65
:10DAF0009FA4010000303E09000000002820000023
:10DB0000000000000000000000261C0000000000D3
:10DB10000012000042C8AEBEA000000000000032AB
:10DB20003ED12400009983400019320013D0330005
:10DB3000080005C1C8041432002FDF1C00080000D3
:10DB4000C19280000012CE5176080000789900B88A
:10DB5000B19DCE52002C9188AAAD020000303E0942
:10DB6000000000002B230000000000000000000067
:10DB700000261C00000000000016020042C8AEBED5
:10DB8000A0000000000000363FD124000099834E21
:10DB9000001C370014D233000C0004C1C90418372C
:10DBA000002EE21D000C0000C19280000012CE5336
:10DBB0007E0900007A9A00B8B19DCE5200309A9149
:10DBC000B0B3020000303E09000000002F25000025
:10DBD000000000000000000000261C000000000003
:10DBE000011B040042C8AEBEA10000000000003CC2
:10DBF00041D124000099835C001F3B0016D63300FE
:10DC0000120005C1CA041A3B002EE62000120000D3
:10DC1000C19280000012CE56880B00007B9A00B89B
:10DC2000B19DCE520034A69BB3B5020000303E0930
:10DC30000000000133270000000000000000000089
:10DC400000261C0000000000041F050042C8AEBEF4
:10DC5000A10000000000004242D123000099846727
:10DC60000021400018D93300180004C1C9041D4028
:10DC7000002EEA2200180000C19281000012CE5846
:10DC8000910D00007B9A00B8B19DCE520039B2A12F
:10DC9000B5B6020000303E09000000033428000041
:10DCA000000000000000000000261C000000000032
:10DCB0000725080042C8AEBEA10000000000004ACF
:10DCC00044D2230000998473002343001ADD3300FB
:10DCD000200104C1C9031F43002EEE2400200300CD
:10DCE000C19281000011CE5A9C0F00007B9A00B8AF
:10DCF000B19DCE52003EBEA2B6B6020000303E0933
:10DD000000000004352800000000000000000000B2
:10DD100000261C00000000000B2A0A0042C8AEBE0C
:10DD2000A10000000000005046D123000099837D2F
:10DD3000002546001CE13300270504C1C803224624
:10DD4000002EF12600270700C19281000011CE5C51
:10DD5000A81000007B9A00B8B19DCE520044C7A322
:10DD6000B6B6020000303E0900000005352800006C
:10DD7000000000000000000000261C000000000061
:10DD80000F300D0042C8AEBEA100000000000059D7
:10DD900049D2230000998387002749001EE73300FA
:10DDA000310A04C1C7032349002EF52900310B00B5
:10DDB000C19280000011CF5FB51200007B9A00B8BD
:10DDC000B19DCE52004ACBA3B5B6020000303E0949
:10DDD00000000005352800000000000000000000E1
:10DDE00000261C00000000001438100042C8AEBE1F
:10DDF000A1000000000002624AD223000099838F34
:10DE000000284A0020EC33003B0F03C1C603244A1C
:10DE1000002EF82C003B1000C19180000011CF6251
:10DE2000C11300007B9A00B8B19DCE52004ECDA226
:10DE3000B6B6020000303E0900000005352800009B
:10DE4000000000000000000000261C000000000090
:10DE50001940140042C8AEBEA10000000000046DCD
:10DE60004DD222000099839500294A0024F2330004
:10DE7000451403C1C603264A002FFB2F0046160097
:10DE8000C19181000011CF65CA1300007B9A00B8D0
:10DE9000B19DCE520050CDA2B6B6020000303E0970
:10DEA0000000000535280000000000000000000010
:10DEB00000261C00000000001E48170042C8AEBE2D
:10DEC000A0000000000006774FD222000099839B3B
:10DED000002A4B0026F53300501903C1C502274B19
:10DEE000002FFD3200501B00C19281000011D0664E
:10DEF000CF1300007A9A00B8B19DCE520050CDA247
:10DF0000B5B5020000303E090000000535280000CC
:10DF1000000000000000000000261C0000000003BC
:10DF200025521B0042C8AEBEA000000000000984BC
:10DF300052D22200009983A2002B4B002AF9330011
:10DF40005A1E02C1C402284B002FFF33005A200082
:10DF5000C19281000011D066D01300007B9A00B8F6
:10DF6000B19DCE520050CDA2B5B6020000303E09A0
:10DF7000000000053528000000000000000000003F
:10DF800000261C00000000072D5E200042C8AEBD28
:10DF9000A000000000000D9255D32200009883A736
:10DFA000002B4B002EFC3400642301C1C402294B1A
:10DFB000002FFF3300642500C19281000011D0665C
:10DFC000D01300007B9A00B8B19DCE520050CEA273
:10DFD000B5B6020000303E090000000535280000FB
:10DFE000000000020000000000261C000000000CE1
:10DFF000356A250042C8ADBDA0000200000010A097
:10E0000058D32200009883AB002C4B0031FF340022
:10E010006D2801C1C3022A4B002FFF33006D2A0077
:10E02000C19281000011D067D01300007B9A00B824
:10E03000B19DCE520050CEA2B5B6020000303E09CE
:10E04000000000053528000000000004000000006A
:10E0500000261C00000000123F772A0042C8ADBD18
:10E06000A0000600000014B05AD32100009883AE2F
:10E07000012C4B0035FF3400752C01C1C3022A4B23
:10E08000002FFF3300752D00C19181000011D06772
:10E09000D01300007B9A00B8B19DCE520050CEA1A3
:10E0A000B5B6020000303E0900000005352800002A
:10E0B000000000080000000000261C0000000019FD
:10E0C0004A87300042C8ADBEA0000A00000018BE5A
:10E0D0005CD32100009883B2012D4B0037FF330041
:10E0E0007C2F01C1C2022B4B002FFF32007C31007C
:10E0F000C19180000011D067D01200007B9A00B857
:10E10000B19DCE520050CEA2B5B6020000303E09FD
:10E1100000000005352800000000000B0000000092
:10E1200000261C00000000215798360042C8ADBEF2
:10E13000A1000E0000001DCA5DD32100009883B429
:10E14000022D4B0037FF3300833201C1C2012B4B3C
:10E15000002FFF3200823400C19280000011D0668F
:10E16000D01200007A9A00B8B19DCE520050CDA2D4
:10E17000B5B6020000303E09000000053528000059
:10E180000000000E0000000000261C000000002A15
:10E1900065A93B0042C8ADBEA1001100000021CF1F
:10E1A0005CD32100009883B6022D4B0037FF33006B
:10E1B000883500C2C2012B4B002FFF320088370088
:10E1C000C19280000011D067CF1200007B9A00B886
:10E1D000B19DCE520050CEA2B5B6020000303E092D
:10E1E00000000005352800000000001200000000BB
:10E1F00000271C000000023474B83E0042C8ADBEC7
:10E20000A1001500000024D25CD32100009983B83E
:10E21000032C4B0037FF33008D3700C2C2012B4B5C
:10E22000002FFF32008D3900C19280000011D066AE
:10E23000CF1200007B9A00B8B19DCE520050CEA103
:10E24000B5B6020000303E09000000053528000088
:10E25000000003170000000000271C000000074218
:10E2600087C13F0042C8ADBEA1001803000025D3FE
:10E270005CD32100009983B9032C4B0037FF330096
:10E28000913A00C1C2012C4B002FFF3200903B009D
:10E29000C19280000011D067D01200007B9A00B8B4
:10E2A000B19DCE520050CEA1B5B6020000303E095D
:10E2B00000000005352800000000061B00000000DB
:10E2C00000271C0000000E5098C63E0042C8ADBE9C
:10E2D000A1001B09000025D35CD32100009883B95D
:10E2E000032C4B0037FF3300923B00C1C2012C4B83
:10E2F000002FFF3200923C00C19280000011D066D6
:10E30000D01200007B9A00B8B19DCE520050CEA131
:10E31000B5B6020000303E090000000535280000B7
:10E3200000000A200000000000271C00000015610A
:10E33000A8C73E0042C8ADBDA0001E0F000026D4F5
:10E340005CD32100009883B8032D4B0037FF3300C6
:10E35000943D00C1C2012C4C002FFF3200943F00BD
:10E36000C19280000011D066D01200007B9A00B8E4
:10E37000B19DCE520050CEA1B5B6020000303E098C
:10E38000000000053528000000000E2200000000FB
:10E3900000271C0000001E74B0C83E0042C8ADBD7E
:10E3A000A0002016000025D35CD32100009883B77D
:10E3B000022D4B0037FF3300963E00C1C2012C4CAA
:10E3C000002FFF3200964000C19281000011D066FC
:10E3D000D01200007A9A00B8B19DCE520050CEA162
:10E3E000B5B6020000303E090000000535280000E7
:10E3F000000012230000000000271C0000002987F5
:10E40000B1C83E0042C8ADBDA000231F000026D405
:10E410005CD32100009883B5012C4B0037FF3300FB
:10E42000973F00C2C2012C4C002FFF3200974100E1
:10E43000C19281000011D066D01200007B9A00B812
:10E44000B19DCE520050CEA1B5B6020000303E09BB
:10E450000000000535280000000015230000000022
:10E4600000271C000000359AB1C83E0042C8ADBD6F
:10E47000A0002828000026D45CD32100009883B394
:10E48000002C4B0037FF3300984000C2C2012C4CD7
:10E49000002FFF3200984200C19281000011D06726
:10E4A000D01200007B9A00B8B19DCE520050CEA190
:10E4B000B5B6020000303E09000000053528000016
:10E4C000000018230000000000271C00000043AAE1
:10E4D000B1C83E0042C8ADBEA1002F33000025D315
:10E4E0005CD32100009883B1002C4B0037FF320031
:10E4F000994100C1C2012C4C002FFF32009843000B
:10E50000C19281000011D067D01100007B9A00B841
:10E51000B19DCE520050CEA1B5B6020000303E09EA
:10E52000000000053528000000001923000000004D
:10E5300000271C00000051B6B1C83E0042C8ADBE65
:10E54000A100353D000025D35CD32100009883AFA6
:10E55000002C4B0037FF3200994200C1C2012C4C05
:10E56000002FFF3200994300C19281000011D06753
:10E57000D01200007B9A00B8B19DCE520050CEA1BF
:10E58000B5B6020000303E09000000053528000045
:10E5900000001A240000000000271C00000060BBDF
:10E5A000B1C83E0042C8ADBEA1003C49000026D41F
:10E5B0005CD32100009883AF002C4B0037FF320062
:10E5C000994200C1C2012C4C002EFF320099440038
:10E5D000C19281000011D067D01200007B9A00B870
:10E5E000B19DCE520050CEA1B5B6020000303E091A
:10E5F000000000053528000000001A24000000007B
:10E6000000261C0000006EBDB1C83E0042C8ADBE71
:10E61000A1004254000026D45CD32100009883AFAF
:10E62000002C4B0037FF3200994200C1C2012C4C34
:10E63000002EFF3200994400C19281000011D06782
:10E64000D01200007B9A00B8B19DCE520050CEA1EE
:10E65000B5B6020000303E09000000053528000074
:10E6600000001A240000000000271C0000007ABEF1
:10E67000B0C83E0042C8ADBEA0004A61000026D32B
:10E680005CD32100009883B1002C4B0037FF32008F
:10E69000994300C1C2012C4C002EFF320099440066
:10E6A000C19281000011D067D01200007B9A00B89F
:10E6B000B19DCE520050CEA1B5B6020000303E0949
:10E6C000000000053528000000001A2400000000AA
:10E6D00000261C00000084BFB0C83E0042C8ADBE8A
:10E6E000A000526C000025D35CD32100009883B1B8
:10E6F000002B4B0037FF32009A4300C2C1012C4C63
:10E70000002EFF32009A4500C19281000011D067AF
:10E71000D01100007B9A00B8B19DCE520050CEA11E
:10E72000B5B6020000303E090000000635280000A2
:10E7300000001A240000000000271C0000008CBF0D
:10E74000B0C73E0042C8ADBDA0005A76000026D436
:10E750005CD32100009883B3002B4B0037FF3200BD
:10E760009A4300C1C1002C4C002EFF32009A450094
:10E77000C19281000011D067D01200007B9A00B8CE
:10E78000B19DCE520050CEA1B5B6020000303E0978
:10E79000000000053528000000001A2400000000D9
:10E7A00000271C00000092BFB0C83E0042C8ADBDAB
:10E7B000A000617F000026D45CD32100009883B5BF
:10E7C000002B4B0037FF32009A4300C1C1002C4C94
:10E7D000002EFF32009A4500C19281000011D067DF
:10E7E000D01200007B9A00B8B19DCE520050CEA14D
:10E7F000B5B6020000303E090000000535280000D3
:10E8000000001A240000000000271C00000096BF32
:10E81000B0C83E0042C8ADBDA1006787000026D445
:10E820005CD32100009883B7012B4B0037FF3200E7
:10E830009A4300C1C1002C4C002EFF32009A4500C3
:10E84000C19281000011D067D01200007B9A00B8FD
:10E85000B19DCE520050CEA1B5B6020000303E09A7
:10E86000000000053528000000001A240000000008
:10E8700000271C00000099BFB0C83E0042C8ADBDD3
:10E88000A1006D8C000026D35CD32100009983B8D1
:10E89000012B4B0037FF32009A4300C1C1002C4CC2
:10E8A000002EFF32009A4500C19281000011D0670E
:10E8B000D01200007B9A00B8B19DCE520050CEA17C
:10E8C000B5B6020000303E09000000053528000002
:10E8D00000001A240000000000271C0000009ABF5E
:10E8E000B0C83E0042C8ADBDA1007090000025D365
:10E8F0005CD32100009983BA012B4B0037FF320013
:10E900009A4300C1C1002C4C002EFF32009A4500F2
:10E91000C19281000011D067D01200007B9A00B82C
:10E92000B19DCE520050CEA1B5B6020000303E09D6
:10E93000000000053528000000001A240000000037
:10E9400000271C0000009BBFB0C83E0042C8ADBEFF
:10E95000A1007393000025D35CD32100009883BBF2
:10E96000022B4B0037FF32009A4300C1C1002C4CF0
:10E97000002EFF32009A4500C19281000011D0673D
:10E98000D01100007B9A00B8B19DCE520050CEA1AC
:10E99000B5B6020000303E09000000053528000031
:10E9A00000001A240000000000271C0000009BBF8C
:10E9B000B0C83E0042C8ADBEA1007494000026D489
:10E9C0005CD32100009883BB022B4B0037FF320041
:10E9D0009A4300C1C1002C4C002EFF32009A450022
:10E9E000C19281000011D067D01100007B9A00B85D
:10E9F000B19DCE520050CEA1B5B6020000303E0906
:10EA0000000000053528000000001A240000000066
:10EA100000261C0000009BBFB0C73E0042C8ADBE30
:10EA2000A1007594000026D45CD32100009883BB1C
:10EA3000022B4B0037FF32009A4300C1C1002C4C1F
:10EA4000002EFF32009A4500C19281000011D0676C
:10EA5000D01100007B9A00B8B19DCE520050CDA1DC
:10EA6000B5B6020000303E09000000053528000060
:10EA700000001A240000000000261C0000009BBFBC
:10EA8000B0C73E0042C8ADBEA1007594000026D4B8
:10EA90005CD32100009883BB022B4B0037FF320070
:10EAA0009A4300C1C1002C4C002EFF32009A450051
:10EAB000C19281000011D067D01100007B9A00B88C
:10EAC000B19DCE520050CDA1B5B6020000303E0936
:10EAD000000000053528000000001A240000000096
:10EAE00000261C0000009BBFB0C73E0042C8ADBE60
:10EAF000A1007594000026D45CD32100009883BB4C
:10EB0000022B4B0037FF32009A4300C1C1002C4C4E
:10EB1000002EFF32009A4500C19281000011D0679B
:10EB2000D01100007B9A00B8B19DCE520050CDA10B
:10EB3000B5B6020000303E0900000005352800008F
:10EB400000001A240000000000261C0000009BBFEB
:10EB5000B0C73E0042C8ADBEA1007494000026D4E8
:10EB60005CD32100009883BB022B4B0037FF32009F
:10EB70009A4300C1C1002C4C002EFF32009A450080
:10EB8000C19281000011D067D01100007B9A00B8BB
:10EB9000B19DCE520050CDA1B5B6020000303E0965
:10EBA000000000053528000000001A2400000000C5
:10EBB00000261C0000009BBFB0C73E0042C8ADBE8F
:10EBC000A1007494000026D45CD32100009883BB7C
:10EBD000022B4B0037FF32009A4300C1C1002C4C7E
:10EBE000002EFF32009A4500C19281000011D067CB
:10EBF000D01100007B9A00B8B19DCE520050CDA13B
:10EC0000B5B6020000303E090000000535280000BE
:10EC100000001A240000000000261C0000009BBF1A
:10EC2000B0C73E0042C8ADBEA1007493000026D418
:10EC30005CD32100009883BB022B4B0037FF3200CE
:10EC40009A4300C1C1002C4C002EFF32009A4500AF
:10EC5000C19281000011D067D01100007B9A00B8EA
:10EC6000B19DCE520050CDA1B5B6020000303E0994
:10EC7000000000053528000000001A2400000000F4
:10EC800000261C0000009ABFB0C73E0042C8ADBEBF
:10EC9000A1007392000026D45CD32100009883BBAE
:10ECA000022B4B0037FF32009A4300C1C1002C4CAD
:10ECB000002EFF32009A4500C19281000011D067FA
:10ECC000D01100007B9A00B8B19DCE520050CDA16A
:10ECD000B5B6020000303E090000000535280000EE
:10ECE00000001A240000000000261C0000009ABF4B
:10ECF000B0C73E0042C8ADBEA1007292000026D44B
:10ED00005CD32100009883BB022B4B0037FF3200FD
:10ED10009A4300C1C1002C4C002EFF32009A4500DE
:10ED2000C19281000011D067D01100007B9A00B819
:10ED3000B19DCE520050CDA1B5B6020000303E09C3
:10ED4000000000053528000000001A240000000023
:10ED500000261C0000009ABFB0C73E0042C8ADBEEE
:10ED6000A1007291000026D45CD32100009883BAE0
:10ED7000022B4B0037FF32009A4300C1C1002C4CDC
:10ED8000002EFF32009A4500C19281000011D06729
:10ED9000D01100007B9A00B8B19DCE520050CDA199
:10EDA000B5B6020000303E0900000005352800001D
:10EDB00000001A240000000000261C0000009ABF7A
:10EDC000B0C73E0042C8ADBEA1007190000026D47D
:10EDD0005CD32100009883BA022B4B0037FF32002E
:10EDE0009A4300C1C1002C4C002EFF32009A45000E
:10EDF000C19281000011D067D01100007B9A00B849
:10EE0000B19DCE520050CDA1B5B6020000303E09F2
:10EE1000000000053528000000001A240000000052
:10EE200000261C0000009ABFB0C73E0042C8ADBE1D
:10EE3000A100708F000026D45CD32100009883BA13
:10EE4000022B4B0037FF32009A4300C1C1002C4C0B
:10EE5000002EFF32009A4500C19281000011D06758
:10EE6000D01100007B9A00B8B19DCE520050CDA1C8
:10EE7000B5B6020000303E0900000005352800004C
:10EE800000001A240000000000261C00000099BFAA
:10EE9000B0C73E0042C8ADBEA1006F8E000026D4B0
:10EEA0005CD32100009883BA012B4B0037FF32005E
:10EEB0009A4300C1C1002C4C002EFF32009A45003D
:10EEC000C19281000011D067D01100007B9A00B878
:10EED000B19DCE520050CDA1B5B6020000303E0922
:10EEE000000000053528000000001A240000000082
:10EEF00000261C00000099BFB0C73E0042C8ADBE4E
:10EF0000A1006E8D000026D45CD32100009883B947
:10EF1000012B4B0037FF32009A4300C1C1002C4C3B
:10EF2000002EFF32009A4500C19281000011D06787
:10EF3000D01100007B9A00B8B19DCE520050CDA1F7
:10EF4000B5B6020000303E0900000005352800007B
:10EF500000001A240000000000261C00000098BFDA
:10EF6000B0C73E0042C8ADBEA1006D8C000026D4E3
:10EF70005CD32100009883B9012B4B0037FF32008E
:10EF80009A4300C1C1002C4C002EFF32009A45006C
:10EF9000C19281000011D067D01100007B9A00B8A7
:10EFA000B19DCE520050CDA1B5B6020000303E0951
:10EFB000000000053528000000001A2400000000B1
:10EFC00000261C00000097BFB0C73E0042C8ADBE7F
:10EFD000A1006B8A000026D45CD32100009883B87E
:10EFE000012B4B0037FF32009A4300C1C1002C4C6B
:10EFF000002EFF32009A4500C19281000011D067B7
:10F00000D01100007B9A00B8B19DCE520050CDA126
:10F01000B5B6020000303E090000000535280000AA
:10F0200000001A240000000000261C00000096BF0B
:10F03000B0C73E0042C8ADBEA1006A89000026D418
:10F040005CD32100009883B8012B4B0037FF3200BE
:10F050009A4300C1C1002C4C002EFF32009A45009B
:10F06000C19281000011D067D01100007B9A00B8D6
:10F07000B19DCE520050CDA1B5B6020000303E0980
:10F08000000000053528000000001A2400000000E0
:10F0900000261C00000095BFB0C73E0042C8ADBEB0
:10F0A000A1006987000026D45CD32100009883B8B2
:10F0B000012B4B0037FF32009A4300C1C1002C4C9A
:10F0C000002EFF32009A4500C19281000011D067E6
:10F0D000D01100007B9A00B8B19DCE520050CDA156
:10F0E000B5B6020000303E090000000535280000DA
:10F0F00000001A240000000000261C00000094BF3D
:10F10000B0C73E0042C8ADBEA1006785000026D44E
:10F110005CD32100009883B7012B4B0037FF3200EE
:10F120009A4300C1C1002C4C002EFF32009A4500CA
:10F13000C19281000011D067D01100007B9A00B805
:10F14000B19DCE520050CDA1B5B6020000303E09AF
:10F15000000000053528000000001A24000000000F
:10F1600000261C00000093BFB0C73E0042C8ADBEE1
:10F17000A1006684000026D45CD32100009883B7E8
:10F18000012B4B0037FF32009A4300C1C1002C4CC9
:10F19000002EFF32009A4500C19281000011D06715
:10F1A000D01100007B9A00B8B19DCE520050CDA185
:10F1B000B5B6020000303E09000000053528000009
:10F1C00000001A240000000000261C00000092BF6E
:10F1D000B0C73E0042C8ADBEA1006481000026D485
:10F1E0005CD32100009883B7012B4B0037FF32001E
:10F1F0009A4300C1C1002C4C002EFF32009A4500FA
:10F20000C19281000011D067D01100007B9A00B834
:10F21000B19DCE520050CDA1B5B6020000303E09DE
:10F22000000000053528000000001A24000000003E
:10F2300000261C00000090BFB0C73E0042C8ADBE13
:10F24000A100637F000026D45CD32100009883B620
:10F25000012B4B0037FF32009A4300C1C1002C4CF8
:10F26000002EFF32009A4500C19281000011D06744
:10F27000D01100007B9A00B8B19DCE520050CDA1B4
:10F28000B5B6020000303E09000000053528000038
:10F2900000001A240000000000261C0000008EBFA1
:10F2A000B0C73E0042C8ADBEA100617C000026D4BC
:10F2B0005CD32100009883B6012B4B0037FF32004E
:10F2C0009A4300C1C1002C4C002EFF32009A450029
:10F2D000C19281000011D067D01100007B9A00B864
:10F2E000B19DCE520050CDA1B5B6020000303E090E
:10F2F000000000053528000000001A24000000006E
:10F3000000261C0000008CBFB0C73E0042C8ADBE46
:10F31000A100607A000026D45CD32100009883B558
:10F32000012B4B0037FF32009A4300C1C1002C4C27
:10F33000002EFF32009A4500C19281000011D06773
:10F34000D01100007B9A00B8B19DCE520050CDA1E3
:10F35000B5B6020000303E09000000053528000067
:10F3600000001A240000000000261C0000008ABFD4
:10F37000B0C73E0042C8ADBEA1005E77000026D4F3
:10F380005CD32100009883B5012B4B0037FF32007E
:10F390009A4300C1C1002C4C002EFF32009A450058
:10F3A000C19281000011D067D01100007B9A00B893
:10F3B000B19DCE520050CDA1B5B6020000303E093D
:10F3C000000000053528000000001A24000000009D
:10F3D00000261C00000087BEB0C73E0042C8ADBE7C
:10F3E000A1005C74000026D45CD32100009883B493
:10F3F000012B4B0037FF32009A4300C1C1002C4C57
:10F40000002EFF32009A4500C19281000011D067A2
:10F41000D01100007B9A00B8B19DCE520050CDA112
:10F42000B5B6020000303E09000000053528000096
:10F4300000001A240000000000261C00000084BE0A
:10F44000B0C73E0042C8ADBEA1005A72000026D42B
:10F450005CD32100009883B4012B4B0037FF3200AE
:10F460009A4300C1C1002C4C002EFF32009A450087
:10F47000C19281000011D067D01100007B9A00B8C2
:10F48000B19DCE520050CDA1B5B6020000303E096C
:10F49000000000053528000000001A2400000000CC
:10F4A00000261C00000081BEB0C73E0042C8ADBEB1
:10F4B000A1005A6F000026D45CD32100009883B4C9
:10F4C000012B4B0037FF32009A4300C1C1002C4C86
:10F4D000002EFF32009A4500C19281000011D067D2
:10F4E000D01100007B9A00B8B19DCE520050CDA142
:10F4F000B5B6020000303E090000000535280000C6
:10F5000000001A240000000000261C0000007EBE3F
:10F51000B0C73E0042C8ADBEA100586C000026D462
:10F520005CD32100009883B4012B4B0037FF3200DD
:10F530009A4300C1C1002C4C002EFF32009A4500B6
:10F54000C19281000011D067D01100007B9A00B8F1
:10F55000B19DCE520050CDA1B5B6020000303E099B
:10F56000000000053528000000001A2400000000FB
:10F5700000261C0000007BBDB0C73E0042C8ADBEE7
:10F58000A1005669000026D35CD32100009883B304
:10F59000012B4B0037FF32009A4400C1C1002C4CB4
:10F5A000002EFF32009A4500C19281000011D06701
:10F5B000D01100007B9A00B8B19DCE520050CEA170
:10F5C000B5B6010000303E090000000535280000F6
:10F5D00000001A240000000000261C00000077BD77
:10F5E000B0C73E0042C8ADBEA1005566000026D49B
:10F5F0005CD32100009883B3012B4B0037FF32000E
:10F600009A4400C1C1002C4C002EFF32009A4500E4
:10F61000C19281000011D067D01100007B9A00B820
:10F62000B19DCE520050CEA1B5B6010000303E09CA
:10F63000000000053528000000001A24000000002A
:10F6400000261C00000073BCB0C83E0042C8ADBE1E
:10F65000A1005363000026D45CD32100009883B33B
:10F66000012B4B0037FF32009A4400C1C1002C4CE3
:10F67000002EFF32009A4500C19281000011D06730
:10F68000D01100007B9A00B8B19DCE520050CEA19F
:10F69000B5B6010000303E09000000053528000025
:10F6A00000001A240000000000261C0000006FBCAF
:10F6B000B0C83E0042C8ADBEA1005260000026D4D2
:10F6C0005CD32100009883B3012B4B0037FF32003D
:10F6D0009A4400C1C1002C4C002EFF32009A450014
:10F6E000C19281000011D067D01100007B9A00B850
:10F6F000B19DCE520050CEA1B5B6010000303E09FA
:10F70000000000053528000000001A240000000059
:10F7100000261C0000006BBBB0C83E0042C8ADBE56
:10F72000A100515D000026D45CD32100009883B273
:10F73000012C4B0037FF32009A4400C1C1002C4C11
:10F74000002EFF32009A4500C19281000011D0675F
:10F75000D01100007B9A00B8B19DCE520050CEA1CE
:10F76000B5B6010000303E09000000053528000054
:10F77000000019240000000000261C00000066BAEA
:10F78000B1C83E0042C8ADBEA1004F5A000026D409
:10F790005CD32100009883B2012B4B0037FF32006D
:10F7A0009A4400C1C1012C4C002EFF32009A450042
:10F7B000C19281000011D067D01100007B9A00B87F
:10F7C000B19DCE520050CEA1B5B6010000303E0929
:10F7D000000000053528000000001924000000008A
:10F7E00000261C00000062B8B1C83E0042C8ADBE91
:10F7F000A1004E58000026D45CD32100009883B2AB
:10F80000022B4B0037FF32009A4400C1C1012C4C3F
:10F81000002EFF32009A4500C19281000011D0678E
:10F82000D01100007B9A00B8B19DCE520050CEA1FD
:10F83000B5B6010000303E09000000053528000083
:10F84000000019240000000000261C0000005EB625
:10F85000B1C83E0042C8ADBEA1004D55000026D43F
:10F860005CD32100009883B2022C4B0037FF32009A
:10F870009A4400C1C1012C4C002EFF32009A450071
:10F88000C19281000011D067D01100007B9A00B8AE
:10F89000B19DCE520050CEA1B5B6010000303E0958
:10F8A00000000005352800000000182300000000BB
:10F8B00000261C00000059B1B1C83E0042C8ADBED0
:10F8C000A1004C52000026D45CD32100009883B1E3
:10F8D000022C4B0037FF32009A4400C1C1012C4C6E
:10F8E000002EFF32009A4500C19281000011D067BE
:10F8F000D01100007B9A00B8B19DCE520050CEA12D
:10F90000B5B6010000303E090000000535280000B2
:10F91000000018230000000000261C00000055AD68
:10F92000B1C83E0042C8ADBEA1004B50000026D475
:10F930005CD32100009883B1022C4B0037FF3200CA
:10F940009A4400C1C1012C4C002EFF32009A4500A0
:10F95000C19281000011D067D01100007B9A00B8DD
:10F96000B19DCE520050CEA1B5B6010000303E0987
:10F9700000000005352800000000172300000000EB
:10F9800000261C00000051A7B1C83E0042C8ADBE11
:10F99000A1004A4E000026D45CD32100009883B118
:10F9A000022C4B0037FF32009A4400C1C1012C4C9D
:10F9B000002EFF32009A4500C19281000011D067ED
:10F9C000D01100007B9A00B8B19DCE520050CEA15C
:10F9D000B5B6010000303E090000000535280000E2
:10F9E000000016230000000000261C0000004DA2AD
:10F9F000B1C83E0042C8ADBEA100494B000026D4AC
:10FA00005CD32100009883B1022C4B0037FF3200F9
:10FA10009A4400C1C1012C4C002EFF32009A4500CF
:10FA2000C19281000011D067D01100007B9A00B80C
:10FA3000B19DCE520050CEA1B5B6010000303E09B6
:10FA4000000000053528000000001423000000001D
:10FA500000261C000000499CB0C83E0042C8ADBE54
:10FA6000A1004849000026D45CD32100009883B14E
:10FA7000022C4B0037FF32009A4400C1C1012C4CCC
:10FA8000002EFF32009A4500C19281000011D0671C
:10FA9000D01100007B9A00B8B19DCE520050CEA18B
:10FAA000B5B6010000303E09000000053528000011
:10FAB000000013230000000000261C0000004696F2
:10FAC000B0C83E0042C8ADBEA1004847000026D4E1
:10FAD0005CD32100009883B1022C4B0037FF320029
:10FAE0009A4400C1C1012C4C002EFF32009A4500FF
:10FAF000C19281000011D067D01100007B9A00B83C
:10FB0000B19DCE520050CEA1B5B6010000303E09E5
:10FB1000000000053528000000001222000000004F
:10FB200000261C0000004390B0C83E0042C8ADBE95
:10FB3000A1004745000026D45CD32100009883B182
:10FB4000022C4B0037FF32009A4400C1C1012C4CFB
:10FB5000002EFF32009A4500C19281000011D0674B
:10FB6000D01100007B9A00B8B19DCE520050CEA1BA
:10FB7000B5B6010000303E09000000053528000040
:10FB8000000011220000000000261C0000003F8A37
:10FB9000B0C83E0042C8ADBEA1004643000026D416
:10FBA0005CD32100009883B1032C4B0037FF320057
:10FBB0009A4400C1C2012C4C002EFF32009A45002D
:10FBC000C19281000011D067D01100007B9A00B86B
:10FBD000B19DCE520050CEA1B5B6010000303E0915
:10FBE0000000000535280000000010220000000081
:10FBF00000261C0000003C84AFC83E0042C8ADBED9
:10FC0000A1004541000026D45CD32100009883B0B8
:10FC1000022C4B0037FF32009A4400C1C2012C4C29
:10FC2000002EFF32009A4500C19281000011D0677A
:10FC3000D01100007B9A00B8B19DCE520050CEA1E9
:10FC4000B5B6010000303E0900000005352800006F
:10FC500000000F210000000000261C000000397E7B
:10FC6000ABC73E0042C8ADBEA100453F000026D450
:10FC70005CD32100009883B0032C4B0037FF320087
:10FC80009A4400C1C2012C4C002EFF32009A45005C
:10FC9000C19281000011D067D01100007B9A00B89A
:10FCA000B19DCE520050CEA1B5B6010000303E0944
:10FCB000000000053528000000000D2000000000B5
:10FCC00000261C0000003678A6C73E0042C8ADBE24
:10FCD000A100443E000025D45CD32100009883B0ED
:10FCE000032C4B0037FF32009A4400C1C2012C4C58
:10FCF000002EFF32009A4500C19281000011D067AA
:10FD0000D01100007B9A00B8B19DCE520050CEA118
:10FD1000B5B6010000303E0900000005352800009E
:10FD200000000C1E0000000000261C0000003473C0
:10FD3000A1C63E0042C8ADBEA100443C000025D48F
:10FD40005CD32100009883B0032C4B0037FF3200B6
:10FD50009A4400C1C2012C4C002EFF32009A45008B
:10FD6000C19281000011D067D01100007B9A00B8C9
:10FD7000B19DCE520050CEA1B5B6010000303E0973
:10FD8000000000053528000000000B1D00000000E9
:10FD900000261C000000316E9BC43E0042C8ADBE70
:10FDA000A100433A000025D45CD32100009883B021
:10FDB000032C4B0037FF32009A4400C1C2012C4C87
:10FDC000002EFF32009A4500C19281000011D067D9
:10FDD000D01100007B9A00B8B19DCE520050CEA148
:10FDE000B5B6010000303E090000000535280000CE
:10FDF00000000A1B0000000000261C0000002F6904
:10FE000095C23E0042C8ADBEA1004239000025D3D4
:10FE10005CD32100009883B0032C4B0037FF3200E5
:10FE20009A4400C1C2012C4C002EFF32009A4500BA
:10FE3000C19281000011D067D01100007B9A00B8F8
:10FE4000B19DCE520050CEA1B5B6010000303E09A2
:10FE500000000005352800000000091A000000001D
:10FE600000261C0000002D658FC03E0042C8ADBEBC
:10FE7000A1004238000024D35CD32100009883B055
:10FE8000032C4B0037FF32009A4400C1C2012C4CB6
:10FE9000002EFF32009A4500C19281000011D06708
:10FEA000D01100007B9A00B8B19DCE520050CEA177
:10FEB000B5B6010000303E090000000535280000FD
:10FEC000000008180000000000261C0000002A6046
:10FED00089BC3E0042C8ADBEA1004136000024D31B
:10FEE0005DD32100009883B0032C4C0037FF320013
:10FEF0009A4400C1C2012C4C002EFF32009A4500EA
:10FF0000C19281000011D067D01100007B9A00B827
:10FF1000B19DCE520050CEA1B5B6010000303E09D1
:10FF20000000000535280000000007160000000052
:10FF300000261C000000285C83B83D0042C8ADBE0E
:10FF4000A1004135000023D25DD32100009883AF8A
:10FF5000032C4C0037FF32009A4400C1C2012C4CE4
:10FF6000002EFF32009A4500C19281000011D06737
:10FF7000D01100007B9A00B8B19DCE520050CEA1A6
:10FF8000B5B6010000303E0900000005352800002C
:10FF9000000006150000000000261C000000265886
:10FFA0007EB33B0042C8ADBEA1004034000022D168
:10FFB0005DD32100009883AF032C4C0037FF320043
:10FFC0009A4400C1C2012C4C002EFF32009A450019
:10FFD000C19281000011D067D01100007B9A00B857
:10FFE000B19DCE520050CEA1B5B6010000303E0901
:10FFF0000000000535280000000006140000000085
:020000040803EF
:1000000000261C000000245479AD3A0042C8ADBE61
:10001000A1004033000021CE5DD32100009883AFC2
:10002000032D4C0037FF32009A4400C1C2012C4C12
:10003000002EFF32009A4500C19281000011D06766
:10004000D01100007B9A00B8B19DCE520050CEA1D5
:10005000B5B6010000303E0900000005352800005B
:10006000000005130000000000261C0000002250C4
:1000700074A7380042C8ADBEA1003F3200001FCBBC
:100080005DD32100009883AF032D4C0037FF320071
:100090009A4400C1C2012C4C002EFF32009A450048
:1000A000C19281000011D067D01100007B9A00B886
:1000B000B19DCE520050CEA1B5B6010000303E0930
:1000C00000000005352800000000041100000000B9
:1000D00000261C000000204C6FA0360042C8ADBEB8
:1000E000A1003E3000001DC85CD32100009883AF02
:1000F000032D4C0037FF32009A4400C1C2012C4C42
:10010000002EFF32009A4500C19281000011D06795
:10011000D01100007B9A00B8B19DCE520050CEA104
:10012000B5B6010000303E0900000005352800008A
:10013000000003100000000000261C0000001F4902
:100140006B9A330042C8ADBEA1003E3000001CC314
:100150005CD32100009883AF032D4C0037FF3200A1
:100160009A4400C1C2012C4C002EFF32009A450077
:10017000C19281000011D067D01100007B9A00B8B5
:10018000B19DCE520050CEA1B5B6010000303E095F
:1001900000000005352800000000030F00000000EB
:1001A00000261C0000001D466695310042C8ADBE09
:1001B000A1003E2E00001ABD5BD32100009883AF42
:1001C000032D4C0036FF32009A4400C1C2012C4C72
:1001D000002FFF32009A4500C19281000011D067C4
:1001E000D01100007B9A00B8B19DCE520050CEA134
:1001F000B5B6010000303E090000000535280000BA
:100200000000020E0000000000261C0000001B433E
:10021000628F2F0042C8ADBEA1003E2D000018B76E
:100220005BD32100009883AF032D4B0035FF3200D4
:100230009A4400C1C2012C4C002FFF32009A4500A5
:10024000C19281000011D067D01100007B9A00B8E4
:10025000B19DCE520050CEA1B5B6010000303E098E
:1002600000000005352800000000010D000000001E
:1002700000261C0000001A3F5D892C0042C8ADBE5C
:10028000A1003D2D000016B15AD32100009883AF84
:10029000032D4B0034FF32009A4400C1C2012C4CA4
:1002A000002FFF32009A4500C19281000011D067F3
:1002B000D01100007B9A00B8B19DCE520050CEA163
:1002C000B5B6010000303E090000000535280000E9
:1002D0000000010C0000000000261C000000193D79
:1002E0005A842B0042C8ADBEA1003D2C000015ABC6
:1002F00059D32100009883AF032D4B0032FF320009
:100300009A4400C1C2012C4C002FFF32009A4500D4
:10031000C19281000011D067D01100007B9A00B813
:10032000B19DCE520050CEA1B5B6010000303E09BD
:1003300000000005352800000000000B0000000050
:1003400000261C000000173A567E280042C8ADBEA9
:10035000A1003D2B000014A558D32100009883AFC5
:10036000032D4B0030FE32009A4400C1C2012C4CD8
:10037000002FFF32009A4500C19281000011D06722
:10038000D01100007B9A00B8B19DCE520050CEA192
:10039000B5B6010000303E09000000053528000018
:1003A0000000000A0000000000261C0000001637B4
:1003B000537A270042C8ADBEA1003D2A0000139F1A
:1003C00057D32100009883AF032D4B002FFD32003F
:1003D0009A4400C1C2012C4C002FFF32009A450004
:1003E000C19281000011D067D01100007B9A00B843
:1003F000B19DCE520050CEA1B5B6010000303E09ED
:100400000000000535280000000000090000000081
:1004100000261C00000014344E74240042C8ADBEF7
:10042000A1003C290000119955D32100009883AE0A
:10043000042D4B002DFC32009A4400C1C2012C4C0B
:10044000002FFF32009A4500C19281000011D06751
:10045000D01100007B9A00B8B19DCE520050CEA1C1
:10046000B5B6010000303E09000000053528000047
:10047000000000080000000000261C0000001332ED
:100480004B70230042C8ADBEA1003C29000010946F
:1004900054D32100009883AE042D4B002CFB320076
:1004A0009A4300C1C2012C4C002FFF32009A450034
:1004B000C19281000011D067D01100007B9A00B872
:1004C000B19DCE520050CEA1B5B6010000303E091C
:1004D00000000005352800000000000700000000B3
:1004E00000261C000000122F486B210042C8ADBE40
:1004F000A1003C2800000F8E53D32100009883AE4A
:10050000042D4B002BF93200994300C1C2012C4C41
:10051000002FFE3100994400C19281000011D06685
:10052000CF1100007B9A00B8B19DCE520050CDA1F2
:10053000B5B6010000303E09000000053528000076
:10054000000000060000000000261C000000112D25
:1005500045671F0042C8ADBEA1003C2700000E89C0
:1005600052D32100009883AE042D4B0029F73200AE
:10057000994200C1C2012C4C002FFE30009944006A
:10058000C19281000011D066CE1100007B9A00B8A4
:10059000B19DCE520050CDA1B5B6010000303E094C
:1005A00000000005352800000000000600000000E3
:1005B00000261C000000102B42631D0042C8ADBE87
:1005C000A1003B2700000C8450D32100009883AE8B
:1005D000042D4C0028F63200984000C1C2012C4C7A
:1005E000002FFC2F00984200C19281000011CF65BE
:1005F000CB1200007B9A00B8B19DCE520050CDA125
:10060000B5B6010000303E090000000535280000A5
:10061000000000050000000000261C0000000F295B
:100620003F5F1B0042C8ADBEA1003B2600000B7F10
:1006300050D32100009883AE042D4C0026F43100E5
:10064000953E00C1C2012C4C002FFB2D00954000AF
:10065000C19281000011CF64C71200007B9A00B8DC
:10066000B19DCE52004FCDA1B5B6010000303E097C
:100670000000000535280000000000040000000014
:1006800000261C0000000E273C5B1A0042C8ADBECD
:10069000A1003B2600000A7B4FD32100009983AEC6
:1006A000042D4C0025F33100913A00C1C2012C4CBD
:1006B000002EFA2C00913B00C19281000011CF6303
:1006C000C21200007B9A00B8B19DCE52004ECDA25E
:1006D000B5B6010000303E090000000535280000D5
:1006E000000000040000000000261C0000000D2592
:1006F0003957190042C8ADBEA1003A25000009765D
:100700004ED22100009983AE042D4C0024F131001B
:10071000883500C1C2012C4C002EF92A0088370010
:10072000C19281000011CF62BC1100007B9A00B819
:10073000B19DCE52004CCCA2B5B6010000303E09AE
:100740000000000535280000000000030000000044
:1007500000261C0000000B223653170042C8ADBE15
:10076000A1003A24000008724DD22100009983AE06
:10077000042D4C0022EF3100782D01C1C2012C4C18
:10078000002EF72900782F00C19281000011CF6060
:10079000B61000007B9A00B8B19DCE520049CBA2A2
:1007A000B5B6010000303E09000000053528000004
:1007B000000000020000000000261C0000000A1FCC
:1007C000334F150042C8AEBEA1003A240000076CAA
:1007D0004CD22200009983AF042D4C0021EC320052
:1007E000632301C1C2012C4C002EF62800632400B3
:1007F000C19281000011CF5FAF1000007B9A00B85A
:10080000B19DCE520046C7A2B5B6010000303E09E8
:100810000000000535280000000000010000000075
:1008200000271C000000081D304A140042C8AEBE5C
:10083000A1003B23000005684AD22200009983AF43
:10084000042D4C0020EA33004B1702C1C2012B4B90
:10085000002EF427004B1800C19281000011CF5EDA
:10086000A80F00007B9A00B8B19DCE520043C3A2EE
:10087000B6B6010000303E09000000043528000033
:10088000000000000000000000271C000000071905
:100890002C46120042C8AEBEA0003C2300000462F9
:1008A00049D22300009983B0042C4C001EE633008B
:1008B000310A04C1C2012B4B002EF22600310C007C
:1008C000C19281000011CF5CA10E00007B9A00B89C
:1008D000B19DCE52003FBDA1B5B6010000303E092A
:1008E00000000004352800000000000000000000A7
:1008F00000271C00000005152740100042C8AEBEAE
:10090000A0003D230000035D48D22300009983B17D
:10091000052B4B001CE333001C0004C1C2012A4B11
:10092000002EEF25001C0100C19281000011CF5B59
:100930009A0E00007B9A00B8B19DCE52003CB5A142
:10094000B5B6010000303E09000000033428000065
:10095000000000000000000000271C000000031140
:10096000233B0E0042C8AEBEA1003D23000002574B
:1009700047D22400009983B205294B001BE03300C5
:100980000D0005C1C201284B002EED23000D000013
:10099000C19281000011CF59930D00007B9A00B8DD
:1009A000B19DCE520039AD9EB3B5020000303E0974
:1009B00000000002342700000000000000000000DA
:1009C00000271C000000010D1E350C0042C8AFBE00
:1009D000A0003F230000005045D22400009983B6B8
:1009E00006264A001ADD3400030005C2C101254A6B
:1009F000002EEA2100030000C19280000011CF57B1
:100A00008C0B00007B9A00B8B19DCE520035A597A3
:100A1000B1B3020000303E090000000131260000A1
:100A2000000000000000000000261C00000000087C
:100A300019300A0042C8AFBEA10040220000004A9F
:100A400044D22400009983B90722460018DA340002
:100A5000000005C1C1012146002EE6200000000073
:100A6000C19280000012CE55840A00007A9900B825
:100A7000B19DCE5200329C8FAEAF020000303E09D5
:100A8000000000002E240000000000000000000014
:100A900000261C0000000004142A070042C8AFBE54
:100AA000A000461E0000004442D12400009983BFEC
:100AB0000A1C3D0017D73400000006C2C1011C3DCE
:100AC000002EE31E00000000C09281000012CF53F0
:100AD0007C090000769600B8B19DCE52002E948815
:100AE000A7A9010000303E09000000002B220000F1
:100AF000000000000000000000261C0000000000B4
:100B00000F23050042C8AFBEA100521F0000003EE7
:100B100041D22400009983C30D15320015D434004E
:100B2000000006C2C1021431002EE01D00000000CA
:100B3000BF9281000012CE5175080000719100B77C
:100B4000B19DCE52002B8B819FA2000000303E0948
:100B5000000000002820000000000000000000004D
:100B600000261C00000000000A1E030042C8AFBEA1
:100B7000A0005C20000000373FD12400009983C40E
:100B80000F0C230014D13400000006C1C0020B2456
:100B9000002FDD1B00000000B99280000012CE5033
:100BA0006E0600006C8B00B8B19DCE520027837A90
:100BB000969A000000303E0900000000251D00004C
:100BC000000000000000000000261C0000000000E3
:100BD0000417010042C8AFBEA00065290000003024
:100BE0003DD12500009983C41003150013CD3400B6
:100BF000000006BCC0020215002FD91A0000000038
:100C0000B09281000013CE4E66050000668400B8E5
:100C1000B19DCE5200247A728E92000000303E09BF
:100C200000000000221B0000000000000000000087
:100C300000261C00000000000011000042C8AFBFE9
:100C4000A0006C320000002A3CD12500009780C330
:100C50001000090012CA3300000004B4C0030009E8
:100C6000002FD61800000000A79281000013CE4C80
:100C70005F030000617C00B8B19DCE520021726B11
:100C8000868A000000303E090000000020190000A4
:100C9000000000000000000000271C000000000011
:100CA000000A000042C8AFBEA000723C0000002352
:100CB0003AD1240000947BC31000010010C7330018
:100CC000000003ABC0030001002FD216000000009B
:100CD0009E9280000013CE4A570200005B7500B858
:100CE000B19DCE52001D6A647E82000000303E0934
:100CF000000000001D1600000000000000000000C1
:100D000000261C00000000000004000042C8AFBE26
:100D10009D0078480000001D39D22400008F76C263
:100D2000100000000EC43300000003A2C003000046
:100D3000002FCF1500000000959281000013CE48CF
:100D40004F000000556E00B8B19DCE52001A615C94
:100D5000767A000000303E09000000001A140000FE
:100D6000000000000000000000261C000000000041
:100D70000000000042C8AFBD97007D540000001580
:100D800037D2250000886FC20F0000000DBF32006F
:100D90000000019AC0030000002FCB1300000000E8
:100DA0008D9280000013CE4647000000506700B8C7
:100DB000B19DCE52001659556D72000000303E09AB
:100DC00000000000171200000000000000000000FA
:100DD00000261B00000000000000000042C8AFBB5E
:100DE0008F0080610000000F35D2250000826AC1AB
:100DF0000E0000000BBD330000000192C004000093
:100E00000030C81100000000859280000013CE441D
:100E1000400000004B6100B8B19DCE520013514E0E
:100E2000656A000000303E0900000000140F000059
:100E3000000000000000000000251A0000000A0069
:100E40000000000042C7AEB78800826E00000008B4
:100E500034D12400007B63C10D0000000AB93300C7
:100E600000000088C0040000002FC50F0000000033
:100E70007D9280000013CE4339000000465A00B82E
:100E8000B19DCE52000F48475D63000000303E091F
:100E900000000000110D0000000000000000000034
:100EA00000251800000017000000000042C5ACAF8C
:100EB0008100837A0000000233D0240000745EC1F8
:100EC0000B00000008B6330000000081C0040000E1
:100ED0000030C10E00000000749280000013CE416B
:100EE00031000000405400B8B19DCE52000C40408B
:100EF000565B000000303E09000000000F0B0000B0
:100F00000000000000000000002416000000260081
:100F10000000000040C0A6A6790083840000000005
:100F200031CE2300006D57C10A00000006B3330024
:100F300000000078C0040000002FBE0C000000007C
:100F40006B927F000013CE3F290000003B4D00B89C
:100F5000B19DCE52000838384D53000000303E0994
:100F6000000000000C09000000000000000000006C
:100F70000022140000003900000000003DBA9E9DD0
:100F80007300828D000000002FC72100006752C14E
:100F90000900000005AF31000000006FC004000030
:100FA0000030BA0A00000000649280000013CE3DB9
:100FB00022000000354700B8B19DCE5200052F3207
:100FC000464C000000303E09000000000907000008
:100FD00000000000000000000020130000004F008F
:100FE0000000000039B296956C008194000000006A
:100FF0002DBF1F0000604CC10800000006AC30008F
:1010000000000068C0040000002FB50800000000C8
:101010005C9280000013CE3B1A000000304000B804
:10102000B19DCE520002272A3E45000000303E0905
:1010300000000000060400000000000000000000A6
:10104000001D1100000065000000000036A98E8C14
:10105000650081990000000024BA1D00005A47C1B4
:101060000800000000AE300000000060C004000076
:101070000030B00600000000549280000014CE380A
:10108000130000002B3A00B8B19DCE5200001F2380
:10109000363D000000303E09000000000302000061
:1010A0000000000000000000001A0F0000007A019C
:1010B0000000000032A086845E00819C00000000D9
:1010C00020B51B00005341C1080000000096360007
:1010D00000000058C00400000030B0030000000011
:1010E0004C9280000014CC340B000000253400B872
:1010F000B19DCE520000161C2E35000000303E0976
:1011000000000000010000000000000000000000DE
:1011100000180D0000008D11000000002F987E7B4C
:101120005700819D000000001EAD1900004D3CC11C
:1011300007000000008F330000000050C0040000D2
:10114000002DA60000000000459280000014C7306A
:1011500003000000202E00B8B19DCE5100000F16F4
:10116000272E000000303E090000000000000000B3
:10117000000000000000000000160C0000009A268D
:10118000000000002C9076735100819D000000004B
:101190001CA41600004636C1070000000092320071
:1011A00000000049C0040000003298000000000068
:1011B0003D9280000013C32D000000001B2700B8E3
:1011C000B19DCD4E0000060F1F27000000303D09E5
:1011D000000000000000000000000000000000000F
:1011E00000140A000000A2410000000029876F6B74
:1011F0004A00809C00000000199B1400004031C18F
:1012000007000000008F310000000042C004000011
:101210000033970000000000369280000011C024C7
:1012200000000000162200B8B19DCA4B0000000863
:101230001720000000303D08000000000000000002
:101240000000000000000000001208000000A6607E
:1012500000000000267E67634300819C00000000C0
:1012600017921200003A2BC10700000000882E00E0
:1012700000000039C00400000031920000000000AE
:101280002E9280000010B82200000000101B00B851
:10129000B19CC547000000000F18000000303D0859
:1012A000000000000000000000000000000000003E
:1012B000001007000000A6810000000023765F5B9D
:1012C0003D00809C00000000158A1100003326C1FB
:1012D0000700000000812B0000000032C004000065
:1012E000002E8B000000000027918000000FB0202E
:1012F000000000000C1500B7B09CBF4400000000C7
:101300000811000000303D07000000000000000050
:101310000000090000000000000E05000000A49F6E
:1013200000000000206E57523600809C0000000034
:1013300013820E00002D20C107000000007A280053
:101340000000002BC0040000002B840000000000FF
:101350001F918000000EA81E00000000060F00B7BD
:10136000AF99B8400000000000090000002F3C06C3
:10137000000000000000000000001100000000005C
:10138000000B03000000A1B5000000001D66504ADC
:101390002F00809C0000000011790C0000261BC16A
:1013A000070000000073250000000022C0040000B8
:1013B00000287E000000000017917F00000DA11B97
:1013C00000000000010800B4AD95B03D0000000031
:1013D00000010000002D3B0500000000000000009F
:1013E00000001600000000000009010000009EBE81
:1013F000110000001A5E48422900809C0000000095
:101400000F710B00002015C107000000006C2200C6
:101410000000001BC0040000002676000000000051
:101420000F8E7C00000B991A00000000000200AF34
:10143000AB8FA93A0000000000000000002C380427
:10144000000000000000000000001905000000007E
:101450000007000000009DC0300000001755413912
:101460002200809D000000000D690900001A10C1D3
:101470000700000000651F0000000013BE0400000C
:101480000023700000000000078B7800000A91180C
:1014900000000000000000A9A588A137000000009E
:1014A00000000000002A35030000000000000000DA
:1014B00000001A10000000000005000000009DC29E
:1014C00057000000144D39311C00809C00000000C2
:1014D0000B60070000130AC008000000005D1C003C
:1014E0000000000BB90300000020680000000000AD
:1014F000008674000009891500000000000000A2A9
:101500009E82993300000000000000000028320293
:10151000000000000000000000001A1B0000000096
:101520000003000000009DC27E000000114431282D
:101530001400809D0000000009580500000C04BD47
:10154000070000000056190000000003B30300006C
:10155000001E61000000000000817000000881147E
:10156000000000000000009C977C9130000000000B
:101570000000000000252F01000000000000000016
:1015800000001A23000000000001000000009DC1BF
:10159000A20000000E3C291F0D007E9C00000000F0
:1015A000074F0200000500B906000000004F1600BA
:1015B00000000000AD020000001B5A000000000007
:1015C000007C6B000007791100000000000000960D
:1015D00091768A2C000000000000000000232C00FF
:1015E000000000000000000000001A2400000000BD
:1015F0000000000000009CC0AE1600000B32201559
:1016000005007B9A0000000005450000000000B2C4
:10161000060000000047130000000000A7020000C1
:101620000017520000000000007767000005710FEE
:1016300000000000000000908A7081290000000076
:101640000000000000212A0000000000000000004F
:1016500000001A23000000000000000000009BC0F2
:10166000B23F00000829170C000078970000000026
:10167000033C0000000000AC05000000004010002A
:1016800000000000A001000000154B000000000059
:10169000007363000004680D000000000000008972
:1016A000846A79260000000000000000001F270067
:1016B000000000000000000000001A2300000000ED
:1016C00000000000000099BFB470000004200F0269
:1016D000000074930000000001320000000000A62A
:1016E0000400000000370C00000000009A00000019
:1016F0000012430000000000006D5F000003600B5B
:1017000000000000000000837D63712200000000E3
:1017100000000000001D2400000000000000000088
:1017200000001A230000000000000000000095BE29
:10173000B39E0000011606000000708F000001003B
:1017400000280000000000A003000000002F090096
:101750000000000094000000000F3A0000000000AC
:1017600000685A0000025709000000000000007CD9
:10177000765D691E0000000000000000001A2100D4
:10178000000000000000000000001923000000001D
:1017900000000000000091BDB1BB0400000B000080
:1017A00000006C8A00001000001D0000000000997D
:1017B0000300000000260500000000008D0000006E
:1017C000000B3200000000000063550000004D06D1
:1017D00000000000000000756E565F1A0000000057
:1017E0000000000000181E000000000000000000C3
:1017F00000001923000000000000000000008CBB66
:10180000B0C5200000000000000068860000200A2B
:10181000001300000000009302000000001D020001
:10182000000000008600000000082A000000000000
:10183000005E510000004403000000000000006F43
:10184000674E5616000000000000000000151B0047
:10185000000000000000000000001823000000004D
:1018600000000000000088BAAFC738000000000088
:101870000000638100002B32000700000000008C94
:101880000100000000140000000000007F000000C4
:10189000000420000000000000584B0000003A0047
:1018A00000000000000000675F474D1200000000CC
:1018B00000000000001317000000000000000000FE
:1018C000000017230000000000000000000083B7A4
:1018D000AFC643000000000000005F7B00002F6ADD
:1018E000000000000000008500000000000A000069
:1018F000000000007800000000001600000000005A
:101900000052460000002F00000000000000005FB1
:10191000573F420E000000000000000000101400BD
:10192000000000000000000000001622000000007F
:101930000000000000007DB0AEC4430000000000C5
:1019400000005A7600002C9F000000000000007E7E
:101950000000000000030000000000007000000014
:1019600000000C0000000000004C400000002300BC
:1019700000000000000000574E373709000000004B
:1019800000000000000D100000000000000000003A
:10199000000015220000000000000000000078AAEE
:1019A000ABC23F000000000000005571000029BFDD
:1019B0000A000000000000760000000000070000A0
:1019C00000000000690000000000010000000000AD
:1019D00000463A0000001700000000000000004F21
:1019E000452E2C040000000000000000000A0C003E
:1019F00000000000000000000000142100000000B2
:101A000000000000000072A3A6BF3C000000000020
:101A10000000506B000026D21D0000000000006F87
:101A2000000000001A190000000000006000000023
:101A30000000000000000000003F340000000A0029
:101A400000000000000000453B24200000000000D2
:101A50000000000000070700000000000000000078
:101A60000000121F000000000000000000006B9B3F
:101A70009FBB39000000000000004A64000024D62B
:101A80002B00000000000065000000003846000048
:101A900000000000570000000000000000000000EF
:101AA00000372D0000000000000000000000003B97
:101AB000301A1200000000000000000000030300C4
:101AC00000000000000000000000111D00000000E8
:101AD000000000000000659398B53700000000008A
:101AE0000000445D000023D0280000000000005CDE
:101AF0000000000045840000000000004D000000D0
:101B00000000000000000000002F25000000000081
:101B10000000000000000030240F0400000000005E
:101B200000000000000000000000000000000000B5
:101B300000000F1B000000000000000000005E8A93
:101B400091AE35000000000000003E55000021C9A4
:101B500022000000000000530000000046AD00001D
:101B6000000000004300000000001F000000000013
:101B700000261D00000000000000000000000025FD
:101B8000180300000000000000000000000000003A
:101B9000000000000000000000000D19000000001F
:101BA000000000000000558189A6330000000000FD
:101BB0000000374D00001FC31F0000000000004858
:101BC0000000000043B800000000000038000000E2
:101BD00000005E0000000000001E15000000000074
:101BE00000000000000000190B00000000000000D1
:101BF00000000000000000000000000000000000E5
:101C000000000B16000000000000000000004D76F0
:101C1000809E30000000000000002F4400001DBB2B
:101C20001D0000000000003C0000000041B1000069
:101C3000000000002B0000000000971800000000CA
:101C400000130B0000000000000000000000000B6B
:101C50000000000000000000000000000000000084
:101C60000000000000000000000009140000000057
:101C7000000000000000436B76942C000000000080
:101C80000000263A00001BB11B00000000000030DD
:101C9000000000003EA80000000000001E00000040
:101CA0000000B03800000000000801000000000B38
:101CB0000A0000000000000000000000000000001A
:101CC0000000000000000000000000000000000014
:101CD0000000061100000000000000000000395F55
:101CE0006B8929000000000000001D2F000018A8CB
:101CF0001900000000000021000000003BA10000CE
:101D0000000000000F0000000000B04800000000CC
:101D1000000000000000002444000000000000005B
:101D200000000000000000000000000000000000B3
:101D300000000000000000000000040E0000000091
:101D40000000000000002E51607E26000000000010
:101D5000000014230000159E17000000000000136F
:101D600000000000389900000000000000000000A2
:101D70000000A94500000000000000000000002B4A
:101D80008F000000000000000000000000000000C4
:101D90000000000000000000000000000000000043
:101DA0000000010A000000000000000000002041C7
:101DB000527122000000000000000916000012927B
:101DC0001500000000000002000000003490000038
:101DD00000000000000000000000A23D0000000024
:101DE0000000000000000027C0000000000000000C
:101DF00000000000001A00000000000000000000C9
:101E000000000000000000000000000500000000CD
:101E1000000000000000102D405D1A0000000000CE
:101E20000000000700000D7E100000000000000010
:101E3000000000002C7F00000000000000000000F7
:101E400000009134000000000000000000000021AC
:101E5000BF0A0000000000000000000000421C005B
:101E60000000000000000000000000000000000072
:101E70000000000100000000000000000000011947
:101E80002D49140000000000000000000000086957
:101E90000C0000000000000000000000246E0000A4
:101EA000000000000000000000007F2D0000000086
:101EB000000000000000001CAE1100000000000047
:101EC00000000000004B5D0000000000000000006A
:101ED0000000000000000000000000000000000002
:101EE00000000000000000051A340C000000000093
:101EF0000000000000000354070000000000000084
:101F0000000000001D5C0000000000000000000058
:101F100000006D2600000000000000000000001717
:101F20009A0F00000000000000000000003F950034
:101F300000000000000000000000000000000000A1
:101F40000000000000000000000000000000000091
:101F50000620050000000000000000000000003E18
:101F6000030000000000000000000000154A00000F
:101F7000000000000000000000005C1F00000000E6
:101F80000000000000000012860B000000000000AE
:101F9000000000000033A325000000000000000046
:101FA000000000020000000000000000000000002F
:101FB0000000000000000000000A00000000000017
:101FC00000000000000000290000000000000000E8
:101FD000000000000D3800000000000000000000BC
:101FE00000004A1700000000000000000000000D83
:101FF000720800000000000000000000002B915A51
:1020000000000000000000000000000114000000BB
:1020100000000000000000000000000000000000C0
:10202000000000000000000000000000000000139D
:102030000000000000000000000000000526000075
:102040000000000000000000000038100000000048
:1020500000000000000000085D0500000000000016
:1020600000000000002278710B000000000000005A
:102070000000000020000000000000000000000040
:102080000000000000000000000000000000000050
:102090000000000000000000000000000000000040
:1020A000000000000014000000000000000000001C
:1020B00000002608000000000000000000000003EF
:1020C00048020000000000000000000000196368E2
:1020D0003D00000000000000000000001D0B00009B
:1020E00000000000000000000000000000000000F0
:1020F00000000000000000000000000000000000E0
:1021000000000000000000000000000000010000CE
:1021100000000000000000000000130000000000AC
:10212000000000000000000033000000000000007C
:102130000000000000114E535E010000000000008E
:10214000000000001510000000000000000000006A
:10215000000000000000000000000000000000007F
:10216000000000000000000000000000000000006F
:10217000000000000000000000000000000000005F
:10218000000001000000000000000000000000004E
:102190001F0000000000000000000000000839409F
:1021A0005C2D000000000000000000000F0C00008B
:1021B000000000000000000000000000000000001F
:1021C000000000000000000000000000000000000F
:1021D00000000000000000000000000000000000FF
:1021E00000000000000000000000000000000000EF
:1021F00000000000000000000A0000000A000000CB
:10220000000000000000252F4847000000000000EB
:1022100000000000080700000000000000000000AF
:1022200000000000000000000000000000000000AE
:10223000000000000000000000000000000000009E
:10224000000000000000000000000000000000008E
:10225000000000000000000000000000000000007E
:10226000000000001F090000000000000000111E17
:1022700035400000000000000000000001020000E6
:10228000000000000000000000000000000000004E
:10229000000000000000000000000000000000003E
:1022A000000000000000000000000000000000002E
:1022B000000000000000000000000000000000001E
:1022C00000000000000000000000000020260000C8
:1022D000000000000000000D232F0000000000009F
:1022E00000000000000000000000000000000000EE
:1022F00000000000000000000000000000000000DE
:1023000000000000000000000000000000000000CD
:1023100000000000000000000000000000000000BD
:10232000000000000000000013000000000000009A
:102330000000000016260000000000000000000061
:10234000111E00000000000000000000000000005E
:10235000000000000000000000000000000000007D
:10236000000000000000000000000000000000006D
:10237000000000000000000000000000000000005D
:10238000000000000000000000000000000000004D
:102390002500000000000000000000000B170000F6
:1023A0000000000000000000010E0000000000001E
:1023B000000000000000000028756E7369676E65FC
:1023C00064292063686172202A2075736564206621
:1023D0006F722025257020617267756D656E742E91
:1023E0002049742773207265636F6D6D656E646537
:1023F0006420746F206361737420697420746F208B
:10240000766F6964202A206265636175736520694F
:1024100074206D6179206361757365206D697362E5
:1024200065686176696F7220696E20636572746198
:10243000696E20636F6E66696775726174696F6E2D
:10244000732E20537472696E673A222573222061BD
:102450007267756D656E743A2564006362707269A7
:102460006E74665F7061636B616765007670726938
:102470006E746B006173736572745F7072696E74F1
:10248000006173736572745F706F73745F616374FE
:10249000696F6E00636C6F636B20636F6E74726F35
:1024A0006C20646576696365206E6F742072656167
:1024B000647900436F756C64206E6F7420696E6977
:1024C0007469616C697A65206261636B7570205311
:1024D00052414D20636C6F636B2028256429005F97
:1024E0005F6465766963655F6474735F6F72645F70
:1024F000313530006D656D6F727940343030333670
:102500003430300073746D33325F6261636B7570A9
:102510005F7372616D00556E62616C616E636564BC
:10252000206261636B757020646F6D61696E2061FC
:10253000636365737320726566636F756E74007391
:10254000746D33325F6261636B75705F646F6D6170
:10255000696E00736F63006C6F675F6D676D740009
:102560004D6573736167652064726F707065642078
:10257000626563617573652069742065786365655C
:1025800064732073697A65206C696D69746174691C
:102590006F6E2028257529004D657373616765206E
:1025A0002822257322292064726F7070656420626E
:1025B000656361757365206974206578636565641A
:1025C000732073697A65206C696D69746174696FD1
:1025D0006E2028257529000D0A001B5B306D002533
:1025E0007320005B2530386C755D20005B25303230
:1025F000753A253032753A253032752E25303375CF
:102600002C253033755D200025730025732F003C89
:1026100025733E200025733A2000253032782000B3
:10262000202020007C002563001B5B313B33316D93
:10263000001B5B313B33336D0077726E0064626761
:10264000006C6F675F6261636B656E645F7561727A
:1026500074006C6F675F756172740053697A6520EE
:102660006F6620434F4E4649475F464C4153485F93
:1026700046494C4C5F4255464645525F53495A4580
:10268000004E65676174697665206F666673657470
:10269000206E6F7420616C6C6F7765640A00496E00
:1026A000636F72726563742073697A65206F72203C
:1026B0006F666673657420616C69676E6D656E74B4
:1026C0002C20657870656374656420257A780A002B
:1026D00046696C6C20746F206465762025702066D6
:1026E00061696C6564206174206F6666736574202F
:1026F0003078257A780A00666C6173680072302F32
:1027000061313A2020307825303878202072312FFE
:1027100061323A2020307825303878202072322FEC
:1027200061333A20203078253038780072332F61B9
:10273000343A2020307825303878207231322F69B1
:10274000703A2020307825303878207231342F6C60
:10275000723A2020307825303878002078707372F3
:102760003A202030782530387800735B2532645D5C
:102770003A20203078253038782020735B25326469
:102780005D3A20203078253038782020735B253260
:10279000645D3A20203078253038782020735B251E
:1027A00032645D3A202030782530387800667073C6
:1027B00063723A2020307825303878004661756C95
:1027C00074696E6720696E737472756374696F6E75
:1027D000206164647265737320287231352F7063D1
:1027E000293A2030782530387800556E68616E645B
:1027F0006C6564204952516E3A20256400436F7520
:102800006C64206E6F7420726561642073796D62F0
:102810006F6C2066726F6D2062696E617279210043
:10282000436F756C64206E6F742066696E642073EC
:10283000796D626F6C202573210073796D202725D7
:1028400073273A2072656C6F636174696F6E206FD5
:102850007574206F662072616E6765202825237865
:10286000202D3E20252378290A00756E6B6E6F7728
:102870006E2072656C6F636174696F6E3A202575A6
:102880000A00656C66002A2A2A2A2A204D50552003
:102890004641554C54202A2A2A2A2A0020205374C3
:1028A00061636B696E67206572726F722028636F57
:1028B0006E746578742061726561206D69676874F3
:1028C000206265206E6F742076616C696429002037
:1028D00020556E737461636B696E67206572726FE9
:1028E000720020204461746120416363657373202A
:1028F00056696F6C6174696F6E0020204D4D4641C2
:102900005220416464726573733A203078257800F0
:102910002020496E737472756374696F6E20416311
:10292000636573732056696F6C6174696F6E002004
:1029300020466C6F6174696E672D706F696E7420CC
:102940006C617A7920737461746520707265736547
:1029500072766174696F6E206572726F72002A2AD6
:102960002A2A2A20425553204641554C54202A2ACF
:102970002A2A2A002020537461636B696E672065E0
:1029800072726F72002020507265636973652064F3
:1029900061746120627573206572726F720020200D
:1029A0004246415220416464726573733A20307824
:1029B0002578002020496D70726563697365206415
:1029C00061746120627573206572726F72002020DD
:1029D000496E737472756374696F6E2062757320CB
:1029E0006572726F72002A2A2A2A2A20555341479B
:1029F00045204641554C54202A2A2A2A2A002020C4
:102A00004469766973696F6E206279207A65726FA6
:102A1000002020556E616C69676E6564206D656D80
:102A20006F72792061636365737300202053746152
:102A3000636B206F766572666C6F772028636F6EAC
:102A4000746578742061726561206E6F74207661A0
:102A50006C6964290020204E6F20636F70726F6371
:102A60006573736F7220696E737472756374696FC6
:102A70006E73002020496C6C6567616C206C6F611F
:102A800064206F66204558435F52455455524E208E
:102A9000696E746F205043002020496C6C6567613B
:102AA0006C20757365206F662074686520455053EF
:102AB00052002020417474656D707420746F20651D
:102AC00078656375746520756E646566696E6564A6
:102AD00020696E737472756374696F6E00526573EA
:102AE000657276656420457863657074696F6E20E1
:102AF000280053707572696F757320696E74657202
:102B00007275707420284952512000535053454C1F
:102B100020696E20746872656164206D6F64652041
:102B2000646F6573206E6F7420696E64696361748D
:102B30006520505350002A2A2A2A2A20484152440C
:102B4000204641554C54202A2A2A2A2A0020204275
:102B50007573206661756C74206F6E207665637482
:102B60006F72207461626C65207265616400202060
:102B70004465627567206576656E74002020466145
:102B8000756C7420657363616C6174696F6E202865
:102B90007365652062656C6F772900415243485F19
:102BA00045584345505420776974682072656173B5
:102BB0006F6E2025780A002A2A2A2A2A2044656274
:102BC0007567206D6F6E69746F72206578636570CC
:102BD00074696F6E202A2A2A2A2A002A2A2A2A2A77
:102BE00020257320256429202A2A2A2A2A006162A6
:102BF0006F727428290A004661696C656420746FDD
:102C000020676574207461626C652073697A653A27
:102C1000202564004661696C656420746F206765D7
:102C2000742066756E6374696F6E207461626C6582
:102C30003A202564004E6F7420656E6F75676820BA
:102C40006D656D6F727920666F7220657874656E40
:102C500073696F6E206D65746164617461004661B3
:102C6000696C656420746F2063616C6C20696E69A7
:102C7000742066756E6374696F6E733A2025640004
:102C80004661696C656420746F2063616C6C2064BC
:102C9000652D696E69742066756E6374696F6E73F5
:102CA0003A202564006C6C657874004661696C6537
:102CB0006420616C6C6F636174696E6720257A644F
:102CC00020627974657320257A642D616C69676E62
:102CD000656420666F7220726567696F6E20256477
:102CE000004661696C656420746F20707265706164
:102CF000726520746865206C6F616465722C207247
:102D00006574202564004661696C656420746F20D9
:102D10007365656B20666F7220454C46206865615F
:102D2000646572004661696C656420746F20726529
:102D3000616420454C462068656164657200496E97
:102D400076616C696420454C462C206D616769632F
:102D500020646F6573206E6F74206D61746368000A
:102D6000556E737570706F7274656420454C4620A3
:102D700066696C65207479706520257800496E76E7
:102D8000616C69642073656374696F6E2068656146
:102D90006465722073697A65202564004661696CF8
:102DA000656420746F20616C6C6F6361746520735F
:102DB000656374696F6E206D61702C2073697A652C
:102DC00020257A75004661696C656420746F206106
:102DD0006C6C6F636174652073656374696F6E20DA
:102DE000686561646572732C2073697A6520257A41
:102DF00075004661696C656420746F207365656B4E
:102E000020666F722073656374696F6E20686561F8
:102E100064657273004661696C656420746F20722A
:102E20006561642073656374696F6E2068656164B1
:102E3000657273004661696C656420746F206C6F05
:102E4000616420626173696320454C46206461744B
:102E5000612C2072657420256400536F6D652073AA
:102E6000656374696F6E7320617265206D69737339
:102E7000696E67206F722070726573656E74206D65
:102E8000756C7469706C652074696D65732100469A
:102E900061696C656420746F2066696E6420696D79
:102EA000706F7274616E7420454C46207461626C60
:102EB00065732C20726574202564004661696C6519
:102EC0006420746F20636F707920454C46207374C2
:102ED00072696E672073656374696F6E732C2072FC
:102EE0006574202564002E6578706F727465645F68
:102EF00073796D002E6C6C6578742E726F646174DA
:102F0000612E6E6F72656C6F6300496E76616C69DD
:102F10006420257320617272617920696E20736567
:102F20006374696F6E20256400556E737570706FE1
:102F3000727465642073656374696F6E20666C617A
:102F4000677320252378202F2025237820666F7231
:102F50002025732028726567696F6E20256429001B
:102F6000526567696F6E20256420726564656669C5
:102F70006E6564004D756C7469706C6520534854BF
:102F80005F4E4F424954532073656374696F6E738B
:102F900020617265206E6F7420737570706F72742B
:102FA000656400496E636F6D70617469626C652061
:102FB00073656374696F6E206164647265737365B1
:102FC0007320666F722025732028726567696F6EA3
:102FD00020256429004261642073656374696F6E03
:102FE00020616C69676E6D656E7420696E20726514
:102FF00067696F6E20256400526567696F6E2025D2
:103000006420564D412072616E6765202825237A21
:10301000782D25237A7829206F7665726C6170731C
:103020002077697468202564202825237A782D2547
:10303000237A782900526567696F6E2025642045E0
:103040004C462066696C652072616E676520282594
:10305000237A782D25237A7829206F7665726C6122
:1030600070732077697468202564202825237A7876
:103070002D25237A782900257320686173207265D5
:103080006C6F636174696F6E73004661696C65642F
:1030900020746F206D617020454C46207365637409
:1030A000696F6E732C207265742025640046616917
:1030B0006C656420746F20636F7079207265676936
:1030C0006F6E732C20726574202564004661696CF4
:1030D000656420746F20616C6C6F6361746520653A
:1030E0007874656E73696F6E2073796D626F6C2092
:1030F0007461626C652C20726574202564004E6FCB
:10310000206461746120666F722073656374696FF7
:103110006E202564004661696C656420746F2063CD
:103120006F70792073796D626F6C732C2072657487
:10313000202564004661696C656420746F206C69A9
:103140006E6B2C20726574202564004661696C6585
:103150006420746F206578706F72742C20726574AF
:10316000202564004661696C656420746F20636F7C
:10317000756E74206578706F7274656420454C4676
:103180002073796D626F6C732C20726574202564D6
:10319000007F454C46556E646566696E65642073B4
:1031A000796D626F6C2077697468206E6F20656E30
:1031B00074727920696E2073796D626F6C2074610E
:1031C000626C652025732C206F66667365742025FC
:1031D0007A642C206C696E6B2073656374696F6E02
:1031E0002025640063616E6E6F74206170706C796D
:1031F0002072656C6F636174696F6E3A20746172DE
:103200006765742073796D626F6C206861732075D7
:103210006E65787065637465642073656374696F47
:103220006E20696E6465782025642028252378291E
:1032300000496E76616C696420656E7472792073E2
:10324000697A6520257A6420666F72205348545F3E
:1032500052454C2073656374696F6E202564004687
:103260006F756E6420756E737570706F72746564BF
:10327000205348545F52454C412073656374696F15
:103280006E2025640053616E6974792063686563FC
:103290006B73206661696C656420666F722073656C
:1032A0006374696F6E2025642028696E666F20251F
:1032B0007A642C2073697A6520257A642C20656EE7
:1032C0007473697A6520257A64290053656374698B
:1032D0006F6E202564206E6F74206C6F616465646E
:1032E00020696E20616E79206D656D6F7279207234
:1032F0006567696F6E007A5F696D706C5F7A657083
:103300006879725F77726974655F7374646F7574DE
:10331000007A5F696D706C5F7A65706879725F7250
:103320006561645F737464696E007A5F696D706C67
:103330005F7A65706879725F667772697465007A22
:103340005F696D706C5F7A65706879725F667075C1
:103350007463007A5F696D706C5F7A5F7379735F15
:103360006D757465785F6B65726E656C5F756E6C9C
:103370006F636B007A5F696D706C5F7A5F737973EE
:103380005F6D757465785F6B65726E656C5F6C6F91
:10339000636B007A5F696D706C5F7A5F6C6F675FFB
:1033A0006D73675F7374617469635F637265617481
:1033B00065007A5F696D706C5F7A5F6C6F675F6DD7
:1033C00073675F73696D706C655F63726561746567
:1033D0005F32007A5F696D706C5F7A5F6C6F675FF8
:1033E0006D73675F73696D706C655F63726561743F
:1033F000655F31007A5F696D706C5F7A5F6C6F67D3
:103400005F6D73675F73696D706C655F6372656133
:1034100074655F30007A5F696D706C5F756172749E
:103420005F74785F753136007A5F696D706C5F75B7
:103430006172745F74785F61626F7274007A5F6941
:103440006D706C5F756172745F7478007A5F696D1E
:10345000706C5F756172745F72785F656E61626CCB
:10346000655F753136007A5F696D706C5F7561728A
:10347000745F72785F656E61626C65007A5F696D1A
:10348000706C5F756172745F72785F64697361629A
:103490006C65007A5F696D706C5F756172745F70E6
:1034A0006F6C6C5F6F75745F753136007A5F696D34
:1034B000706C5F756172745F706F6C6C5F6F757448
:1034C000007A5F696D706C5F756172745F706F6CAC
:1034D0006C5F696E5F753136007A5F696D706C5F25
:1034E000756172745F706F6C6C5F696E007A5F6992
:1034F0006D706C5F756172745F6C696E655F63742B
:10350000726C5F736574007A5F696D706C5F756172
:1035100072745F6C696E655F6374726C5F6765740B
:10352000007A5F696D706C5F756172745F6972714A
:103530005F757064617465007A5F696D706C5F754A
:103540006172745F6972715F74785F656E61626CDD
:1035500065007A5F696D706C5F756172745F697226
:10356000715F74785F64697361626C65007A5F692A
:103570006D706C5F756172745F6972715F72785F94
:10358000656E61626C65007A5F696D706C5F756114
:1035900072745F6972715F72785F64697361626C83
:1035A00065007A5F696D706C5F756172745F6972D6
:1035B000715F69735F70656E64696E67007A5F69D9
:1035C0006D706C5F756172745F6972715F65727244
:1035D0005F656E61626C65007A5F696D706C5F75C6
:1035E0006172745F6972715F6572725F6469736141
:1035F000626C65007A5F696D706C5F756172745F93
:103600006572725F636865636B007A5F696D706C89
:103610005F756172745F6472765F636D64007A5F78
:10362000696D706C5F756172745F636F6E666967F8
:10363000757265007A5F696D706C5F756172745F39
:10364000636F6E6669675F676574007A5F696D7046
:103650006C5F7379735F72616E645F676574007A23
:103660005F696D706C5F7379735F637372616E64B1
:103670005F676574007A5F696D706C5F7379735F03
:10368000636C6F636B5F73657474696D65007A5FFB
:10369000696D706C5F7379735F636C6F636B5F6E82
:1036A000616E6F736C656570007A5F696D706C5FD9
:1036B0007379735F636C6F636B5F68775F63796364
:1036C0006C65735F7065725F7365635F72756E744E
:1036D000696D655F676574007A5F696D706C5F73B3
:1036E00079735F636C6F636B5F67657472746F6629
:1036F00066736574007A5F696D706C5F7379735F70
:1037000063616368655F646174615F696E76645F5D
:1037100072616E6765007A5F696D706C5F73797353
:103720005F63616368655F646174615F666C757334
:10373000685F72616E6765007A5F696D706C5F7358
:1037400079735F63616368655F646174615F666C10
:103750007573685F616E645F696E76645F72616ED7
:103760006765007A5F696D706C5F7370695F747212
:10377000616E736365697665007A5F696D706C5F11
:103780007370695F72656C65617365007A5F696DFE
:10379000706C5F7274635F7365745F74696D6500EC
:1037A0007A5F696D706C5F7274635F7365745F6379
:1037B000616C6962726174696F6E007A5F696D70C5
:1037C0006C5F7274635F6765745F74696D65007ABE
:1037D0005F696D706C5F7274635F6765745F63616E
:1037E0006C6962726174696F6E007A5F696D706C8A
:1037F0005F7274635F616C61726D5F7365745F7437
:10380000696D65007A5F696D706C5F7274635F618A
:103810006C61726D5F69735F70656E64696E67007D
:103820007A5F696D706C5F7274635F616C61726DF9
:103830005F6765745F74696D65007A5F696D706C50
:103840005F7274635F616C61726D5F6765745F73F3
:103850007570706F727465645F6669656C6473001F
:103860007A5F696D706C5F72657365745F737461A4
:10387000747573007A5F696D706C5F7265736574DF
:103880005F6C696E655F746F67676C65007A5F690E
:103890006D706C5F72657365745F6C696E655F6493
:1038A00065617373657274007A5F696D706C5F72C5
:1038B000657365745F6C696E655F6173736572745F
:1038C000007A5F696D706C5F70776D5F7365745FB0
:1038D0006379636C6573007A5F696D706C5F707794
:1038E0006D5F6765745F6379636C65735F70657244
:1038F0005F736563007A5F696D706C5F70776D5F91
:10390000656E61626C655F63617074757265007A83
:103910005F696D706C5F70776D5F64697361626C15
:10392000655F63617074757265007A5F696D706C54
:103930005F70776D5F636170747572655F637963E3
:103940006C6573007A5F696D706C5F6C6F675F7038
:10395000726F63657373007A5F696D706C5F6C6F13
:10396000675F70616E6963007A5F696D706C5F6C30
:103970006F675F66726F6E74656E645F66696C74A4
:1039800065725F736574007A5F696D706C5F6C6FF0
:10399000675F66696C7465725F736574007A5F69EE
:1039A0006D706C5F6C6F675F62756666657265648B
:1039B0005F636E74007A5F696D706C5F6C6C6578C4
:1039C000745F6765745F666E5F7461626C65007AD0
:1039D0005F696D706C5F6B5F7969656C64007A5FBD
:1039E000696D706C5F6B5F77616B657570007A5F96
:1039F000696D706C5F6B5F75736C656570007A5F85
:103A0000696D706C5F6B5F757074696D655F74690B
:103A1000636B73007A5F696D706C5F6B5F74696D67
:103A200065725F757365725F646174615F736574FD
:103A3000007A5F696D706C5F6B5F74696D65725F52
:103A4000757365725F646174615F676574007A5F46
:103A5000696D706C5F6B5F74696D65725F73746FB5
:103A600070007A5F696D706C5F6B5F74696D657211
:103A70005F7374617475735F73796E63007A5F69E5
:103A80006D706C5F6B5F74696D65725F7374617488
:103A900075735F676574007A5F696D706C5F6B5FEB
:103AA00074696D65725F7374617274007A5F696DB9
:103AB000706C5F6B5F74696D65725F72656D616973
:103AC0006E696E675F7469636B73007A5F696D70AE
:103AD0006C5F6B5F74696D65725F65787069726544
:103AE000735F7469636B73007A5F696D706C5F6B91
:103AF0005F7468726561645F74696D656F75745F2A
:103B000072656D61696E696E675F7469636B73007E
:103B10007A5F696D706C5F6B5F7468726561645F1A
:103B200074696D656F75745F657870697265735FD0
:103B30007469636B73007A5F696D706C5F6B5F743F
:103B400068726561645F73757370656E64007A5F37
:103B5000696D706C5F6B5F7468726561645F7374CC
:103B600061636B5F73706163655F676574007A5F43
:103B7000696D706C5F6B5F7468726561645F7374AC
:103B800061636B5F66726565007A5F696D706C5F1B
:103B90006B5F7468726561645F737461636B5F61AE
:103BA0006C6C6F63007A5F696D706C5F6B5F7468DB
:103BB000726561645F726573756D65007A5F696DCA
:103BC000706C5F6B5F7468726561645F7072696F5F
:103BD000726974795F736574007A5F696D706C5F88
:103BE0006B5F7468726561645F7072696F7269742B
:103BF000795F676574007A5F696D706C5F6B5F7485
:103C000068726561645F6E616D655F736574007A8B
:103C10005F696D706C5F6B5F7468726561645F6E25
:103C2000616D655F636F7079007A5F696D706C5F5D
:103C30006B5F7468726561645F6A6F696E007A5F5A
:103C4000696D706C5F6B5F7468726561645F6465F9
:103C500061646C696E655F736574007A5F696D702D
:103C60006C5F6B5F7468726561645F637573746FBA
:103C70006D5F646174615F736574007A5F696D7014
:103C80006C5F6B5F7468726561645F637573746F9A
:103C90006D5F646174615F676574007A5F696D7000
:103CA0006C5F6B5F7468726561645F637265617499
:103CB00065007A5F696D706C5F6B5F7468726561D7
:103CC000645F61626F7274007A5F696D706C5F6BC4
:103CD0005F7374725F6F7574007A5F696D706C5F8B
:103CE0006B5F737461636B5F70757368007A5F6993
:103CF0006D706C5F6B5F737461636B5F706F70008E
:103D00007A5F696D706C5F6B5F737461636B5F6129
:103D10006C6C6F635F696E6974007A5F696D706C5B
:103D20005F6B5F736C656570007A5F696D706C5F67
:103D30006B5F73656D5F74616B65007A5F696D7051
:103D40006C5F6B5F73656D5F7265736574007A5F3E
:103D5000696D706C5F6B5F73656D5F696E69740030
:103D60007A5F696D706C5F6B5F73656D5F676976B5
:103D700065007A5F696D706C5F6B5F73656D5F6323
:103D80006F756E745F676574007A5F696D706C5FE4
:103D90006B5F73636865645F63757272656E745F91
:103DA0007468726561645F7175657279007A5F69C4
:103DB0006D706C5F6B5F72657363686564756C656D
:103DC000007A5F696D706C5F6B5F71756575655FBB
:103DD0007065656B5F7461696C007A5F696D706CAA
:103DE0005F6B5F71756575655F7065656B5F686555
:103DF0006164007A5F696D706C5F6B5F717565758A
:103E0000655F69735F656D707479007A5F696D7065
:103E10006C5F6B5F71756575655F696E6974007A5B
:103E20005F696D706C5F6B5F71756575655F676508
:103E300074007A5F696D706C5F6B5F717565756535
:103E40005F63616E63656C5F77616974007A5F6957
:103E50006D706C5F6B5F71756575655F616C6C6FC4
:103E6000635F70726570656E64007A5F696D706C17
:103E70005F6B5F71756575655F616C6C6F635F61CA
:103E80007070656E64007A5F696D706C5F6B5F70F7
:103E90006F6C6C5F7369676E616C5F72657365747C
:103EA000007A5F696D706C5F6B5F706F6C6C5F73D5
:103EB00069676E616C5F7261697365007A5F696DD5
:103EC000706C5F6B5F706F6C6C5F7369676E616C59
:103ED0005F696E6974007A5F696D706C5F6B5F70AB
:103EE0006F6C6C5F7369676E616C5F636865636B51
:103EF000007A5F696D706C5F6B5F706F6C6C007ADD
:103F00005F696D706C5F6B5F706970655F77726918
:103F100074655F617661696C007A5F696D706C5F72
:103F20006B5F706970655F7772697465007A5F694D
:103F30006D706C5F6B5F706970655F7265736574DF
:103F4000007A5F696D706C5F6B5F706970655F723E
:103F50006561645F617661696C007A5F696D706C40
:103F60005F6B5F706970655F72656164007A5F693D
:103F70006D706C5F6B5F706970655F707574007AEF
:103F80005F696D706C5F6B5F706970655F696E69AA
:103F900074007A5F696D706C5F6B5F706970655FEC
:103FA000676574007A5F696D706C5F6B5F706970D4
:103FB000655F666C757368007A5F696D706C5F6BC6
:103FC0005F706970655F636C6F7365007A5F696DC0
:103FD000706C5F6B5F706970655F62756666657255
:103FE0005F666C757368007A5F696D706C5F6B5F9C
:103FF000706970655F616C6C6F635F696E69740096
:104000007A5F696D706C5F6B5F6F626A6563745F26
:1040100072656C65617365007A5F696D706C5F6B6A
:104020005F6F626A6563745F616C6C6F635F736915
:104030007A65007A5F696D706C5F6B5F6F626A654D
:1040400063745F616C6C6F63007A5F696D706C5F45
:104050006B5F6F626A6563745F6163636573735FEF
:104060006772616E74007A5F696D706C5F6B5F6D13
:10407000757465785F756E6C6F636B007A5F696DE0
:10408000706C5F6B5F6D757465785F6C6F636B00F0
:104090007A5F696D706C5F6B5F6D757465785F6971
:1040A0006E6974007A5F696D706C5F6B5F6D7367CA
:1040B000715F707574007A5F696D706C5F6B5F6DB6
:1040C0007367715F7075726765007A5F696D706C98
:1040D0005F6B5F6D7367715F7065656B5F617400C7
:1040E0007A5F696D706C5F6B5F6D7367715F706530
:1040F000656B007A5F696D706C5F6B5F6D73677184
:104100005F6E756D5F757365645F676574007A5F78
:10411000696D706C5F6B5F6D7367715F6E756D5FFE
:10412000667265655F676574007A5F696D706C5F64
:104130006B5F6D7367715F6765745F6174747273D1
:10414000007A5F696D706C5F6B5F6D7367715F673D
:104150006574007A5F696D706C5F6B5F6D7367711A
:104160005F616C6C6F635F696E6974007A5F696D23
:10417000706C5F6B5F69735F707265656D70745FA3
:10418000746872656164007A5F696D706C5F6B5F03
:1041900066757465785F77616B65007A5F696D70CD
:1041A0006C5F6B5F66757465785F77616974007AC0
:1041B0005F696D706C5F6B5F666C6F61745F656E7D
:1041C00061626C65007A5F696D706C5F6B5F666CD5
:1041D0006F61745F64697361626C65007A5F696DB9
:1041E000706C5F6B5F6576656E745F776169745F35
:1041F000616C6C007A5F696D706C5F6B5F65766592
:104200006E745F77616974007A5F696D706C5F6B63
:104210005F6576656E745F7365745F6D61736B6502
:1042200064007A5F696D706C5F6B5F6576656E7454
:104230005F736574007A5F696D706C5F6B5F657644
:10424000656E745F706F7374007A5F696D706C5F18
:104250006B5F6576656E745F696E6974007A5F691D
:104260006D706C5F6B5F6576656E745F636C6561C6
:1042700072007A5F696D706C5F6B5F636F6E6476FE
:1042800061725F77616974007A5F696D706C5F6BF2
:104290005F636F6E647661725F7369676E616C00F5
:1042A0007A5F696D706C5F6B5F636F6E647661726D
:1042B0005F696E6974007A5F696D706C5F6B5F63D4
:1042C0006F6E647661725F62726F61646361737452
:1042D000007A5F696D706C5F6B5F627573795F7791
:1042E000616974007A5F696D706C5F6932635F74D5
:1042F00072616E73666572007A5F696D706C5F697A
:1043000032635F7461726765745F64726976657247
:104310005F756E7265676973746572007A5F696D47
:10432000706C5F6932635F7461726765745F647239
:10433000697665725F7265676973746572007A5F2A
:10434000696D706C5F6932635F7265636F76657209
:104350005F627573007A5F696D706C5F6932635F6D
:104360006765745F636F6E666967007A5F696D7019
:104370006C5F6932635F636F6E6669677572650053
:104380007A5F696D706C5F6770696F5F706F727470
:104390005F746F67676C655F62697473007A5F69E9
:1043A0006D706C5F6770696F5F706F72745F73655B
:1043B000745F6D61736B65645F726177007A5F69CA
:1043C0006D706C5F6770696F5F706F72745F73653B
:1043D000745F626974735F726177007A5F696D7090
:1043E0006C5F6770696F5F706F72745F6765745F31
:1043F000726177007A5F696D706C5F6770696F5F7B
:10440000706F72745F6765745F6469726563746905
:104410006F6E007A5F696D706C5F6770696F5F7057
:104420006F72745F636C6561725F626974735F72EF
:104430006177007A5F696D706C5F6770696F5F703C
:10444000696E5F696E746572727570745F636F6EAA
:10445000666967757265007A5F696D706C5F677019
:10446000696F5F70696E5F6765745F636F6E6669C1
:1044700067007A5F696D706C5F6770696F5F706904
:104480006E5F636F6E666967757265007A5F696DEE
:10449000706C5F6770696F5F6765745F70656E648D
:1044A000696E675F696E74007A5F696D706C5F66D4
:1044B0006C6173685F7772697465007A5F696D70AB
:1044C0006C5F666C6173685F736664705F72656170
:1044D00064007A5F696D706C5F666C6173685F72AF
:1044E0006561645F6A656465635F6964007A5F69DA
:1044F0006D706C5F666C6173685F72656164007A91
:104500005F696D706C5F666C6173685F6765745F2F
:1045100077726974655F626C6F636B5F73697A65EC
:10452000007A5F696D706C5F666C6173685F676568
:10453000745F73697A65007A5F696D706C5F666C31
:104540006173685F6765745F706172616D657465E2
:104550007273007A5F696D706C5F666C6173685F1F
:104560006765745F706167655F696E666F5F6279CA
:104570005F6F666673007A5F696D706C5F666C6111
:1045800073685F6765745F706167655F696E666FAA
:104590005F62795F696478007A5F696D706C5F66ED
:1045A0006C6173685F6765745F706167655F636F97
:1045B000756E74007A5F696D706C5F666C617368AC
:1045C0005F666C617474656E007A5F696D706C5FB4
:1045D000666C6173685F66696C6C007A5F696D70A8
:1045E0006C5F666C6173685F65785F6F70007A5F9F
:1045F000696D706C5F666C6173685F65726173652D
:10460000007A5F696D706C5F666C6173685F636F81
:104610007079007A5F696D706C5F656E74726F702F
:10462000795F6765745F656E74726F7079007A5F29
:10463000696D706C5F646D615F73757370656E64D6
:10464000007A5F696D706C5F646D615F73746F7029
:10465000007A5F696D706C5F646D615F7374617225
:1046600074007A5F696D706C5F646D615F72657311
:10467000756D65007A5F696D706C5F646D615F7206
:104680006571756573745F6368616E6E656C007AE1
:104690005F696D706C5F646D615F72656C6561739D
:1046A000655F6368616E6E656C007A5F696D706CE2
:1046B0005F646D615F6368616E5F66696C7465728B
:1046C000007A5F696D706C5F6465766963655F69C8
:1046D000735F7265616479007A5F696D706C5F64A5
:1046E00065766963655F696E6974007A5F696D708C
:1046F0006C5F6465766963655F6765745F62795F47
:1047000064745F6E6F64656C6162656C007A5F698A
:104710006D706C5F6465766963655F6765745F6221
:10472000696E64696E67007A5F696D706C5F64655D
:10473000766963655F6465696E6974007A5F696D47
:10474000706C5F6461635F77726974655F76616CDA
:104750007565007A5F696D706C5F6461635F636843
:10476000616E6E656C5F7365747570007A5F696DFC
:10477000706C5F636F756E7465725F75735F746F75
:104780005F7469636B73007A5F696D706C5F636FF0
:10479000756E7465725F7469636B735F746F5F7558
:1047A00073007A5F696D706C5F636F756E746572AC
:1047B0005F73746F70007A5F696D706C5F636F75A3
:1047C0006E7465725F7374617274007A5F696D7084
:1047D0006C5F636F756E7465725F7365745F746F21
:1047E000705F76616C7565007A5F696D706C5F6390
:1047F0006F756E7465725F7365745F6775617264FF
:104800005F706572696F64007A5F696D706C5F6379
:104810006F756E7465725F7365745F6368616E6EE9
:10482000656C5F616C61726D007A5F696D706C5F61
:10483000636F756E7465725F7265736574007A5F1D
:10484000696D706C5F636F756E7465725F69735FBD
:10485000636F756E74696E675F7570007A5F696DFE
:10486000706C5F636F756E7465725F6765745F7699
:10487000616C75655F3634007A5F696D706C5F637B
:104880006F756E7465725F6765745F76616C756570
:10489000007A5F696D706C5F636F756E7465725FCF
:1048A0006765745F746F705F76616C7565007A5FC1
:1048B000696D706C5F636F756E7465725F67657448
:1048C0005F70656E64696E675F696E74007A5F69B8
:1048D0006D706C5F636F756E7465725F6765745F32
:1048E0006E756D5F6F665F6368616E6E656C730099
:1048F0007A5F696D706C5F636F756E7465725F6708
:1049000065745F6D61785F746F705F76616C7565FB
:10491000007A5F696D706C5F636F756E7465725F4E
:104920006765745F67756172645F706572696F64F3
:10493000007A5F696D706C5F636F756E7465725F2E
:104940006765745F6672657175656E6379007A5F1D
:10495000696D706C5F636F756E7465725F63616EB5
:1049600063656C5F6368616E6E656C5F616C6172DC
:104970006D007A5F696D706C5F63616E5F73746FF9
:1049800070007A5F696D706C5F63616E5F737461F4
:1049900074735F6765745F73747566665F65727262
:1049A0006F7273007A5F696D706C5F63616E5F73C5
:1049B000746174735F6765745F72785F6F76657238
:1049C00072756E73007A5F696D706C5F63616E5FA4
:1049D00073746174735F6765745F666F726D5F6532
:1049E00072726F7273007A5F696D706C5F63616E73
:1049F0005F73746174735F6765745F6372635F652F
:104A000072726F7273007A5F696D706C5F63616E52
:104A10005F73746174735F6765745F6269745F6507
:104A200072726F7273007A5F696D706C5F63616E32
:104A30005F73746174735F6765745F626974315F1B
:104A40006572726F7273007A5F696D706C5F63611B
:104A50006E5F73746174735F6765745F62697430ED
:104A60005F6572726F7273007A5F696D706C5F63FD
:104A7000616E5F73746174735F6765745F61636BAC
:104A80005F6572726F7273007A5F696D706C5F63DD
:104A9000616E5F7374617274007A5F696D706C5FD0
:104AA00063616E5F7365745F74696D696E675F647F
:104AB000617461007A5F696D706C5F63616E5F73D2
:104AC00065745F74696D696E67007A5F696D706C9B
:104AD0005F63616E5F7365745F6D6F6465007A5FBD
:104AE000696D706C5F63616E5F7365745F6269743A
:104AF000726174655F64617461007A5F696D706C86
:104B00005F63616E5F7365745F626974726174651F
:104B1000007A5F696D706C5F63616E5F73656E6470
:104B2000007A5F696D706C5F63616E5F72656D6F57
:104B300076655F72785F66696C746572007A5F692A
:104B40006D706C5F63616E5F7265636F7665720036
:104B50007A5F696D706C5F63616E5F6765745F74C7
:104B600072616E73636569766572007A5F696D70F4
:104B70006C5F63616E5F6765745F74696D696E67B2
:104B80005F6D696E007A5F696D706C5F63616E5F07
:104B90006765745F74696D696E675F6D6178007ACF
:104BA0005F696D706C5F63616E5F6765745F746988
:104BB0006D696E675F646174615F6D696E007A5FD5
:104BC000696D706C5F63616E5F6765745F74696D5A
:104BD000696E675F646174615F6D6178007A5F69B7
:104BE0006D706C5F63616E5F6765745F7374617431
:104BF00065007A5F696D706C5F63616E5F67657495
:104C00005F6D6F6465007A5F696D706C5F63616E84
:104C10005F6765745F6D61785F66696C74657273F8
:104C2000007A5F696D706C5F63616E5F6765745F6A
:104C3000636F72655F636C6F636B007A5F696D7041
:104C40006C5F63616E5F6765745F63617061626909
:104C50006C6974696573007A5F696D706C5F63611C
:104C60006E5F6765745F626974726174655F6D69B8
:104C70006E007A5F696D706C5F63616E5F6765740B
:104C80005F626974726174655F6D6178007A5F69F3
:104C90006D706C5F63616E5F63616C635F74696D9F
:104CA000696E675F64617461007A5F696D706C5FE3
:104CB00063616E5F63616C635F74696D696E6700E9
:104CC0007A5F696D706C5F63616E5F6164645F726F
:104CD000785F66696C7465725F6D736771007A5F87
:104CE000696D706C5F6164635F726561645F61735D
:104CF000796E63007A5F696D706C5F6164635F7287
:104D0000656164007A5F696D706C5F6164635F63A5
:104D100068616E6E656C5F736574757000257320D5
:104D200066756E6374696F6E202569202825702969
:104D3000206F75747369646520746578742072657A
:104D400067696F6E006272696E6775700074656185
:104D500072646F776E006C6C6578745F66735F6CFD
:104D60006F61646572000F010E010D010C010B01F2
:104D70000A010901080107010601050104010301F7
:104D80000201010100015F5F6465766963655F642C
:104D900074735F6F72645F31343900696E74657269
:104DA000727570742D636F6E74726F6C6C65724087
:104DB00034363032323030300044696666657265B0
:104DC0006E7469616C206368616E6E656C732061DE
:104DD0007265206E6F7420737570706F7274656485
:104DE00000496E76616C6964206368616E6E656C03
:104DF000206761696E00496E76616C696420636842
:104E0000616E6E656C207265666572656E636500C5
:104E100053616D706C696E672074696D6520766191
:104E20006C7565206E6F7420737570706F72746529
:104E3000642E004E756D626572206F6620636F6D23
:104E40006D6F6E2073616D706C696E672074696D33
:104E500065206368616E6E656C73206E6F7420737D
:104E60007570706F7274656400496E76616C696408
:104E70002073616D706C696E672074696D650041A7
:104E80004443206F76657272756E206572726F7220
:104E9000206F636375727265642E205573652044BC
:104EA0004D412C2072656475636520636C6F636B84
:104EB00020736F75726365206672657175656E63C8
:104EC000792C20696E6372656173652070726573F9
:104ED00063616C65722076616C7565206F72206904
:104EE0006E6372656173652073616D706C696E6766
:104EF0002074696D65732E0041444320636C6F63B9
:104F00006B207261746520676574206572726F72C0
:104F10002E0041444320436C6F636B2072617465C3
:104F2000206E756C6C004144432070696E6374722E
:104F30006C207365747570206661696C65642028E7
:104F4000256429004E6F206368616E6E656C732066
:104F500073656C656374656400546F6F206D616E7A
:104F600079206368616E6E656C7320666F72207362
:104F7000657175656E6365722E204D61783A2025E6
:104F80006400496E76616C6964207265736F6C753C
:104F900074696F6E0050726F766964656420627523
:104FA0006666657220697320746F6F20736D616C23
:104FB0006C202825752F25752900496E76616C694E
:104FC00064206F76657273616D706C696E67005FE7
:104FD0005F6465766963655F6474735F6F72645F55
:104FE0003137006164634034323032383030300061
:104FF0006164635F73746D33320063616368655F1E
:1050000073746D3332004D736771202570206F7695
:105010006572666C6F7765642E204672616D6520DF
:1050200049443A203078257800657874656E646567
:1050300064007374616E6461726400696E76616CA1
:105040006964206672616D652077697468202573D4
:10505000202825642D626974292043414E2049444B
:1050600020307825302A7800696E76616C6964207A
:1050700066696C74657220776974682025732028CE
:1050800025642D626974292043414E204944203013
:105090007825302A782C2043414E204944206D61E8
:1050A000736B20307825302A780063616E5F636F00
:1050B0006D6D6F6E006661696C656420746F20723F
:1050C0006561642072656720307825303378202848
:1050D00065727220256429006661696C65642074BC
:1050E0006F2077726974652072656720307825308B
:1050F0003378202865727220256429006661696C06
:10510000656420746F20726561642052782046497E
:10511000464F20686561646572202865727220259B
:105120006429006661696C656420746F2072656132
:1051300064205278204649464F20646174612028DB
:1051400065727220256429004672616D652069735D
:1051500020746F6F20626967006661696C65642006
:10516000746F20656E61626C652043414E207472DD
:10517000616E736365697665722028657272202599
:105180006429006661696C656420746F206C6561D8
:10519000766520696E6974206D6F6465202865727C
:1051A000722025642900756E737570706F72746556
:1051B00064206D6F64653A20307825303878004D72
:1051C000657373616765206C6F7374206F6E204622
:1051D00049464F30004D657373616765206C6F738E
:1051E00074206F6E204649464F31006661696C65D8
:1051F0006420746F20726561642074782065766520
:105200006E74206669666F20286572722025642995
:10521000005458204649464F20656C656D656E7494
:10522000206C6F73740041636365737320746F2027
:105230007265736572766564206164647265737308
:10524000004D6573736167652052414D2061636352
:10525000657373206661696C75726500756E737530
:1052600070706F727465642043414E206672616D88
:105270006520666C61677320307825303278004392
:10528000414E20464420666F726D6174206E6F74CB
:1052900020737570706F7274656420696E206E6F14
:1052A0006E2D4644206D6F64650064617461206CEE
:1052B000656E6774682028257A7529203E206D6107
:1052C00078206672616D652064617461206C656E22
:1052D0006774682028257A752900444C43206F663E
:1052E00020256420666F722043414E20464420668C
:1052F0006F726D6174206672616D6500444C43206D
:105300006F6620256420666F72206E6F6E2D464496
:1053100020666F726D6174206672616D65006661F2
:10532000696C656420746F207772697465205478A5
:105330002042756666657220686561646572202822
:1053400065727220256429006661696C6564207449
:105350006F2077726974652054782042756666659F
:1053600072206461746120286572722025642900AE
:105370006661696C656420746F207772697465205A
:105380007374642066696C74657220656C656D6504
:105390006E74202865727220256429004E6F206685
:1053A000726565207374616E646172642069642043
:1053B00066696C746572206C65667400756E7375D1
:1053C00070706F727465642043414E2066696C741E
:1053D000657220666C616773203078253032780002
:1053E0004E6F206672656520657874656E646564CD
:1053F0002069642066696C746572206C656674004F
:1054000066696C746572204944202564206F757448
:10541000206F6620626F756E6473006661696C65EB
:105420006420746F20636C656172206578742066F7
:10543000696C74657220656C656D656E7420286595
:10544000727220256429006661696C656420746F3E
:1054500020636C656172207374642066696C746586
:105460007220656C656D656E7420286572722025EA
:105470006429004661696C656420746F20656E74F0
:10548000657220696E6974206D6F6465006661697C
:105490006C656420746F2064697361626C6520437D
:1054A000414E207472616E7363656976657220285F
:1054B00065727220256429004661696C65642074F8
:1054C0006F206578697420736C656570206D6F64FA
:1054D000650043414E207472616E73636569766541
:1054E00072206E6F742072656164790043616E276B
:1054F000742066696E642074696D696E6720666FDA
:105500007220676976656E20706172616D0043611B
:105510006E27742066696E642074696D696E6720F9
:10552000666F7220676976656E2064617461706869
:1055300061736520706172616D006661696C65649C
:1055400020746F207365742074696D696E672028FC
:1055500065727220256429006661696C6564207437
:105560006F20736574206461746120706861736575
:105570002074696D696E6720286572722025642920
:10558000000001020304050607080C10141820305F
:105590004063616E5F6D63616E0043414E207069D0
:1055A0006E6374726C207365747570206661696CCB
:1055B0006564202825642900436F756C64206E6F34
:1055C000742073656C6563742063616E5F73746DC2
:1055D0003332666420646F6D61696E20636C6F6343
:1055E0006B00436F756C64206E6F74207475726EFF
:1055F000206F6E2043414E20636C6F636B20282523
:105600006429004661696C65642063616C6C206389
:105610006C6F636B5F636F6E74726F6C5F676574E2
:105620005F726174652870636C6B5B315D29004645
:1056300061696C65642063616C6C20636C6F636B83
:105640005F636F6E74726F6C5F6765745F726174B5
:10565000652870636C6B5B305D29005F5F64657605
:105660006963655F6474735F6F72645F353500638F
:10567000616E4034303030613430300063616E5FD1
:1056800073746D33326664005F5F64657669636569
:105690005F6474735F6F72645F313436006D636F83
:1056A00031005F5F6465766963655F6474735F6F23
:1056B00072645F3900726363403436303230633075
:1056C0003000436F756C64206E6F7420696E69746E
:1056D00069616C697A6520636C6F636B202825644F
:1056E0002900436F756C64206E6F74206F62746163
:1056F000696E2074696D657220636C6F636B20281E
:1057000025642900726573657420636F6E74726F0F
:105710006C6C6572206E6F742072656164790043F1
:105720006F756C64206E6F7420696E697469616C4A
:10573000697A652074696D6572005F5F646576697A
:1057400063655F6474735F6F72645F323135004C00
:1057500045445F4D41545249585F434F554E54455F
:1057600052005F5F6465766963655F6474735F6F41
:1057700072645F32313200534552564F5F434F558A
:105780004E54455200636F756E7465725F74696D37
:1057900065725F73746D3332004368616E6E656C61
:1057A000202564206973206E6F742076616C6964B3
:1057B000005265736F6C7574696F6E206E6F742024
:1057C000737570706F727465640056616C756520D6
:1057D0002564206973206F7574206F662072616E76
:1057E0006765004441432070696E6374726C207376
:1057F00065747570206661696C656420282564296C
:10580000005F5F6465766963655F6474735F6F7280
:10581000645F35380064616340343630323138308B
:1058200030006461635F73746D333200636C6F6367
:105830006B206F70206661696C65640A0074633A5E
:105840002025642C2068743A2025642C206474651B
:105850003A2025642C20756C653A2025642C20752F
:1058600073653A202564005472616E736665722018
:105870004572726F722E0063616E6E6F7420636F7B
:105880006E6669677572652074686520646D612055
:1058900073747265616D2025642E00646D612073E0
:1058A000747265616D202564206973206275737957
:1058B0002E00636F756C64206E6F74206469736171
:1058C000626C6520646D612073747265616D202562
:1058D000642E00446174612073697A6520746F6F6F
:1058E000206269673A2025640A00736F75726365E8
:1058F00020616E6420646573742064617461207338
:10590000697A65206469666665722E00736F7572C8
:10591000636520616E64206465737420756E6974BC
:105920002073697A65206572726F722C202564007D
:10593000736F757263655F62756666657220616418
:105940006472657373206973206E756C6C2E0064CD
:105950006573745F62756666657220616464726502
:105960007373206973206E756C6C2E005072696FB2
:1059700072697479206572726F722E2025640044FA
:105980006972656374696F6E206572726F722E2022
:105990002564004D656D6F727920696E6372656D67
:1059A000656E74206572726F722E202564005065DA
:1059B0007269706820696E6372656D656E742065CA
:1059C00072726F722E202564005F5F646576696372
:1059D000655F6474735F6F72645F31353700646D47
:1059E0006140343030323030303000646D615F738C
:1059F000746D3332005F5F6465766963655F6474FC
:105A0000735F6F72645F31353500726E6740343298
:105A100030633038303000526561642072616E67E7
:105A20006520696E76616C69642E204F66667365C9
:105A3000743A20256C642C206C656E3A20257A75AA
:105A40000054696D656F7574212076616C3A20256C
:105A500064206D730045726173652072616E6765C5
:105A600020696E76616C69642E204F66667365747A
:105A70003A20256C642C206C656E3A20257A7500DE
:105A800057726974652072616E676520696E766110
:105A90006C69642E204F66667365743A20256C64C9
:105AA0002C206C656E3A20257A75005F5F64657600
:105AB0006963655F6474735F6F72645F313832006D
:105AC000666C6173682D636F6E74726F6C6C657257
:105AD00040343030323230303000666C6173685F91
:105AE00073746D3332004E534352206C6F636B6599
:105AF000640A004F666673657420256420646F65D0
:105B000073206E6F7420657869737400576F7264C8
:105B1000206174206F66667320256C64206E6F743C
:105B20002065726173656400666C6173685F73748D
:105B30006D33326C35005F5F6465766963655F6401
:105B400074735F6F72645F3630006770696F4034E2
:105B500032303232303030005F5F646576696365C1
:105B60005F6474735F6F72645F3932006770696F6E
:105B7000403432303231633030005F5F64657669C3
:105B800063655F6474735F6F72645F39310067705F
:105B9000696F403432303231383030005F5F6465D5
:105BA000766963655F6474735F6F72645F35390033
:105BB0006770696F403432303231343030005F5FAB
:105BC0006465766963655F6474735F6F72645F397F
:105BD00030006770696F403432303231303030001D
:105BE0005F5F6465766963655F6474735F6F726439
:105BF0005F3839006770696F40343230323063305B
:105C000030005F5F6465766963655F6474735F6FBE
:105C100072645F3838006770696F403432303230F8
:105C2000383030005F5F6465766963655F64747304
:105C30005F6F72645F3837006770696F403432306D
:105C40003230343030005F5F6465766963655F646D
:105C500074735F6F72645F3836006770696F4034C9
:105C60003230323030303000693263004932432004
:105C7000636F6E74726F6C6C6572206E6F742063EC
:105C80006F6E666967757265640025733A20696E88
:105C900076616C6964206D6F6465202569004661DA
:105CA000696C65642063616C6C20636C6F636B5F0F
:105CB000636F6E74726F6C5F6765745F7261746539
:105CC0002870636C6B656E5B305D2900496E766190
:105CD0006C69642049324320626974207261746582
:105CE0002076616C7565006932633A206661696C83
:105CF00075726520696E697469616C697A696E672D
:105D0000005F5F6465766963655F6474735F6F727B
:105D1000645F3335006932634034303030383430BA
:105D200030005F5F6465766963655F6474735F6F9D
:105D300072645F3239006932634034363030323851
:105D40003030005F5F6465766963655F6474735FBC
:105D50006F72645F32350069326340343030303501
:105D6000383030006932635F6C6C5F73746D33324E
:105D7000004932432070696E6374726C20736574DD
:105D80007570206661696C65642028256429006946
:105D900032633A206661696C75726520656E616276
:105DA0006C696E6720636C6F636B006932635F6C54
:105DB0006C5F73746D33325F636F6D6D6F6E004532
:105DC00072726F7220636F6E74696E75696E672090
:105DD00072656164696E67004572726F7220696EE8
:105DE0006974696174696E672077726974696E6736
:105DF000004572726F7220696E6974696174696EB0
:105E0000672072656164696E67006932633A207366
:105E1000706565642061626F7665202266617374C7
:105E200022207265717569726573206D616E75618E
:105E30006C2074696D696E6720636F6E6669677543
:105E4000726174696F6E2C20736565202274696DB0
:105E5000696E6773222070726F7065727479206F3B
:105E6000662073742C73746D33322D6932632D7612
:105E70003220646576696365747265652062696E57
:105E800064696E67004932433A6661696C656420F3
:105E9000746F2066696E64207072657363616C65EF
:105EA000722076616C7565006932635F6C6C5F733C
:105EB000746D33325F763200496E76616C696420AE
:105EC0006368616E6E656C20282564290043616EED
:105ED0006E6F74207365742050574D206F75747009
:105EE00075742C2076616C756520657863656564D2
:105EF000732031362D6269742074696D6572206C6F
:105F0000696D69742E004368616E6E656C2025644E
:105F100020686173204E4F20636F6D706C656D65F6
:105F20006E74617279206F757470757400436F754B
:105F30006C64206E6F7420696E697469616C697A33
:105F4000652074696D6572206368616E6E656C2092
:105F50006F75747075740050574D2070696E63745E
:105F6000726C207365747570206661696C6564205D
:105F700028256429005F5F6465766963655F6474E2
:105F8000735F6F72645F3132300070776D005F5FF6
:105F90006465766963655F6474735F6F72645F31B3
:105FA0003131005F5F6465766963655F6474735F58
:105FB0006F72645F313036005F5F64657669636578
:105FC0005F6474735F6F72645F313032005F5F646F
:105FD00065766963655F6474735F6F72645F393798
:105FE000005F5F6465766963655F6474735F6F7299
:105FF000645F3131370070776D5F73746D333200D9
:1060000000020406080A0C0E10140000080000002C
:1060100008000008000000000404040438385F5F32
:106020006465766963655F6474735F6F72645F361D
:10603000330072657365742D636F6E74726F6C6C70
:106040006572004E554C4C20706F696E746572001D
:10605000696E76616C696420616C61726D2049447F
:10606000202564004E554C4C206D61736B20706F81
:10607000696E746572004E554C4C207274635F7487
:10608000696D6520706F696E74657200636C6F6313
:106090006B20636F6E666967757265206661696CF7
:1060A00065640A00756E737570706F727465642034
:1060B000616C61726D202564206669656C64206D79
:1060C00061736B203078253034780074696D6570A9
:1060D000747220697320696E76616C696400436F25
:1060E000756C64206E6F7420696E697469616C6987
:1060F0007A6520416C61726D202564005F5F646584
:10610000766963655F6474735F6F72645F3135369F
:106110000072746340343630303738303000727477
:10612000635F73746D333200556E61626C65207409
:106130006F2073657420257320746F2025640043DD
:106140006F756C64206E6F7420656E61626C652083
:10615000284C50295541525420636C6F636B0025C5
:106160007320646F6573206E6F7420737570706F29
:1061700072742064726976657220656E61626C6506
:10618000005F5F6465766963655F6474735F6F72F7
:10619000645F37320073657269616C403436303049
:1061A00032343030005F5F6465766963655F6474C4
:1061B000735F6F72645F36340073657269616C403F
:1061C0003430303034383030005F5F646576696376
:1061D000655F6474735F6F72645F363700736572F6
:1061E00069616C4034303031333830300075617261
:1061F000745F73746D33320025733A206572723D9B
:10620000256400436F756C64206E6F7420656E6149
:10621000626C652053504920636C6F636B00535070
:10622000492070696E6374726C2073657475702098
:106230006661696C65642028256429004353204702
:1062400050494F20706F72742025732070696E2042
:106250002564206973206E6F742072656164790013
:10626000556E737570706F727465642066726571B7
:1062700075656E6379202575487A2C206D617820CC
:106280002575487A2C206D696E202575487A005452
:10629000696D656F75742077616974696E672066D2
:1062A0006F72207472616E7366657220636F6D70B9
:1062B0006C657465007370695F73746D33325F670A
:1062C00065745F657272005F5F6465766963655FC0
:1062D0006474735F6F72645F383500737069403443
:1062E00036303032303030005F5F64657669636528
:1062F0005F6474735F6F72645F38300073706940FD
:106300003430303033383030007370695F6C6C5F1C
:1063100073746D3332007379735F636C6F636B5F9B
:106320006379636C655F6765745F363400000000F5
:10633000000000000001020304060708092A2A2AB7
:1063400020426F6F74696E67205A65706879722099
:106350004F53206275696C642076342E322E302DB6
:1063600036302D67333864333866306166323639FB
:10637000202A2A2A0A0048616C74696E67207379A2
:106380007374656D00556E6B6E6F776E20657272FB
:106390006F7200756E6B6E6F776E003E3E3E205AD8
:1063A000455048595220464154414C204552524F85
:1063B000522025643A202573206F6E2043505520CB
:1063C0002564004661756C7420647572696E67207F
:1063D000696E746572727570742068616E646C6940
:1063E0006E670A0043757272656E74207468726518
:1063F00061643A20257020282573290043505520D8
:10640000657863657074696F6E00556E68616E645F
:106410006C656420696E7465727275707400537473
:1064200061636B206F766572666C6F77004B657287
:106430006E656C206F6F7073004B65726E656C20BB
:1064400070616E69630069646C6500617263685FA6
:106450007370696E5F72656C617800737973776FC2
:10646000726B710064756D6D7900736C6565706930
:106470006E6700646561640073757370656E646552
:10648000640061626F7274696E6700737573706522
:106490006E64696E67007175657565640074696422
:1064A00020257020697320696E2075736521007343
:1064B0007461636B202570206973206E6F74206196
:1064C0006C6C6F636174656421001F1C1F1E1F1EAE
:1064D0001F1F1E1F1E1F1F1D1F1E1F1E1F1F1E1FD3
:1064E0001E1F545A00474D54002531315B2D2B306F
:1064F0002D39412D5A612D7A5D256E002531315B94
:10650000412D5A612D7A5D256E004D256875256EE9
:106510002E256875256E2E256875256E002F256839
:1065200075256E3A256875256E3A256875256E00C5
:10653000616E006E66696E697479006E616E002826
:106540006E756C6C29006364696E6F707375785832
:106550005B65666745464700616E006E66696E69F9
:04656000747900004A
:106564000000000000000000000000000000000027
:10657400DD1501080000000000000000000000001C
:1065840020000020200000204774010800000000C3
:1065940000000000000000000000000000000000F7
:1065A4004000002040000020000000000100000026
:1065B4005000002050000020580000205800002007
:1065C40000000000010000006800002068000020B6
:1065D40000000000000000000000000000000000B7
:1065E40000000000000000000000000000000000A7
:1065F4000000000000000000000000000000000097
:106604000000000000000000000000000000000086
:106614000000000000000000EB660108356B010873
:1066240094D4010800000000CCD40108000000004C
:10663400E37001080000000000000000DC000020FE
:10664400DC00002000000000000000000E0000003C
:10665400F0000020F0000020000000000000000016
:106664000E00000000080C420000000000000000C2
:106674000000000000000000000000000000000016
:106684000000000000000000000000000000000006
:1066940000000000000000000000000000000000F6
:1066A40000000000000000000000000000000000E6
:1066B40000000000000000000000000000000000D6
:1066C40000000000000000000000000000000000C6
:1066D400740100208C00000000000400002002402F
:1066E40000000000000000000000000000000000A6
:1066F40000000000000000000000000030B70108A6
:106704008D0F00000000000030B70108830E000068
:106714000000000030B70108820E000000000000F5
:1067240030B70108810E00000000000030B70108F6
:10673400800E00000000000030B701088B0F00003D
:1067440000000000F0010020000000000000000034
:1067540000C2010000010300000000000802002044
:10676400000000000000000000C20100000103005E
:1067740000000000200200200000000000000000D3
:1067840000C201000001030000000000000000003E
:1067940024DE010800000000380200203802002036
:1067A4000000000001000000480200204802002010
:1067B40050020020500200200000000001000000F0
:1067C40060020020600200200000000000000000C1
:1067D40000000000000000000000000000000000B5
:1067E40000000000000000000000000000000000A5
:1067F4000000000000000000000000000000000095
:10680400000000000000000084DE01080000000019
:10681400B0020020B00200200000000001000000CF
:10682400C0020020C0020020C8020020C8020020CC
:106834000000000001000000D8020020D80200205F
:106844000000000000000000000000000000000044
:106854000000000000000000000000000000000034
:106864000000000000000000000000000000000024
:10687400000000000000000000093D00C800000006
:1068840020030020200300202803002028030020E8
:1068940002000000010000006C1E00200000000047
:1068A400E5640308E5640308F81F002003FFFFFF05
:0F68B400FFFFFFFFFFFFFFFFFFFFFFFFFF0200E0
:1068C40000000000717001080000000071700108F0
:1068D40028B9010839DF00080000000071700108C0
:1068E40000000000717001080000000071700108D0
:1068F40000000000717001080000000071700108C0
:1069040000000000717001080000000071700108AF
:106914000000000071700108844D0308318E0008E6
:10692400824D0308318E0008804D0308318E000823
:106934007E4D0308318E00087C4D0308318E00081B
:106944007A4D0308318E0008784D0308318E000813
:10695400764D0308318E0008744D0308318E00080B
:10696400724D0308318E0008704D0308318E000803
:106974006E4D0308318E00086C4D0308318E0008FB
:106984006A4D0308318E0008684D0308318E0008F3
:10699400664D0308318E0008000000007170010884
:1069A400000000007170010878B70108BD7F01087C
:1069B40078B70108C37F010878B70108C97F0108C7
:1069C40078B70108CF7F010878B70108D57F01089F
:1069D40078B70108DB7F010878B70108E17F010877
:1069E40078B70108E77F010800000000CD90000897
:1069F4000000000071700108F8BB010875A20008CE
:106A0400F8BB0108CDA10008000000007170010866
:106A1400000000007170010800000000717001089E
:106A2400000000007170010800000000717001088E
:106A3400000000007170010800000000717001087E
:106A4400000000007170010800000000717001086E
:106A5400000000007170010800000000717001085E
:106A6400000000007170010800000000717001084E
:106A7400000000007170010800000000717001083E
:106A84000000000071700108B4BA0108DD85010836
:106A9400B4BA0108E1850108000000007170010822
:106AA400D4BB01089F92010894B90108ED8A01083A
:106AB400000000007170010870B90108ED8A010836
:106AC40000000000717001080000000071700108EE
:106AD4004CB90108ED8A010800000000717001083A
:106AE40000000000717001080000000071700108CE
:106AF400DCB901084D7D0108B8B901084D7D0108D4
:106B040000000000717001080000000071700108AD
:106B1400000000007170010800000000717001089D
:106B2400000000007170010800000000717001088D
:106B3400000000007170010800000000717001087D
:106B440078B70108ED7F010878B70108F37F0108E1
:106B540078B70108F97F010878B70108FF7F0108B9
:106B640078B701080580010878B701080B8001088F
:106B740078B701081180010878B701081780010867
:106B840090BA0108DD85010890BA0108E185010881
:106B9400000000007170010800000000717001081D
:106BA400000000007170010800000000717001080D
:106BB40004010020B1C40008000000007170010845
:106BC40000000000717001080000000071700108ED
:106BD4000000000071700108B0BB01089F92010819
:106BE4006CBA0108E18501086CBA0108DD85010869
:106BF40000000000717001080000000071700108BD
:106C040000000000717001080000000071700108AC
:106C1400000000007170010800000000717001089C
:106C2400000000007170010800000000717001088C
:106C3400000000007170010800000000717001087C
:106C4400000000007170010800000000717001086C
:106C5400000000007170010800000000717001085C
:106C6400000000007170010800000000717001084C
:106C7400000000007170010800000000717001083C
:106C8400000000007170010800000000717001082C
:106C9400000000007170010800000000717001081C
:086CA4000000000071700108FE
:106CAC0000000000000000000000000000000000D8
:106CBC0000000000000000000000000000000000C8
:106CCC0000000000000000000000000000000000B8
:106CDC0000000000000000000000000000000000A8
:106CEC000000000000000000000000000000000098
:106CFC000000000000000000000000000000000088
:106D0C000000000000000000000000000000000077
:106D1C000000000000000000000000000000000067
:106D2C000000000000000000000000000000000057
:106D3C000000000000000000000000000000000047
:106D4C000000000000000000000000000000000037
:106D5C000000000000000000000000000000000027
:106D6C000000000000000000000000000000000017
:106D7C000000000000000000000000000000000007
:106D8C0000000000000000000000000000000000F7
:106D9C0000000000000000000000000000000000E7
:106DAC0000000000000000000000000000000000D7
:106DBC0000000000000000000000000000000000C7
:106DCC0000000000000000000000000000000000B7
:106DDC0000000000000000000000000000000000A7
:106DEC000000000000000000000000000000000097
:106DFC000000000000000000000000000000000087
:106E0C000000000000000000000000000000000076
:106E1C000000000000000000000000000000000066
:106E2C000000000000000000000000000000000056
:106E3C000000000000000000000000000000000046
:106E4C000000000000000000000000000000000036
:106E5C000000000000000000000000000000000026
:106E6C000000000000000000000000000000000016
:106E7C000000000000000000000000000000000006
:106E8C0000000000000000000000000000000000F6
:106E9C0000000000000000000000000000000000E6
:106EAC0000000000000000000000000000000000D6
:106EBC0000000000000000000000000000000000C6
:106ECC0000000000000000000000000000000000B6
:106EDC0000000000000000000000000000000000A6
:106EEC000000000000000000000000000000000096
:106EFC000000000000000000000000000000000086
:106F0C000000000000000000000000000000000075
:106F1C000000000000000000000000000000000065
:106F2C000000000000000000000000000000000055
:106F3C000000000000000000000000000000000045
:106F4C000000000000000000000000000000000035
:106F5C000000000000000000000000000000000025
:106F6C000000000000000000000000000000000015
:106F7C000000000000000000000000000000000005
:106F8C0000000000000000000000000000000000F5
:106F9C0000000000000000000000000000000000E5
:106FAC0000000000000000000000000000000000D5
:106FBC0000000000000000000000000000000000C5
:106FCC0000000000000000000000000000000000B5
:106FDC0000000000000000000000000000000000A5
:106FEC000000000000000000000000000000000095
:106FFC000000000000000000000000000000000085
:10700C000000000000000000000000000000000074
:10701C000000000000000000000000000000000064
:10702C000000000000000000000000000000000054
:10703C000000000000000000000000000000000044
:10704C000000000000000000000000000000000034
:10705C000000000000000000000000000000000024
:10706C000000000000000000000000000000000014
:10707C000000000000000000000000000000000004
:10708C0000000000000000000000000000000000F4
:10709C0000000000000000000000000000000000E4
:1070AC0000000000000000000000000000000000D4
:1070BC0000000000000000000000000000000000C4
:1070CC0000000000000000000000000000000000B4
:1070DC0000000000000000000000000000000000A4
:1070EC000000000000000000000000000000000094
:1070FC000000000000000000000000000000000084
:10710C000000000000000000000000000000000073
:10711C000000000000000000000000000000000063
:10712C000000000000000000000000000000000053
:10713C000000000000000000000000000000000043
:10714C000000000000000000000000000000000033
:10715C000000000000000000000000000000000023
:10716C000000000000000000000000000000000013
:10717C000000000000000000000000000000000003
:10718C0000000000000000000000000000000000F3
:10719C0000000000000000000000000000000000E3
:1071AC0000000000000000000000000000000000D3
:1071BC0000000000000000000000000000000000C3
:1071CC0000000000000000000000000000000000B3
:1071DC0000000000000000000000000000000000A3
:1071EC000000000000000000000000000000000093
:1071FC000000000000000000000000000000000083
:10720C000000000000000000000000000000000072
:10721C000000000000000000000000000000000062
:10722C000000000000000000000000000000000052
:10723C000000000000000000000000000000000042
:10724C000000000000000000000000000000000032
:10725C000000000000000000000000000000000022
:10726C000000000000000000000000000000000012
:10727C000000000000000000000000000000000002
:10728C0000000000000000000000000000000000F2
:10729C0000000000000000000000000000000000E2
:1072AC0000000000000000000000000000000000D2
:1072BC0000000000000000000000000000000000C2
:1072CC0000000000000000000000000000000000B2
:1072DC0000000000000000000000000000000000A2
:1072EC000000000000000000000000000000000092
:1072FC000000000000000000000000000000000082
:10730C000000000000000000000000000000000071
:10731C000000000000000000000000000000000061
:10732C000000000000000000000000000000000051
:10733C000000000000000000000000000000000041
:10734C000000000000000000000000000000000031
:10735C000000000000000000000000000000000021
:10736C000000000000000000000000000000000011
:10737C000000000000000000000000000000000001
:10738C0000000000000000000000000000000000F1
:10739C0000000000000000000000000000000000E1
:1073AC0000000000000000000000000000000000D1
:1073BC0000000000000000000000000000000000C1
:1073CC0000000000000000000000000000000000B1
:1073DC0000000000000000000000000000000000A1
:1073EC000000000000000000000000000000000091
:1073FC000000000000000000000000000000000081
:10740C000000000000000000000000000000000070
:10741C000000000000000000000000000000000060
:10742C000000000000000000000000000000000050
:10743C000000000000000000000000000000000040
:10744C000000000000000000000000000000000030
:10745C000000000000000000000000000000000020
:10746C000000000000000000000000000000000010
:10747C000000000000000000000000000000000000
:10748C0000000000000000000000000000000000F0
:10749C0000000000000000000000000000000000E0
:1074AC0000000000000000000000000000000000D0
:1074BC0000000000000000000000000000000000C0
:1074CC0000000000000000000000000000000000B0
:1074DC0000000000000000000000000000000000A0
:1074EC000000000000000000000000000000000090
:1074FC000000000000000000000000000000000080
:10750C00000000000000000000000000000000006F
:10751C00000000000000000000000000000000005F
:10752C00000000000000000000000000000000004F
:10753C00000000000000000000000000000000003F
:10754C00000000000000000000000000000000002F
:10755C00000000000000000000000000000000001F
:10756C00000000000000000000000000000000000F
:10757C0000000000000000000000000000000000FF
:10758C0000000000000000000000000000000000EF
:10759C0000000000000000000000000000000000DF
:1075AC0000000000000000000000000000000000CF
:1075BC0000000000000000000000000000000000BF
:1075CC0000000000000000000000000000000000AF
:1075DC00000000000000000000000000000000009F
:1075EC00000000000000000000000000000000008F
:1075FC00000000000000000000000000000000007F
:10760C00000000000000000000000000000000006E
:10761C00000000000000000000000000000000005E
:10762C00000000000000000000000000000000004E
:10763C00000000000000000000000000000000003E
:10764C00000000000000000000000000000000002E
:10765C00000000000000000000000000000000001E
:04766C00000000001A
:10767000000000000000000000000000000000000A
:1076800000000000000000000000000000000000FA
:1076900000000000000000000000000000000000EA
:1076A00000000000000000000000000000000000DA
:0C76B000000000000000000000000000CE
:0476BC0000000000CA
:1076C0000000000088B004200080000000000000DE
:1076D0000000000000000000000000002820002042
:1076E0000000040000000000000000000000000096
:1076F0008C1100208C110020000000000000000010
:047700000E00000077
:10770400A0110020A011002000000000083905206D
:0C77140008390520303905200000000075
:0477200015E015E07B
:040000050800760178
:00000001FF
